time,FINAL TIME,INITIAL TIME,SAVEPER,TIME STEP,business construction,GDPGN,housing construction,net births,outmigration,inmigration,Population,AREA,attractiveness from jobs multiplier,attractiveness from housing multiplier,BCN,BDN,BN,business demolition,business labor force multiplier,business land multiplier,Business structures,DN,HCN,HDN,households to housing ratio,Housing,housing availability multiplier,housing demolition,housing land multiplier,HS,IMN,jobs,JPBS,labor force,labor to job ratio,land fraction occupied,LPBS,LPF,LPH,OMN,gdp growth rate,business income multiplier,increase amount,average monthly income 95,average monthly income 25,average monthly income 50,income 95 multiplier,income 50 multiplier,average monthly income,income 25 multiplier,labor force income multiplier,IMI50,IMI95,IMI25,change to ticket cost,Public Transport Ticket Cost,TCI,Number of Bus Routes,Number of Railway Lines,ITBR,Number of Trips per Bus Route,Number of Trips per Railway line,ILRR,increasing railway trips,increaing bus trips,ITRR,daily railway capacity,Daily railway trips,increasing railway lines,increasing bus routes,IRBR,number of trains,MAX CAPACITY RAILWAY,VEHICLES PER LINE,number of bus,VEHICLES PER ROUTE,MAX CAPACITY BUS,daily bus capacity,Daily bus trips,CAR COST KM,Road available,road construction,RCR,WELL TO TANK CO2 EMISSION RAILWAY ELECTRICITY,emissions of greenhouse gases mobility,railway electricity co2 emission,bus electricity activity,bus natural gas activity,AVERAGE DISTANCE RAILWAY TRIP,ENERGY INTENSITY PER KM RAILWAY ELECTRICITY,TANK TO WHEEL CO2 EMISSION RAILWAY ELECTRICITY,PERCENTAGE BUS DIESEL,PERCENTAGE BUS ELECTRICITY,PERCENTAGE BUS NATURAL GAS,GHC CORRECTION BUS ELECTRICITY,railway activity per year,bus electricity co2 emission,bus diesel co2 emission,bus diesel activity,ENERGY INTENSITY PER KM BUS NATURAL GAS,bus natural gas co2 emission,GHC CORRECTION RAILWAY ELECTRICITY,WELL TO TANK CO2 EMISSION NATURAL GAS,TANK TO WHEEL CO2 EMISSION BUS NATURAL GAS,ENERGY INTENSITY PER KM BUS ELECTRICITY,WELL TO TANK CO2 EMISSION BUS ELECTRICITY,GHC CORRECTION BUS NATURAL GAS,TANK TO WHEEL CO2 EMISSION BUS ELECTRICITY,DIESEL PETROL RATIO,car diesel co2 emissions,INITIAL RATIO CAR PETROL,percentage car diesel,percentage car petrol,INITIAL RATIO CAR DIESEL,INITIAL RATIO CAR ELECTRICITY,percentage car eletricity,GHC CORRECTION CAR DIESEL,GHC CORRECTION CAR ELECTRICITY,GHC CORRECTION CAR PETROL,AVERAGE DISTANCE BUS ROUTES,AVERAGE DISTANCE CAR,bus activity per year,WELL TO TANK CO2 EMISSION CAR DIESEL,car activity per year,car diesel activity,car electricity activity,car electricity co2 emission,car petrol activity,car petrol co2 emission,ENERGY INTENSITY PER KM CAR PETROL,WELL TO TANK CO2 EMISSION BUS DIESEL,GHC CORRECTION BUS DIESEL,ENERGY INTENSITY PER KM BUS DIESEL,ENERGY INTENSITY PER KM CAR DIESEL,ENERGY INTENSITY PER KM CAR ELECTRICITY,TANK TO WHEEL CO2 EMISSION CAR ELECTRICITY,TANK TO WHEEL CO2 EMISSION BUS DIESEL,WELL TO TANK CO2 EMISSION CAR ELECTRICITY,TANK TO WHEEL CO2 EMISSION CAR DIESEL,TANK TO WHEEL CO2 EMISSION CAR PETROL,WELL TO TANK CO2 EMISSION CAR PETROL,emissions per year,CO2 CAPTURE PER GREEN AREA,co2 capture green spaces,CO2 CAPTURE PER M2 BODY OF WATER,co2 capture sea river,CO2 TECHNOLOGIES CAPTURE,emissions of greenhouse gases business,BODY OF WATER M2,GREEN AREA,EpB,Affordability of public transport for the poorest group,daily walk trips,daily chosen bus,daily chosen railway,daily chosen car,construction,Land Use for mobility,Motorization rate number of motorized vehicles per 1000 inhabitants,Railway Daily Occupancy rate,number of mototized private vehicles,Emissions of greenhouse gases,TPC,PRIVATE PARKING CONSTRUCTION,BUS Daily Occupancy rate,PEDESTRIAN SIDEWALK CONSTRUCTION,Mobility space usage
2021,2071,2021,1,1,1288.3996120902839,0.05,109.61610716710783,-308.1555000000001,3562.0125,12345.000902927126,165675.0,22814900.0,0.9999995069116624,1.1088303073022072,0.0284,0.0145,0.00844,233.711,2.0,1.408939990970813,16118.0,0.0103,0.001462,0,0.854892923597057,74537.0,0.7823393853955855,0.0,1.2857599638832518,2.6,0.0672,37071.399999999994,2.3,109676.85,2.958530025842024,0.31787998194162587,80,0.662,80,0.0215,0.025,0.0,35.25,3389.0,736.7118165890687,1035.0,2.40354609929078,0.7340425531914894,1410.0,0.5964539007092199,-0.07396325064605061,1035,3389,841,0.0,0.9,0,94,2,0.0,18.489,75,0,0,0.0,0,28500,150,0,0,0,20,190,10,61.1,0.65,80,139037.28,1737.9660000000001,0.268,400000,0,0,0.5,23963.444607879504,66.931875,517001.43585,7961822.11209,16.3,0.15,0,0.18,0.05,0.77,0.1,892425.0,124.08034460400002,6154.633253047608,1861205.16906,0.5,15256.841622292462,0.1,1,2.75,1.2,0.2,0.03,0,3.91210447011552,615.1323780822528,0.1991,0.1991,0.7788999999999999,0.7789,0.022,0.022,0.01,0.1,0.02,16.3,12.8,10340028.717,0.6,15571776.0,3100340.6016,342579.072,13.703162880000002,12128856.326399999,1732.121971973184,0.05,0.6,0.01,1,0.06,0.2,0,2.68,0.2,2.68,2.31,0.5,6923.071607879511,0.00113,67729.375,0.001,4731.8,9,55429.802,4731800.0,59937500.0,3.439,0.07329867498259597,3333,33333,3333,3333,40,9000,9.236338824702633,0.11694736842105263,1449.1304347826087,0.14464128328280976,2.3,20,0.23974145639212735,20,0.05432322317790855
2022,2071,2021,1,1,1374.69543288408,0.052461443,119.4577735723291,-323.91868919944454,3744.221407412933,12604.241263223044,174149.83290292713,22814900.0,0.999999513521479,1.0770220226744491,0.0284,0.0145,0.00844,249.00398487530916,2.0,1.4109812968178819,17172.688612090285,0.0103,0.001462,0,0.8973039697674012,74646.61610716711,0.8459559546511017,0.0,1.2939251872715278,2.6,0.0672,39497.183807807654,2.3,115287.18938173776,2.9188711261724998,0.32196259363576396,80,0.662,80,0.0215,0.0262307215,0.01635886294965699,37.909950247875,3497.3676466779916,756.5625376224798,1060.875,2.40354609929078,0.7340425531914894,1445.25,0.5964539007092199,-0.0729717781543125,1035,3389,841,0.0,0.9,0,94,2,0.0,18.489,75,0,0,0.0,0,28500,150,0,0,0,20,190,10,61.1,0.65,80,139037.28,1737.9660000000001,0.29,400000,0,0,0.5,134558.18758961672,66.931875,517001.43585,7961822.11209,16.3,0.15,0,0.18,0.05,0.77,0.1,892425.0,124.08034460400002,6154.633253047608,1861205.16906,0.5,15256.841622292462,0.1,1,2.75,1.2,0.2,0.03,0,3.91210447011552,29383.87195662609,0.1991,0.197925196254455,0.774304045015545,0.7789,0.022,0.027770758729999998,0.01,0.1,0.02,16.3,12.8,10340028.717,0.6,748253504.0,148098221.62728363,20779567.528461087,831.1827011384436,579375714.8442552,82740.64583690811,0.05,0.6,0.01,1,0.06,0.2,0,2.68,0.2,2.68,2.31,0.5,121144.88872659519,0.00113,67729.375,0.001,4731.8,9,59056.87613697849,4731800.0,59937500.0,3.439,0.07137546113464274,73023,34194,12423,160157,40,9040,400.3137820966454,0.4358947368421053,69633.47826086957,0.7726575750699732,2.3,20,0.24593404013657344,20,0.05190932342173987
2023,2071,2021,1,1,1467.0747825039653,0.068275126,129.52916111121274,-339.7958373693404,3927.747582495062,12830.936821018022,182685.9340695378,22814900.0,0.9999995210707416,1.0451633961542335,0.0284,0.0145,0.00844,265.32651087143637,2.0,1.4131643424969444,18298.380060099058,0.0103,0.001462,0,0.9397821384610221,74766.07388073944,0.9096732076915331,0.0,1.3026573699877781,2.6,0.0672,42086.27413822783,2.3,120938.08835403403,2.873575549995847,0.3263286849938891,80,0.662,80,0.0215,0.034137563,0.016387816046699862,50.631466240663705,3589.1490654750824,778.0872334569038,1088.7025166713124,2.40354609929078,0.7340425531914894,1483.159950247875,0.5964539007092199,-0.07183938874989618,1035,3389,841,0.0,0.9,0,94,2,0.0,18.489,75,0,0,0.0,0,28500,150,0,0,0,20,190,10,61.1,0.65,80,139037.28,1737.9660000000001,0.29,400000,0,0,0.5,139262.88147868364,66.931875,517001.43585,7961822.11209,16.3,0.15,0,0.18,0.05,0.77,0.1,892425.0,124.08034460400002,6154.633253047608,1861205.16906,0.5,15256.841622292462,0.1,1,2.75,1.2,0.2,0.03,0,3.91210447011552,30528.07942439146,0.1991,0.19599521689129035,0.7667537641216778,0.7789,0.022,0.037251018987031745,0.01,0.1,0.02,16.3,12.8,10340028.717,0.6,785045504.0,153865163.82601234,29243744.975187905,1169.7497990075165,601936595.1987997,85962.5651603406,0.05,0.6,0.01,1,0.06,0.2,0,2.68,0.2,2.68,2.31,0.5,129720.8355053643,0.00113,67729.375,0.001,4731.8,9,62928.12902668066,4731800.0,59937500.0,3.439,0.06940095875893962,76651,35818,13025,168032,40,9080,400.3509721580881,0.4570175438596491,73057.39130434784,0.762307630239745,2.3,20,0.2576143606952035,20,0.049702786622552876
2024,2071,2021,1,1,1566.0073190068933,0.022612374,139.80966362058967,-355.72374909548614,4111.860540619865,13024.169328997701,191249.3274706914,22814900.0,0.9999995295198009,1.01340034673193,0.0284,0.0145,0.00844,282.75186081010804,2.0,1.4154983916187793,19500.128331731587,0.0103,0.001462,0,0.9821328710240934,74895.60304185066,0.9731993065361402,0.0,1.3119935664751174,2.6,0.0672,44850.29516298264,2.3,126607.05478559772,2.8228811945499372,0.33099678323755877,80,0.662,80,0.0215,0.011306187,0.01641877952700616,17.341332573814302,3711.7213593344477,806.5930995897185,1125.868167422438,2.40354609929078,0.7340425531914894,1533.7914164885387,0.5964539007092199,-0.07057202986374844,1035,3389,841,0.0,0.9,0,94,2,0.0,18.489,75,0,0,0.0,0,28500,150,0,0,0,20,190,10,61.1,0.65,80,139037.28,1737.9660000000001,0.29,400000,0,0,0.5,144664.1120517764,66.931875,517001.43585,7961822.11209,16.3,0.15,0,0.18,0.05,0.77,0.1,892425.0,124.08034460400002,6154.633253047608,1861205.16906,0.5,15256.841622292462,0.1,1,2.75,1.2,0.2,0.03,0,3.91210447011552,31892.080368219886,0.1991,0.19513781047990345,0.7633995006669855,0.7789,0.022,0.04146268885311106,0.01,0.1,0.02,16.3,12.8,10340028.717,0.6,823724992.0000001,160739891.376456,34153853.0438274,1366.1541217530962,628831247.5797167,89803.39046685936,0.05,0.6,0.01,1,0.06,0.2,0,2.68,0.2,2.68,2.31,0.5,139254.87838460132,0.00113,67729.375,0.001,4731.8,9,67060.94133282492,4731800.0,59937500.0,3.439,0.06694825436452113,79888,37449,13626,176311,40,9120,401.24615096227774,0.47810526315789476,76656.95652173914,0.7564163177198409,2.3,20,0.26934502746313793,20,0.04768644219884968
2025,2071,2021,1,1,1672.0043169889211,0.001935659,151.1549388790004,-371.6389972685513,4295.827118964435,13102.52742793866,199805.91250997374,22814900.0,0.999999538819452,0.9758378728441646,0.0284,0.0145,0.00844,301.3590649539614,2.0,1.417993366607611,20783.38378992837,0.0103,0.001462,0,1.0241621271558354,75035.41270547124,1.042283722522712,0.0,1.321973466430444,2.6,0.0672,47801.78271683525,2.3,132271.51408160263,2.7670832877749154,0.33598673321522204,80,0.662,80,0.0215,0.0009678295,0.016451884782068427,1.5012320329586426,3753.7381257602697,817.876341019786,1138.5974434606635,2.40354609929078,0.7340425531914894,1551.132749062353,0.5964539007092199,-0.0691770821943729,1035,3389,841,0.0,0.9,0,94,2,0.1,18.489,75,0,0,1.8489000000000002,0,28500,150,0,0,0,20,190,10,61.1,0.65,80,139037.28,1737.9660000000001,0.29,400000,0,0,0.5,149500.28534770577,66.931875,517001.43585,7961822.11209,16.3,0.15,0,0.18,0.05,0.77,0.1,892425.0,124.08034460400002,6154.633253047608,1861205.16906,0.5,15256.841622292462,0.1,1,2.75,1.2,0.2,0.03,0,3.91210447011552,33141.68421793223,0.1991,0.19505611675033094,0.7630799062623443,0.7789,0.022,0.04186397698732468,0.01,0.1,0.02,16.3,12.8,10340028.717,0.6,856358912.0000001,167038043.91925842,35850589.784858406,1434.0235913943363,653470278.2958833,93322.0904434351,0.05,0.6,0.01,1,0.06,0.2,0,2.68,0.2,2.68,2.31,0.5,148504.16720126945,0.00113,67729.375,0.001,4731.8,9,71474.05685356367,4731800.0,59937500.0,3.439,0.06602465102813586,83917,39518,14293,183296,40,9160,399.2625245236231,0.5015087719298246,79693.91304347827,0.7482275347594788,2.3,20,0.28422592847040734,20,0.045844489209210755
2026,2071,2021,1,1,1785.6249836076624,0.008866088,163.21586806477143,-387.32821130832383,4477.1809371661075,13080.65696105546,208240.97382167942,22814900.0,0.9999995490874029,0.9347474589082949,0.0284,0.0145,0.00844,321.2334211084683,2.0,1.4206614478894293,22154.02904196333,0.0103,0.001462,0,1.065252541091705,75186.56764435025,1.114191946910484,0.0,1.3326457915577177,2.6,0.0672,50954.26679651566,2.3,137855.5246699518,2.7054755830453554,0.3413228957788588,80,0.662,80,0.0215,0.004433044,0.016487272547735635,6.882894754090684,3757.426048501145,821.059261266487,1139.699411655069,2.40354609929078,0.7340425531914894,1552.6339810953116,0.5964539007092199,-0.0676368895761339,1035,3389,841,0.0,0.9,0,94,2,0.0,20.3379,75,0,0,0.0,0,28500,150,0,0,0,20,190,10,61.1,0.65,80,152941.008,1911.7626,0.29,400000,0,0,0.5,156310.87820603413,66.931875,568701.5794350001,8758004.323299,16.3,0.15,0,0.18,0.05,0.77,0.1,892425.0,136.48837906440002,6770.09657835237,2047325.685966,0.5,16782.52578452171,0.1,1,2.75,1.2,0.2,0.03,0,3.91210447011552,34330.6011357934,0.1991,0.1946783054616483,0.761601869031029,0.7789,0.022,0.04371982550732265,0.01,0.1,0.02,16.3,12.8,11374031.5887,0.6,888801280.0,173030327.082544,38858236.87228502,1554.329474891401,676912716.0451709,96669.90497841086,0.05,0.6,0.01,1,0.06,0.2,0,2.68,0.2,2.68,2.31,0.5,160028.40908134604,0.00113,67729.375,0.001,4731.8,9,76187.70587531189,4731800.0,59937500.0,3.439,0.06576869971200958,86661,42693,14990,190240,40,9200,397.5881497229217,0.5259649122807017,82713.04347826088,0.7506249867035583,2.3,20,0.2791468459525257,20,0.044179585943917694
2027,2071,2021,1,1,1907.479365192948,0.008788171,175.24003308898764,-402.6102462397246,4653.828115136599,13020.284732689946,216457.12163426046,22814900.0,0.9999995603572359,0.8951164129571383,0.0284,0.0145,0.00844,342.46709876470663,2.0,1.423515034678,23618.420604462524,0.0103,0.001462,0,1.1048835870428617,75349.78351241502,1.183546277325008,0.0,1.344060138712,2.6,0.0672,54322.367390263804,2.3,143294.61452188043,2.637856584791684,0.34703006935599995,80,0.662,80,0.0215,0.0043940855,0.016525115586485395,6.852650491175159,3774.1419003584606,827.3353773209046,1144.7517492937102,2.40354609929078,0.7340425531914894,1559.5168758494024,0.5964539007092199,-0.06594641461979212,1035,3389,841,0.0,0.9,0,94,2,0.0,20.3379,75,0,0,0.0,0,28500,150,0,0,0,20,190,10,61.1,0.65,80,152941.008,1911.7626,0.29,400000,0,0,0.5,160451.9376561816,66.931875,568701.5794350001,8758004.323299,16.3,0.15,0,0.18,0.05,0.77,0.1,892425.0,136.48837906440002,6770.09657835237,2047325.685966,0.5,16782.52578452171,0.1,1,2.75,1.2,0.2,0.03,0,3.91210447011552,35383.997710220225,0.1991,0.19428721310501582,0.760071874874419,0.7789,0.022,0.04564091202056522,0.01,0.1,0.02,16.3,12.8,11374031.5887,0.6,917917184.0,178339571.540564,41894577.43710898,1675.7830974843594,697683035.0223271,99636.11423153855,0.05,0.6,0.01,1,0.06,0.2,0,2.68,0.2,2.68,2.31,0.5,169205.51111492823,0.00113,67729.375,0.001,4731.8,9,81223.74845874662,4731800.0,59937500.0,3.439,0.06526978234010006,88754,47167,15395,196472,40,9240,395.014532439938,0.5401754385964912,85422.60869565218,0.7412643041945798,2.3,20,0.30839995509902746,20,0.04268743818746922
2028,2071,2021,1,1,2038.232735222542,0.008711612,187.19931861076117,-417.4230004903679,4825.050812119842,12926.353828206597,224420.96800557408,22814900.0,0.9999995725085788,0.8571237336560995,0.0284,0.0145,0.00844,365.15977662791613,2.0,1.426566114979938,25183.432870890767,0.0103,0.001462,0,1.1428762663439005,75525.02354550401,1.250033466101826,0.0,1.3562644599197526,2.6,0.0672,57921.89560304876,2.3,148566.68081969005,2.5649485272003103,0.3531322299598763,80,0.662,80,0.0215,0.004355806,0.016565589763997017,6.822801781051446,3790.789200076026,833.8257836969228,1149.7818863563814,2.40354609929078,0.7340425531914894,1566.3695263405775,0.5964539007092199,-0.06412371318000776,1035,3389,841,0.0,0.9,0,94,2,0.0,20.3379,75,0,0,0.0,0,28500,150,0,0,0,20,190,10,61.1,0.65,80,152941.008,1911.7626,0.29,400000,0,0,0.5,164513.94542509876,66.931875,568701.5794350001,8758004.323299,16.3,0.15,0,0.18,0.05,0.77,0.1,892425.0,136.48837906440002,6770.09657835237,2047325.685966,0.5,16782.52578452171,0.1,1,2.75,1.2,0.2,0.03,0,3.91210447011552,36415.03866858752,0.1991,0.19388249256286502,0.7584885658323233,0.7789,0.022,0.04762894160481172,0.01,0.1,0.02,16.3,12.8,11374031.5887,0.6,946635968.0000001,183536141.02550057,45087269.24088643,1803.4907696354574,718012557.7336131,102539.3733699373,0.05,0.6,0.01,1,0.06,0.2,0,2.68,0.2,2.68,2.31,0.5,178649.59606809213,0.00113,67729.375,0.001,4731.8,9,86605.82564299335,4731800.0,59937500.0,3.439,0.06476172967520971,91334,50889,15746,202619,40,9280,392.9058776233167,0.5524912280701755,88095.21739130435,0.7330596017258629,2.3,20,0.3327361357524203,20,0.04135085987049796
2029,2071,2021,1,1,2178.613184799771,0.008636376,199.07260985634107,-431.7150173193772,4990.254232455165,12804.182386331888,232104.84802117047,22814900.0,0.9999995854149792,0.8209156723217859,0.0284,0.0145,0.00844,389.4193345275382,2.0,1.4298276191324093,26856.50582948539,0.0103,0.001462,0,1.1790843276782141,75712.22286411477,1.313397573436875,0.0,1.3693104765296373,2.6,0.0672,61769.963407816394,2.3,153653.40939001486,2.4875101248735967,0.3596552382648187,80,0.662,80,0.0215,0.004318188,0.01660886511354564,6.79334023298688,3807.3692228663585,840.5034045595642,1154.7901131956637,2.40354609929078,0.7340425531914894,1573.1923281216289,0.5964539007092199,-0.06218775312183992,1035,3389,841,0.0,0.9,0,94,2,0.0,20.3379,75,0,0,0.0,0,28500,150,0,0,0,20,190,10,61.1,0.65,80,152941.008,1911.7626,0.29,400000,0,0,0.5,168046.8704505749,66.931875,568701.5794350001,8758004.323299,16.3,0.15,0,0.18,0.05,0.77,0.1,892425.0,136.48837906440002,6770.09657835237,2047325.685966,0.5,16782.52578452171,0.1,1,2.75,1.2,0.2,0.03,0,3.91210447011552,37307.31022348798,0.1991,0.19346379071044745,0.7568505604438348,0.7789,0.022,0.04968564884571771,0.01,0.1,0.02,16.3,12.8,11374031.5887,0.6,971930176.0000001,188033296.15483236,48290981.427292615,1931.6392570917048,735605898.417875,105051.87835305675,0.05,0.6,0.01,1,0.06,0.2,0,2.68,0.2,2.68,2.31,0.5,187936.21899817517,0.00113,67729.375,0.001,4731.8,9,92359.52354760026,4731800.0,59937500.0,3.439,0.06424721150094184,94145,54693,16060,208033,40,9320,390.04023917038256,0.5635087719298245,90449.13043478262,0.7240127549392988,2.3,20,0.3576084708425617,20,0.04015426683009187
2030,2071,2021,1,1,2329.4187778360306,0.008562427,209.81810281019847,-445.4459337533739,5148.971814891148,12713.136217456771,239487.06115772782,22814900.0,0.9999995989472273,0.7899535349534614,0.0284,0.0145,0.00844,415.3626453564856,2.0,1.433313527832651,28645.699679757625,0.0103,0.001462,0,1.213395286728718,75911.29547397111,1.3667441084108978,0.0,1.383254111330604,2.6,0.0672,65885.10926344253,2.3,158540.43448641582,2.406316636016944,0.366627055665302,80,0.662,80,0.0215,0.0042812135,0.016655125034060664,6.764255973166303,3823.8832489675424,847.3399699940228,1159.776714004984,2.40354609929078,0.7340425531914894,1579.9856683546157,0.5964539007092199,-0.0601579159004236,1035,3389,841,0.0,0.9,0,94,2,0.1,20.3379,75,0,0,2.03379,0,28500,150,0,0,0,20,190,10,61.1,0.65,80,152941.008,1911.7626,0.29,400000,0,0,0.5,171228.2147063827,66.931875,568701.5794350001,8758004.323299,16.3,0.15,0,0.18,0.05,0.77,0.1,892425.0,136.48837906440002,6770.09657835237,2047325.685966,0.5,16782.52578452171,0.1,1,2.75,1.2,0.2,0.03,0,3.91210447011552,38106.83333189202,0.1991,0.19303074847388943,0.7551564539744474,0.7789,0.022,0.05181279755166317,0.01,0.1,0.02,16.3,12.8,11374031.5887,0.6,994986496.0000001,192062988.04429263,51553033.88388672,2062.121355355469,751370474.0718209,107303.21740219675,0.05,0.6,0.01,1,0.06,0.2,0,2.68,0.2,2.68,2.31,0.5,197270.6009050692,0.00113,67729.375,0.001,4731.8,9,98512.56119868647,4731800.0,59937500.0,3.439,0.06372884782052819,96417,58841,16565,212968,40,9360,386.9765746870922,0.5812280701754386,92594.78260869566,0.7149789799859402,2.3,20,0.38473003917955084,20,0.039083531088284724
2031,2071,2021,1,1,2491.522565918242,0.008489735,219.0088853839572,-458.68675010536464,5302.0242619706105,12685.551063726005,246605.77962654005,22814900.0,0.9999996128918863,0.7654855237656816,0.0284,0.0145,0.00844,443.116459277439,2.0,1.4370371895366947,30559.75581223717,0.0103,0.001462,0,1.246019301645758,76121.11357678131,1.4075241270571976,0.0,1.3981487581467793,2.6,0.0672,70287.4383681455,2.3,163253.02611276953,2.3226486823676358,0.37407437907338964,80,0.662,80,0.0215,0.0042448675,0.016704567822374627,6.735543184406461,3840.332562896062,854.2866162906932,1164.7419657299674,2.40354609929078,0.7340425531914894,1586.7499243277819,0.5964539007092199,-0.0580662170591909,1035,3389,841,0.0,0.9,0,94,2,0.0,22.37169,75,0,0,0.0,0,28500,150,0,0,0,20,190,10,61.1,0.65,80,168235.10880000002,2102.93886,0.29,400000,0,0,0.5,175843.61588951843,66.931875,625571.7373785,9633804.7556289,16.3,0.15,0,0.18,0.05,0.77,0.1,892425.0,150.13721697084,7447.1062361876075,2252058.2545626,0.5,18460.77836297388,0.1,1,2.75,1.2,0.2,0.03,0,3.91210447011552,38663.06739909252,0.1991,0.19258300054477023,0.7534048172994553,0.7789,0.022,0.05401218215577451,0.01,0.1,0.02,16.3,12.8,12511434.74757,0.6,1011857088.0000001,194866474.12953365,54652609.35266756,2186.104374106703,762338004.5177989,108869.49042518687,0.05,0.6,0.01,1,0.06,0.2,0,2.68,0.2,2.68,2.31,0.5,208468.44112780207,0.00113,67729.375,0.001,4731.8,9,105095.00023828362,4731800.0,59937500.0,3.439,0.06321063559963942,98538,64014,17103,216579,40,9400,382.1722376151187,0.6001052631578947,94164.78260869566,0.7130555340422926,2.3,20,0.3805032163417247,20,0.038117517011301866
2032,2071,2021,1,1,2665.8825292337538,0.008418266,228.31447715806894,-471.56695260143374,5450.908323081087,12641.64150881584,253530.6196781901,22814900.0,0.9999996270221836,0.7420000618190837,0.0284,0.0145,0.00844,472.8183478237306,2.0,1.4410125126667979,32608.161918877973,0.0103,0.001462,0,1.2773332509078883,76340.12246216527,1.4466665636348606,0.0,1.414050050667192,2.6,0.0672,74998.77241341933,2.3,167837.27022696185,2.2378668986978134,0.382025025333596,80,0.662,80,0.0215,0.004209133,0.016757382807854042,6.70719226632598,3856.718425693319,861.2904132885611,1169.6861410461809,2.40354609929078,0.7340425531914894,1593.4854675121883,0.5964539007092199,-0.055946672467445335,1035,3389,841,0.0,0.9,0,94,2,0.0,22.37169,75,0,0,0.0,0,28500,150,0,0,0,20,190,10,61.1,0.65,80,168235.10880000002,2102.93886,0.29,400000,0,0,0.5,177619.56097003917,66.931875,625571.7373785,9633804.7556289,16.3,0.15,0,0.18,0.05,0.77,0.1,892425.0,150.13721697084,7447.1062361876075,2252058.2545626,0.5,18460.77836297388,0.1,1,2.75,1.2,0.2,0.03,0,3.91210447011552,39096.22276229502,0.1991,0.1921201755790208,0.7515941976820658,0.7789,0.022,0.056285626738913325,0.01,0.1,0.02,16.3,12.8,12511434.74757,0.6,1025658176.0000001,197049628.85717824,57729813.256050676,2309.1925302420273,770878733.8867711,110089.19198636978,0.05,0.6,0.01,1,0.06,0.2,0,2.68,0.2,2.68,2.31,0.5,217288.85480906052,0.00113,67729.375,0.001,4731.8,9,112139.46883902136,4731800.0,59937500.0,3.439,0.0626966226105064,100694,70223,16913,219533,40,9440,376.79957772374974,0.5934385964912281,95449.13043478262,0.7005842576154869,2.3,20,0.4174099003525,20,0.0372341613489618
2033,2071,2021,1,1,2853.5586034107287,0.00834799,237.74307909174325,-484.0646017950617,5595.370397093453,12583.930202118294,260249.78591132342,22814900.0,0.9999996412641837,0.7195430829055943,0.0284,0.0145,0.00844,504.617778454176,2.0,1.445257771087511,34801.226100288,0.0103,0.001462,0,1.3072758894592076,76568.43693932334,1.4840948618240097,0.0,1.4310310843500438,2.6,0.0672,80042.82003066239,2.3,172285.35827329612,2.152414897517328,0.3905155421750219,80,0.662,80,0.0215,0.004173995,0.016813767262211,6.67919616095222,3873.042092480601,868.3341908160277,1174.6095055821008,2.40354609929078,0.7340425531914894,1600.1926597785143,0.5964539007092199,-0.0538103724379332,1035,3389,841,0.0,0.9,0,94,2,0.0,22.37169,75,0,0,0.0,0,28500,150,0,0,0,20,190,10,61.1,0.65,80,168235.10880000002,2102.93886,0.29,400000,0,0,0.5,179477.84017586624,66.931875,625571.7373785,9633804.7556289,16.3,0.15,0,0.18,0.05,0.77,0.1,892425.0,150.13721697084,7447.1062361876075,2252058.2545626,0.5,18460.77836297388,0.1,1,2.75,1.2,0.2,0.03,0,3.91210447011552,39549.059359762316,0.1991,0.19164189600249837,0.7497231180127875,0.7789,0.022,0.05863498598471423,0.01,0.1,0.02,16.3,12.8,12511434.74757,0.6,1040127360.0,199331979.35447317,60987853.17591781,2439.5141270367126,779807527.469609,111364.31299793487,0.05,0.6,0.01,1,0.06,0.2,0,2.68,0.2,2.68,2.31,0.5,226689.08173475665,0.00113,67729.375,0.001,4731.8,9,119681.41655889043,4731800.0,59937500.0,3.439,0.062188038397120865,103040,75550,16938,222630,40,9480,372.24527134451705,0.5943157894736842,96795.65217391305,0.6896368408042451,2.3,20,0.44907392124562284,20,0.036426542933757425
2034,2071,2021,1,1,3055.7207313206104,0.008278878,247.30672897836556,-496.16296287306915,5735.2170439628935,12514.935773017782,266754.2811145532,22814900.0,0.9999996555473489,0.6981489731287696,0.0284,0.0145,0.00844,538.677420416046,2.0,1.4497928493110372,37150.16692524455,0.0103,0.001462,0,1.3358013691616406,76806.18001841508,1.519751711452051,0.0,1.4491713972441493,2.6,0.0672,85445.38392806245,2.3,176591.33409783425,2.0667159064614737,0.39958569862207466,80,0.662,80,0.0215,0.004139439,0.016873980374912095,6.651548028478209,3889.3049055655624,875.4012958070742,1179.5123197853532,2.40354609929078,0.7340425531914894,1606.8718559394665,0.5964539007092199,-0.051667897661536843,1035,3389,841,0.0,0.9,0,94,2,0.0,22.37169,75,0,0,0.0,0,28500,150,0,0,0,20,190,10,61.1,0.65,80,168235.10880000002,2102.93886,0.29,400000,0,0,0.5,181119.61251498252,66.931875,625571.7373785,9633804.7556289,16.3,0.15,0,0.18,0.05,0.77,0.1,892425.0,150.13721697084,7447.1062361876075,2252058.2545626,0.5,18460.77836297388,0.1,1,2.75,1.2,0.2,0.03,0,3.91210447011552,39944.451656794045,0.1991,0.19114777795344987,0.7477900765843402,0.7789,0.022,0.061062145462210025,0.01,0.1,0.02,16.3,12.8,12511434.74757,0.6,1053241664.0,201324803.72159407,64313195.69402814,2572.5278277611255,787603664.5843779,112477.67933929502,0.05,0.6,0.01,1,0.06,0.2,0,2.68,0.2,2.68,2.31,0.5,236408.86157089856,0.00113,67729.375,0.001,4731.8,9,127759.42405591601,4731800.0,59937500.0,3.439,0.06168599505009279,105194,80755,17229,225437,40,9520,367.74362738116855,0.6045263157894737,98016.08695652174,0.6789754667037704,2.3,20,0.48001276651476205,20,0.03568827446826165
2035,2071,2021,1,1,3245.1238314280126,0.008210901,254.5855584880139,-507.8503765981674,5870.313492935803,12437.11936067735,273037.83688073506,22814900.0,0.999999669805314,0.67784100616976,0.0284,0.0145,0.00844,575.1745484241621,1.995292029062568,1.4453605810526584,39667.21023614911,0.0103,0.001462,0,1.36287865844032,77053.48674739344,1.5535983230504002,0.0,1.4546394189473415,2.6,0.0672,91234.58354314296,2.3,180751.04801504663,1.9811681162502723,0.40927883789468306,80,0.662,80,0.0215,0.0041054505,0.01693830418023077,6.6242404655819005,3905.5082339398655,883.2354422424512,1184.394839082853,2.40354609929078,0.7340425531914894,1613.5234039679447,0.5964539007092199,-0.04905840581251362,1035,3389,841,0.0,0.9,0,94,2,0.1,22.37169,75,0,0,2.237169,0,28500,150,0,0,0,20,190,10,61.1,0.65,80,168235.10880000002,2102.93886,0.29,400000,0,0,0.5,182589.33801304657,66.931875,625571.7373785,9633804.7556289,16.3,0.15,0,0.18,0.05,0.77,0.1,892425.0,150.13721697084,7447.1062361876075,2252058.2545626,0.5,18460.77836297388,0.1,1,2.75,1.2,0.2,0.03,0,3.91210447011552,40293.901740047004,0.1991,0.1906374312840253,0.7457935470975756,0.7789,0.022,0.06356902161839906,0.01,0.1,0.02,16.3,12.8,12511434.74757,0.6,1065300096.0000001,203086073.84806558,67720084.8327066,2708.8033933082643,794493937.3192279,113461.67918855895,0.05,0.6,0.01,1,0.06,0.2,0,2.68,0.2,2.68,2.31,0.5,246534.6990151634,0.00113,67729.375,0.001,4731.8,9,136415.5360021168,4731800.0,59937500.0,3.439,0.06113885088544353,107205,86064,17429,228018,40,9560,363.3905176039941,0.6115438596491228,99138.26086956523,0.6687327298626488,2.3,20,0.5115697942830348,20,0.03501346227034416
2036,2071,2021,1,1,3415.046845387475,0.008144031,261.61821635088296,-519.120033811694,6000.581035995387,12352.22417124102,279096.79237187846,22814900.0,0.9999996837634734,0.65859917721493,0.0284,0.0145,0.00844,613.888813027718,1.9743547898753895,1.440233168981614,42337.15951915296,0.0103,0.001462,0,1.3885344303800933,77308.07230588146,1.585668037975117,0.0,1.459766831018386,2.6,0.0672,97375.4668940518,2.3,184762.07655018356,1.897419159501558,0.41953366203677217,80,0.662,80,0.0215,0.0040720155,0.01682718085736907,6.5972663204218085,3921.362068481872,893.6458053804329,1189.2573134671632,2.40354609929078,0.7340425531914894,1620.1476444335265,0.5964539007092199,-0.044870957975077896,1035,3389,841,0.0,0.9,0,94,2,0.0,24.608859000000002,75,0,0,0.0,0,28500,150,0,0,0,20,190,10,61.1,0.65,80,185058.61968,2313.232746,0.29,400000,0,0,0.5,185624.81402071088,66.931875,688128.91111635,10597185.23119179,16.3,0.15,0,0.18,0.05,0.77,0.1,892425.0,165.150938667924,8191.816859806367,2477264.08001886,0.5,20306.856199271264,0.1,1,2.75,1.2,0.2,0.03,0,3.91210447011552,40374.07564341452,0.1991,0.19011045950863903,0.7437319784594624,0.7789,0.022,0.06615756203189861,0.01,0.1,0.02,16.3,12.8,13762578.222327,0.6,1070378560.0,203490159.88979536,70813635.98081431,2832.545439232573,796074764.1293904,113687.43706531826,0.05,0.6,0.01,1,0.06,0.2,0,2.68,0.2,2.68,2.31,0.5,258752.1306070779,0.00113,67729.375,0.001,4731.8,9,145597.49158636705,4731800.0,59937500.0,3.439,0.060426625039673,109762,92173,17400,229105,40,9600,357.1949670864876,0.6105263157894737,99610.86956521739,0.6650911765885786,2.3,20,0.4980746109496757,20,0.034396669049526804
2037,2071,2021,1,1,3590.420477000374,0.008078242,267.9724952408234,-529.9685267803612,6125.980282676216,12262.313673946908,284929.3154733124,22814900.0,0.9999996971896813,0.6404218562575309,0.0284,0.0145,0.00844,654.5056044969346,1.954215478004316,1.4348633865171532,45138.31755151272,0.0103,0.001462,0,1.412770858323292,77569.69052223234,1.6127708583232923,0.0,1.4651366134828467,2.6,0.0672,103818.13036847925,2.3,188623.20684333282,1.8168619120172642,0.4302732269656937,80,0.662,80,0.0215,0.004039121,0.016540776850490758,6.570619530669398,3936.8640093452327,903.837049569923,1194.0999876810897,2.40354609929078,0.7340425531914894,1626.7449107539483,0.5964539007092199,-0.04084309560086321,1035,3389,841,0.0,0.9,0,94,2,0.0,24.608859000000002,75,0,0,0.0,0,28500,150,0,0,0,20,190,10,61.1,0.65,80,185058.61968,2313.232746,0.29,400000,0,0,0.5,186652.16970722808,66.931875,688128.91111635,10597185.23119179,16.3,0.15,0,0.18,0.05,0.77,0.1,892425.0,165.150938667924,8191.816859806367,2477264.08001886,0.5,20306.856199271264,0.1,1,2.75,1.2,0.2,0.03,0,3.91210447011552,40606.64867017908,0.1991,0.18956645968180807,0.7416037943051749,0.7789,0.022,0.06882974601301706,0.01,0.1,0.02,16.3,12.8,13762578.222327,0.6,1079633792.0,204662355.70228556,74310919.69043049,2972.43678761722,800660516.607284,114342.32837668623,0.05,0.6,0.01,1,0.06,0.2,0,2.68,0.2,2.68,2.31,0.5,269412.66876688035,0.00113,67729.375,0.001,4731.8,9,155230.67405965226,4731800.0,59937500.0,3.439,0.05974528265431814,111088,97735,17906,231086,40,9640,352.9060312590465,0.628280701754386,100472.17391304349,0.6550823645407264,2.3,20,0.5281299523848259,20,0.033832952513104676
2038,2071,2021,1,1,3712.2816763801657,0.008013507,273.75166998677344,-540.3963654283133,6246.517127262759,12169.164398149085,290535.68033780274,22814900.0,0.9999997100881152,0.6232928369213906,0.0284,0.0145,0.00844,697.0763701482343,1.9046034815800594,1.4292462023651398,48074.23242401616,0.0103,0.001462,0,1.4356095507714792,77837.66301747317,1.6356095507714794,0.0,1.4707537976348601,2.6,0.0672,110570.73457523716,2.3,192334.6203836254,1.7394713087734126,0.44150759526972055,80,0.662,80,0.0215,0.0040067535,0.016260657417907283,6.544292717572247,3952.30795601995,913.8079204862329,1198.923102017432,2.40354609929078,0.7340425531914894,1633.3155302846176,0.5964539007092199,-0.036973565438670634,1035,3389,841,0.0,0.9,0,94,2,0.0,24.608859000000002,75,0,0,0.0,0,28500,150,0,0,0,20,190,10,61.1,0.65,80,185058.61968,2313.232746,0.29,400000,0,0,0.5,187457.29656400986,66.931875,688128.91111635,10597185.23119179,16.3,0.15,0,0.18,0.05,0.77,0.1,892425.0,165.150938667924,8191.816859806367,2477264.08001886,0.5,20306.856199271264,0.1,1,2.75,1.2,0.2,0.03,0,3.91210447011552,40780.54598858321,0.1991,0.18900502246600862,0.7394073932635566,0.7789,0.022,0.07158758427043473,0.01,0.1,0.02,16.3,12.8,13762578.222327,0.6,1087478080.0,205538818.9416919,77849928.69425055,3113.9971477700224,804089332.3640575,114831.99755491108,0.05,0.6,0.01,1,0.06,0.2,0,2.68,0.2,2.68,2.31,0.5,280314.40687020146,0.00113,67729.375,0.001,4731.8,9,165327.2853061916,4731800.0,59937500.0,3.439,0.05909338143104172,113735,102123,18211,232765,40,9680,348.6087278343318,0.6389824561403509,101202.17391304349,0.6452126511485793,2.3,20,0.5518413580334125,20,0.03331776664657906
2039,2071,2021,1,1,3817.2733876081734,0.007949801,279.41180661163463,-550.4073521124651,6362.235521730106,12074.384022422555,295917.93124326074,22814900.0,0.9999997221444589,0.6071899152469113,0.0284,0.0145,0.00844,740.7968470885974,1.8503499352409567,1.4234798707551501,51089.43773024809,0.0103,0.001462,0,1.4570801130041182,78111.41468745994,1.6570801130041184,0.0,1.4765201292448498,2.6,0.0672,117505.70677957061,2.3,195897.67048303862,1.6671332469879423,0.45304025848969937,80,0.662,80,0.0215,0.0039749005,0.015679945129636868,6.518279630381316,3967.1915930055525,923.4005376297608,1203.7268913526714,2.40354609929078,0.7340425531914894,1639.8598230021898,0.5964539007092199,-0.03335666234939712,1035,3389,841,0.0,0.9,0,94,2,0.0,24.608859000000002,75,0,0,0.0,0,28500,150,0,0,0,20,190,10,61.1,0.65,80,185058.61968,2313.232746,0.29,400000,0,0,0.5,188982.71580228437,66.931875,688128.91111635,10597185.23119179,16.3,0.15,0,0.18,0.05,0.77,0.1,892425.0,165.150938667924,8191.816859806367,2477264.08001886,0.5,20306.856199271264,0.1,1,2.75,1.2,0.2,0.03,0,3.91210447011552,41137.8017558941,0.1991,0.18842573200864657,0.7371411484758152,0.7789,0.022,0.07443311951553816,0.01,0.1,0.02,16.3,12.8,13762578.222327,0.6,1100377472.0,207339430.64742398,81904527.88558175,3276.18111542327,811133513.4669943,115837.97705822147,0.05,0.6,0.01,1,0.06,0.2,0,2.68,0.2,2.68,2.31,0.5,292209.11715660756,0.00113,67729.375,0.001,4731.8,9,175696.5763543232,4731800.0,59937500.0,3.439,0.058479498115314506,115344,106600,18007,235526,40,9720,346.3247673605996,0.6318245614035087,102402.60869565218,0.6386321876754749,2.3,20,0.576033692374507,20,0.032846944959241516
2040,2071,2021,1,1,3920.463557202818,0.0078871,284.94898435585617,-560.0081906488239,6473.212956424575,11979.509073449064,301079.6723918407,22814900.0,0.9999997333544993,0.5920909578085068,0.0284,0.0145,0.00844,785.4057569261312,1.7998730037768984,1.4175961923745635,54165.914270767666,0.0103,0.001462,0,1.4772120562553241,78390.82649407157,1.6772120562553243,0.0,1.4824038076254364,2.6,0.0672,124581.60282276562,2.3,199314.74312339857,1.5998730037768985,0.4648076152508729,80,0.662,80,0.0215,0.00394355,0.015054366798688159,6.492574366636676,3981.9308463866305,932.6077524685059,1208.5115859749724,2.40354609929078,0.7340425531914894,1646.3781026325712,0.5964539007092199,-0.029993650188844916,1035,3389,841,0.0,0.9,0,94,2,0.1,24.608859000000002,75,0,0,2.4608859000000005,0,28500,150,0,0,0,20,190,10,61.1,0.65,80,185058.61968,2313.232746,0.29,400000,0,0,0.5,189771.50063635176,66.931875,688128.91111635,10597185.23119179,16.3,0.15,0,0.18,0.05,0.77,0.1,892425.0,165.150938667924,8191.816859806367,2477264.08001886,0.5,20306.856199271264,0.1,1,2.75,1.2,0.2,0.03,0,3.91210447011552,41304.19578725973,0.1991,0.18782816587329398,0.7348034073265128,0.7789,0.022,0.07736842680019317,0.01,0.1,0.02,16.3,12.8,13762578.222327,0.6,1108343232.0,208178076.42463875,85750772.21448152,3430.0308885792606,814414383.3608797,116306.51808776724,0.05,0.6,0.01,1,0.06,0.2,0,2.68,0.2,2.68,2.31,0.5,303577.9048135218,0.00113,67729.375,0.001,4731.8,9,186276.57917717,4731800.0,59937500.0,3.439,0.057902156460814515,117979,109988,18580,237231,40,9760,342.8494930376299,0.6519298245614035,103143.91304347827,0.6303032653409204,2.3,20,0.5943414048488487,20,0.03241666872580434
2041,2071,2021,1,1,3985.996783177677,0.00782538,290.36531075605444,-569.2082861918827,6579.558146841652,11885.881623621122,306025.9603182164,22814900.0,0.9999997438023257,0.5779682337320268,0.0284,0.0145,0.00844,830.8640950301432,1.737186045575207,1.4116000989713358,57300.97207104435,0.0103,0.001462,0,1.4960423550239643,78675.77547842743,1.6960423550239643,0.0,1.4883999010286642,2.6,0.0672,131792.235763402,2.3,202589.1857306593,1.537186045575207,0.4767998020573284,80,0.662,80,0.0215,0.00391269,0.014469698529433932,6.467170569188031,3996.667408737877,941.4662095228457,1213.277411839844,2.40354609929078,0.7340425531914894,1652.870676999208,0.5964539007092199,-0.026859302278760353,1035,3389,841,0.0,0.9,0,94,2,0.0,27.069744900000003,75,0,0,0.0,0,28500,150,0,0,0,20,190,10,61.1,0.65,80,203564.48164800002,2544.5560206000005,0.29,400000,0,0,0.5,194140.34658638856,66.931875,756941.8022279852,11656903.754310973,16.3,0.15,0,0.18,0.05,0.77,0.1,892425.0,181.66603253471644,9010.998545787004,2724990.4880207465,0.5,22337.541819198403,0.1,1,2.75,1.2,0.2,0.03,0,3.91210447011552,41651.80601977625,0.1991,0.18721189504335026,0.7323924914578881,0.7789,0.022,0.08039561349876165,0.01,0.1,0.02,16.3,12.8,15138836.044559704,0.6,1121350080.0,209930073.48381242,90151627.62848546,3606.065105139419,821268378.8877021,117285.33718895278,0.05,0.6,0.01,1,0.06,0.2,0,2.68,0.2,2.68,2.31,0.5,318728.21453871013,0.00113,67729.375,0.001,4731.8,9,197058.04295232153,4731800.0,59937500.0,3.439,0.05735734267868021,119054,113779,18876,240015,40,9800,341.2633611785463,0.6623157894736842,104354.34782608696,0.6343917567794402,2.3,20,0.5589334597021919,20,0.032023426998838984
2042,2071,2021,1,1,4048.4631848000354,0.007764619,295.65142898858704,-578.0193204463756,6681.406123439286,11794.652900981726,310763.075508804,22814900.0,0.9999997534141497,0.5647894659354067,0.0284,0.0145,0.00844,876.6135190082823,1.6795151019165462,1.4055593133463211,60456.10475919188,0.0103,0.001462,0,1.5136140454194578,78966.14078918348,1.7136140454194577,0.0,1.4944406866536788,2.6,0.0672,139049.04094614132,2.3,205725.15598682826,1.479515101916546,0.4888813733073575,80,0.662,80,0.0215,0.0038823095,0.013765615896688696,6.442063089324336,4011.1368183810414,949.9346539220737,1218.0245902363758,2.40354609929078,0.7340425531914894,1659.337847568396,0.5964539007092199,-0.023975755095827302,1035,3389,841,0.0,0.9,0,94,2,0.0,27.069744900000003,75,0,0,0.0,0,28500,150,0,0,0,20,190,10,61.1,0.65,80,203564.48164800002,2544.5560206000005,0.29,400000,0,0,0.5,195326.43234105667,66.931875,756941.8022279852,11656903.754310973,16.3,0.15,0,0.18,0.05,0.77,0.1,892425.0,181.66603253471644,9010.998545787004,2724990.4880207465,0.5,22337.541819198403,0.1,1,2.75,1.2,0.2,0.03,0,3.91210447011552,41916.3487624056,0.1991,0.1865764837732043,0.7299066961875884,0.7789,0.022,0.08351682003920735,0.01,0.1,0.02,16.3,12.8,15138836.044559704,0.6,1132315264.0,211263400.47984755,94567370.13113557,3782.6948052454227,826484493.389017,118030.25050088554,0.05,0.6,0.01,1,0.06,0.2,0,2.68,0.2,2.68,2.31,0.5,330764.8016079176,0.00113,67729.375,0.001,4731.8,9,207908.5442668609,4731800.0,59937500.0,3.439,0.05684601543595209,121236,116451,19284,242362,40,9840,339.34495736353364,0.6766315789473685,105374.78260869566,0.6285380977815783,2.3,20,0.5720595216672668,20,0.03166399349050473
2043,2071,2021,1,1,4106.43207036915,0.007704795,300.70621376082056,-586.4548435165742,6778.913513766851,11706.786374017614,315298.30296590005,22814900.0,0.999999762287196,0.5525185842693616,0.0284,0.0145,0.00844,922.6053391622627,1.6262768241858383,1.3989599020178718,63627.95442498363,0.0103,0.001462,0,1.5299752209741846,79261.79221817206,1.7299752209741845,0.0,1.5,2.6,0.0672,146344.29517746234,2.3,208727.47656342585,1.4262768241858381,0.5010400979821281,80,0.662,80,0.0215,0.0038523975,0.013116333240562833,6.417246363368026,4025.6277309519296,958.056756929466,1222.7533386742841,2.40354609929078,0.7340425531914894,1665.7799106577204,0.5964539007092199,-0.02131384120929191,1035,3389,841,0.0,0.9,0,94,2,0.0,27.069744900000003,75,0,0,0.0,0,28500,150,0,0,0,20,190,10,61.1,0.65,80,203564.48164800002,2544.5560206000005,0.29,400000,0,0,0.5,196419.37983083646,66.931875,756941.8022279852,11656903.754310973,16.3,0.15,0,0.18,0.05,0.77,0.1,892425.0,181.66603253471644,9010.998545787004,2724990.4880207465,0.5,22337.541819198403,0.1,1,2.75,1.2,0.2,0.03,0,3.91210447011552,42155.07166138626,0.1991,0.18592148958347482,0.7273442904900479,0.7789,0.022,0.08673421992647727,0.01,0.1,0.02,16.3,12.8,15138836.044559704,0.6,1142775872.0,212466592.38229436,99117773.80871984,3964.7109523487943,831191505.8089858,118702.45894458129,0.05,0.6,0.01,1,0.06,0.2,0,2.68,0.2,2.68,2.31,0.5,342765.74009835516,0.00113,67729.375,0.001,4731.8,9,218816.53526751872,4731800.0,59937500.0,3.439,0.05636409284672013,123189,119293,19553,244601,40,9880,337.55132795965517,0.6860701754385965,106348.26086956523,0.6229636442162504,2.3,20,0.5860206998501796,20,0.03133540493894931
2044,2071,2021,1,1,4129.667257570117,0.007645885,304.4999226256753,-594.5298810276998,6872.254001126636,11623.038980336994,319639.72098263423,22814900.0,0.9999997704979358,0.5411152554874894,0.0284,0.0145,0.00844,968.7708267647627,1.5712654814431184,1.386741455494003,66811.78115619053,0.0103,0.001462,0,1.5451796593500142,79562.49843193288,1.7451796593500142,0.0,1.5,2.6,0.0672,153667.0966592382,2.3,211601.49529050387,1.3770123851544946,0.5132585445059971,80,0.662,80,0.0215,0.0038229425,0.012509543800282685,6.3927135799550925,4040.1213775816327,965.8665651292418,1227.4638705793097,2.40354609929078,0.7340425531914894,1672.1971570210885,0.5964539007092199,-0.018850619257724736,1035,3389,841,0.0,0.9,0,94,2,0.0,27.069744900000003,75,0,0,0.0,0,28500,150,0,0,0,20,190,10,61.1,0.65,80,203564.48164800002,2544.5560206000005,0.29,400000,0,0,0.5,198129.49153614437,66.931875,756941.8022279852,11656903.754310973,16.3,0.15,0,0.18,0.05,0.77,0.1,892425.0,181.66603253471644,9010.998545787004,2724990.4880207465,0.5,22337.541819198403,0.1,1,2.75,1.2,0.2,0.03,0,3.91210447011552,42549.451088302354,0.1991,0.18524646335474015,0.7247035173631698,0.7789,0.022,0.09005001928209004,0.01,0.1,0.02,16.3,12.8,15138836.044559704,0.6,1157670208.0,214454311.7631464,104248224.55270119,4169.928982108047,838967671.6841525,119812.97319321384,0.05,0.6,0.01,1,0.06,0.2,0,2.68,0.2,2.68,2.31,0.5,355425.0319322836,0.00113,67729.375,0.001,4731.8,9,229765.71539613922,4731800.0,59937500.0,3.439,0.055908343812247296,124852,121245,19721,247789,40,9920,337.3030344746938,0.6919649122807018,107734.34782608696,0.619852535620592,2.3,20,0.5956097990102941,20,0.03103494136931419
2045,2071,2021,1,1,4133.30149416522,0.007587869,308.1391176110907,-602.2605155103196,6961.613485737563,11543.676461192652,323795.9760808169,22814900.0,0.9999997780159057,0.5305221514238013,0.0284,0.0145,0.00844,1014.6038250114403,1.5148807073971633,1.3745901110535503,69972.67758699588,0.0103,0.001462,0,1.5593037981015982,79866.99835455856,1.7593037981015982,0.0,1.5,2.6,0.0672,160937.1584500905,2.3,214352.93616550078,1.3319045659177304,0.5254098889464497,80,0.662,80,0.0215,0.0037939345,0.011827616238129874,6.368460021423835,4054.4218526028344,973.3448938931901,1232.156394377362,2.40354609929078,0.7340425531914894,1678.5898706010437,0.5964539007092199,-0.01659522829588652,1035,3389,841,0.0,0.9,0,94,2,0.1,27.069744900000003,75,0,0,2.7069744900000003,0,28500,150,0,0,0,20,190,10,61.1,0.65,80,203564.48164800002,2544.5560206000005,0.29,400000,0,0,0.5,199383.89076432103,66.931875,756941.8022279852,11656903.754310973,16.3,0.15,0,0.18,0.05,0.77,0.1,892425.0,181.66603253471644,9010.998545787004,2724990.4880207465,0.5,22337.541819198403,0.1,1,2.75,1.2,0.2,0.03,0,3.91210447011552,42825.07530117425,0.1991,0.1845509490859405,0.7219825928831696,0.7789,0.022,0.0934664580308899,0.01,0.1,0.02,16.3,12.8,15138836.044559704,0.6,1169560448.0,215843490.69177777,109314672.5275808,4372.586901103232,844402284.7806414,120589.09028952342,0.05,0.6,0.01,1,0.06,0.2,0,2.68,0.2,2.68,2.31,0.5,367549.7539859999,0.00113,67729.375,0.001,4731.8,9,240636.03822167884,4731800.0,59937500.0,3.439,0.05547879311721718,126511,123446,19996,250334,40,9960,336.3907448251653,0.7016140350877192,108840.8695652174,0.6157701314810546,2.3,20,0.6064220978071242,20,0.030760110488569085
2046,2071,2021,1,1,4134.433013260338,0.007530726,311.63107773371297,-609.6629480858169,7047.179238626375,11469.167380338651,327775.7785407617,22814900.0,0.9999997848756222,0.5206979329331737,0.0284,0.0145,0.00844,1059.8249412141702,1.463432833318067,1.3625739749783894,73091.37525614967,0.0103,0.001462,0,1.5724027560891018,80175.13747216965,1.7724027560891018,0.0,1.5,2.6,0.0672,168110.16308914422,2.3,216987.56539398423,1.2907462666544536,0.5374260250216106,80,0.662,80,0.0215,0.003765363,0.011142555125450074,6.3444797546676055,4068.649764118183,980.5052016274259,1236.8311150313857,2.40354609929078,0.7340425531914894,1684.9583306224674,0.5964539007092199,-0.014537313332722675,1035,3389,841,0.0,0.9,0,94,2,0.0,29.776719390000004,75,0,0,0.0,0,28500,150,0,0,0,20,190,10,61.1,0.65,80,223920.92981280005,2799.0116226600003,0.29,400000,0,0,0.5,203899.8317180003,66.931875,832635.9824507837,12822594.129742067,16.3,0.15,0,0.18,0.05,0.77,0.1,892425.0,199.83263578818807,9912.098400365707,2997489.536822821,0.5,24571.296001118237,0.1,1,2.75,1.2,0.2,0.03,0,3.91210447011552,43126.07714300184,0.1991,0.1838344839843701,0.7191797065566343,0.7789,0.022,0.09698580945899556,0.01,0.1,0.02,16.3,12.8,16652719.649015673,0.6,1182371072.0,217360575.89916652,114673215.49882032,4586.928619952812,850337280.6020131,121436.66704277351,0.05,0.6,0.01,1,0.06,0.2,0,2.68,0.2,2.68,2.31,0.5,382790.89622389904,0.00113,67729.375,0.001,4731.8,9,251361.2395058987,4731800.0,59937500.0,3.439,0.05507364969647455,127596,125864,20143,253076,40,10000,335.9435037222168,0.7067719298245614,110033.04347826088,0.6220710774473643,2.3,20,0.5620912708125295,20,0.030508660659794348
2047,2071,2021,1,1,4133.287817503761,0.007474439,314.9833087973388,-616.7538729459621,7129.144230289345,11399.854408168252,331588.10373438813,22814900.0,0.9999997911585062,0.5116007604472196,0.0284,0.0145,0.00844,1104.4067582588395,1.416311202993939,1.3507001937221756,76165.98332819583,0.0103,0.001462,0,1.5845323194037073,80486.76854990335,1.7845323194037073,0.0,1.5,2.6,0.0672,175181.7616548504,2.3,219511.32467216495,1.253048962395151,0.5492998062778244,80,0.662,80,0.0215,0.0037372195,0.010516316259172705,6.320769843346231,4082.9105478454503,987.3850374668115,1241.4882331491735,2.40354609929078,0.7340425531914894,1691.302810377135,0.5964539007092199,-0.012652448119757553,1035,3389,841,0.0,0.9,0,94,2,0.0,29.776719390000004,75,0,0,0.0,0,28500,150,0,0,0,20,190,10,61.1,0.65,80,223920.92981280005,2799.0116226600003,0.29,400000,0,0,0.5,205386.72505682823,66.931875,832635.9824507837,12822594.129742067,16.3,0.15,0,0.18,0.05,0.77,0.1,892425.0,199.83263578818807,9912.098400365707,2997489.536822821,0.5,24571.296001118237,0.1,1,2.75,1.2,0.2,0.03,0,3.91210447011552,43456.205641102,0.1991,0.1830965980934275,0.7162930198642425,0.7789,0.022,0.10061038204232998,0.01,0.1,0.02,16.3,12.8,16652719.649015673,0.6,1196223552.0,219024462.93043625,120352508.57475299,4814.10034299012,856846580.4948108,122366.26016046396,0.05,0.6,0.01,1,0.06,0.2,0,2.68,0.2,2.68,2.31,0.5,394851.3667224937,0.00113,67729.375,0.001,4731.8,9,261934.81666566545,4731800.0,59937500.0,3.439,0.05468991118048523,128954,127305,20502,256041,40,10040,335.9688500835989,0.7193684210526315,111322.17391304349,0.6194031774473703,2.3,20,0.5685265781382212,20,0.030278528954833486
2048,2071,2021,1,1,4130.084161719758,0.007418986,318.2034320830073,-623.5502316731374,7207.704290845402,11335.96938820562,335242.0600393211,22814900.0,0.9999997969325177,0.5031888149520993,0.0284,0.0145,0.00844,1148.3255336178909,1.373006117105988,1.3389749988081772,79194.86438744074,0.0103,0.001462,0,1.5957482467305344,80801.75185870069,1.7957482467305343,0.0,1.5,2.6,0.0672,182148.1880911137,2.3,221930.24374603055,1.2184048936847902,0.5610250011918227,80,0.662,80,0.0215,0.003709493,0.009941711926023465,6.2973227874628135,4097.193818896363,994.0157414807151,1246.1279471831192,2.40354609929078,0.7340425531914894,1697.6235802204812,0.5964539007092199,-0.010920244684239511,1035,3389,841,0.0,0.9,0,94,2,0.0,29.776719390000004,75,0,0,0.0,0,28500,150,0,0,0,20,190,10,61.1,0.65,80,223920.92981280005,2799.0116226600003,0.29,400000,0,0,0.5,206722.38588165134,66.931875,832635.9824507837,12822594.129742067,16.3,0.15,0,0.18,0.05,0.77,0.1,892425.0,199.83263578818807,9912.098400365707,2997489.536822821,0.5,24571.296001118237,0.1,1,2.75,1.2,0.2,0.03,0,3.91210447011552,43745.24510215036,0.1991,0.18233681476596791,0.7133206681125687,0.7789,0.022,0.10434251712146347,0.01,0.1,0.02,16.3,12.8,16652719.649015673,0.6,1209197696.0000002,220481256.31098723,126170731.29811421,5046.829251924569,862545708.3908988,123180.15261530428,0.05,0.6,0.01,1,0.06,0.2,0,2.68,0.2,2.68,2.31,0.5,406603.3495100601,0.00113,67729.375,0.001,4731.8,9,272351.1386284087,4731800.0,59937500.0,3.439,0.05432509541504847,130190,129115,20552,258818,40,10080,335.9085229466226,0.7211228070175438,112529.56521739131,0.6166361877665486,2.3,20,0.5766097885889511,20,0.03006782621135815
2049,2071,2021,1,1,4104.0990382736845,0.00736435,321.0275441043102,-630.0690013233153,7283.055660457675,11347.142287435388,338746.77490500815,22814900.0,0.9999998022548767,0.4984735794963106,0.0284,0.0145,0.00844,1191.561033725368,1.3263237943632258,1.3274037464768154,82176.62301554262,0.0103,0.001462,0,1.6061056820147577,81119.9552907837,1.8045792615110683,0.0,1.5,2.6,0.0672,189006.232935748,2.3,224250.3649871154,1.186470739636129,0.5725962535231847,80,0.662,80,0.0215,0.003682175,0.009412727236687905,6.274134951033277,4111.490982617673,1001.5763390226089,1250.7504500802995,2.40354609929078,0.7340425531914894,1703.9209030079442,0.5964539007092199,-0.008647073963612894,1035,3389,841,0.0,0.9,0,94,2,0.0,29.776719390000004,75,0,0,0.0,0,28500,150,0,0,0,20,190,10,61.1,0.65,80,223920.92981280005,2799.0116226600003,0.29,400000,0,0,0.5,207641.50360770983,66.931875,832635.9824507837,12822594.129742067,16.3,0.15,0,0.18,0.05,0.77,0.1,892425.0,199.83263578818807,9912.098400365707,2997489.536822821,0.5,24571.296001118237,0.1,1,2.75,1.2,0.2,0.03,0,3.91210447011552,43925.82039764092,0.1991,0.18155465019614006,0.7102607586025792,0.7789,0.022,0.10818459120128072,0.01,0.1,0.02,16.3,12.8,16652719.649015673,0.6,1219420032.0,221391377.3519259,131922457.66457266,5276.898306582907,866106196.9835014,123688.62599121386,0.05,0.6,0.01,1,0.06,0.2,0,2.68,0.2,2.68,2.31,0.5,417776.7351581609,0.00113,67729.375,0.001,4731.8,9,282605.40655045107,4731800.0,59937500.0,3.439,0.05391501166321087,132153,130203,20952,261006,40,10120,335.24147823123224,0.7351578947368421,113480.8695652174,0.6129696841126737,2.3,20,0.581468646583644,20,0.02987482317090064
2050,2071,2021,1,1,4052.067078999564,0.007310513,323.62229848907145,-636.4562741070325,7356.887039409245,11405.338781331942,342180.79253066255,22814900.0,0.9999998070875354,0.49600193739680926,0.0284,0.0145,0.00844,1233.7928347913187,1.275580877621096,1.3160653122127066,85089.16102009093,0.0103,0.001462,0,1.615992250412763,81440.98283488801,1.8119941878095722,0.0,1.5,2.6,0.0672,195705.07034620913,2.3,226523.68465529862,1.1574747872120548,0.5839346877872933,80,0.662,80,0.0215,0.0036552565,0.00886060383619515,6.251201528767299,4125.685973226729,1010.2231917744041,1255.355932118824,2.40354609929078,0.7340425531914894,1710.1950379589775,0.5964539007092199,-0.005747478721205475,1035,3389,841,0.0,0.9,0,94,2,0.1,29.776719390000004,75,0,0,2.9776719390000004,0,28500,150,0,0,0,20,190,10,61.1,0.65,80,223920.92981280005,2799.0116226600003,0.29,400000,0,0,0.5,208829.06067299919,66.931875,832635.9824507837,12822594.129742067,16.3,0.15,0,0.18,0.05,0.77,0.1,892425.0,199.83263578818807,9912.098400365707,2997489.536822821,0.5,24571.296001118237,0.1,1,2.75,1.2,0.2,0.03,0,3.91210447011552,44172.03413750931,0.1991,0.1807496135105522,0.7071113709862838,0.7789,0.022,0.11213901550316396,0.01,0.1,0.02,16.3,12.8,16652719.649015673,0.6,1231716736.0000002,222632323.9864789,138123502.15381053,5524.940086152422,870960909.8597108,124381.92753706533,0.05,0.6,0.01,1,0.06,0.2,0,2.68,0.2,2.68,2.31,0.5,428980.5104210919,0.00113,67729.375,0.001,4731.8,9,292621.6247480927,4731800.0,59937500.0,3.439,0.05345353426815695,132838,131857,21490,263638,40,10160,335.2213797360517,0.7540350877192983,114625.21739130435,0.6102886697075091,2.3,20,0.5888551825424879,20,0.02969190621384621
2051,2071,2021,1,1,4003.5197780454782,0.007257457,326.2065359193041,-642.8025856771696,7430.244941967281,11463.015908796899,345592.7879984782,22814900.0,0.9999998114103023,0.4935885006124783,0.0284,0.0145,0.00844,1274.6578113323383,1.2301918258009836,1.305048313522562,87907.43526429919,0.0103,0.001462,0,1.625645997550087,81764.60513337709,1.8192344981625652,0.0,1.5,2.6,0.0672,202187.10110788813,2.3,228782.4256549926,1.1315381861719906,0.594951686477438,80,0.662,80,0.0215,0.0036287285,0.008280356188794752,6.228517387947005,4139.770449804973,1018.3676947946194,1259.9445800495148,2.40354609929078,0.7340425531914894,1716.4462394877448,0.5964539007092199,-0.0031538186171990597,1035,3389,841,0.0,0.9,0,94,2,0.0,32.754391329,75,0,0,0.0,0,28500,150,0,0,0,20,190,10,61.1,0.65,80,246313.02279408,3078.912784926,0.29,400000,0,0,0.5,213383.174485254,66.931875,915899.5806958618,14104853.542716272,16.3,0.15,0,0.18,0.05,0.77,0.1,892425.0,219.81589936700684,10903.308240402273,3297238.490505102,0.5,27028.425601230054,0.1,1,2.75,1.2,0.2,0.03,0,3.91210447011552,44389.70527338361,0.1991,0.17992120677776804,0.7038705573038853,0.7789,0.022,0.1162082359183467,0.01,0.1,0.02,16.3,12.8,18317991.613917235,0.6,1243485504.0,223729412.49034113,144503256.80987623,5780.13027239505,875252834.6997826,124994.85732347598,0.05,0.6,0.01,1,0.06,0.2,0,2.68,0.2,2.68,2.31,0.5,443226.6693591789,0.00113,67729.375,0.001,4731.8,9,302313.6698739249,4731800.0,59937500.0,3.439,0.053026033991475464,134524,133131,21498,266157,40,10200,335.08087785419474,0.7543157894736842,115720.4347826087,0.6174410517102389,2.3,20,0.5404951735389921,20,0.0295145047993447
2052,2071,2021,1,1,3906.239593570384,0.007205166,327.5387160811009,-649.1079268661132,7503.129262162059,11520.21239034838,348982.75637963065,22814900.0,0.999999815294122,0.4912327630228219,0.0284,0.0145,0.00844,1314.226309849679,1.1894117196122862,1.2773431026172022,90636.29723101233,0.0103,0.001462,0,1.6350689479087124,82090.8116692964,1.8263017109315343,0.0,1.4943357756543005,2.6,0.0672,208463.48363132833,2.3,231026.5847233155,1.1082352683498777,0.6056642243456994,80,0.662,80,0.0215,0.003602583,0.007760611939447012,6.2060787936495005,4153.897202521255,1026.0774095015702,1264.516576855561,2.40354609929078,0.7340425531914894,1722.6747568756919,0.5964539007092199,-0.0008235268349877656,1035,3389,841,0.0,0.9,0,94,2,0.0,32.754391329,75,0,0,0.0,0,28500,150,0,0,0,20,190,10,61.1,0.65,80,246313.02279408,3078.912784926,0.29,400000,0,0,0.5,214190.02609113156,66.931875,915899.5806958618,14104853.542716272,16.3,0.15,0,0.18,0.05,0.77,0.1,892425.0,219.81589936700684,10903.308240402273,3297238.490505102,0.5,27028.425601230054,0.1,1,2.75,1.2,0.2,0.03,0,3.91210447011552,44533.987313245765,0.1991,0.17906892479206024,0.7005363411377987,0.7789,0.022,0.12039473407014095,0.01,0.1,0.02,16.3,12.8,18317991.613917235,0.6,1253464896.0000002,224456611.19131166,150910572.8201769,6036.422912807077,878097711.9885116,125401.13424907936,0.05,0.6,0.01,1,0.06,0.2,0,2.68,0.2,2.68,2.31,0.5,453418.07726858306,0.00113,67729.375,0.001,4731.8,9,311698.22617745143,4731800.0,59937500.0,3.439,0.052627608307087834,135824,134881,21758,268293,40,10240,334.4871008692506,0.763438596491228,116649.13043478262,0.6137553279513078,2.3,20,0.547599954196339,20,0.02934242398171879
2053,2071,2021,1,1,3772.3290858909218,0.007153623,327.82921195463274,-655.3723607405688,7575.540728990442,11576.819459771477,352350.73158095084,22814900.0,0.9999998186964673,0.4889279768618035,0.0284,0.0145,0.00844,1351.810502463629,1.1536870941641204,1.236393694996017,93228.31051473304,0.0103,0.001462,0,1.644288092552786,82418.3503853775,1.8332160694145896,0.0,1.4840984237490042,2.6,0.0672,214425.11418388598,2.3,233256.18430658948,1.0878211966652116,0.6159015762509957,80,0.662,80,0.0215,0.0035768115,0.007149490223310381,6.183880855151711,4167.805405343516,1052.2534179832962,1269.0721027785592,2.40354609929078,0.7340425531914894,1728.8808356693414,0.5964539007092199,0.012178803334788477,1035,3389,841,0.0,0.9,0,94,2,0.0,32.754391329,75,0,0,0.0,0,28500,150,0,0,0,20,190,10,61.1,0.65,80,246313.02279408,3078.912784926,0.29,400000,0,0,0.5,215258.3039059438,66.931875,915899.5806958618,14104853.542716272,16.3,0.15,0,0.18,0.05,0.77,0.1,892425.0,219.81589936700684,10903.308240402273,3297238.490505102,0.5,27028.425601230054,0.1,1,2.75,1.2,0.2,0.03,0,3.91210447011552,44741.624173648685,0.1991,0.1781922551854153,0.6971067180508286,0.7789,0.022,0.12470102676375618,0.01,0.1,0.02,16.3,12.8,18317991.613917235,0.6,1265504640.0,225503125.7492071,157809727.98229763,6312.389119291905,882191786.2684953,125985.80899700383,0.05,0.6,0.01,1,0.06,0.2,0,2.68,0.2,2.68,2.31,0.5,463400.2887661107,0.00113,67729.375,0.001,4731.8,9,320612.1598601669,4731800.0,59937500.0,3.439,0.05131843629787783,137125,136094,22077,270870,40,10280,334.4697616735775,0.7746315789473684,117769.56521739131,0.610920553336468,2.3,20,0.5525245821605457,20,0.029175475112184407
2054,2071,2021,1,1,3650.2961968869117,0.007102812,328.2050295191258,-661.5957465888441,7647.477715946313,11632.745382565934,355696.63795099134,22814900.0,0.9999998216065086,0.48666853298345336,0.0284,0.0145,0.00844,1386.9080219233247,1.123131660032405,1.1978455841332816,95648.82909816032,0.0103,0.001462,0,1.6533258680661866,82746.17959733214,1.8399944010496398,0.0,1.4744613960333204,2.6,0.0672,219992.30692576873,2.3,235471.17432355628,1.0703609485899457,0.6255386039666796,80,0.662,80,0.0215,0.003551406,0.006490835696965586,6.161919244653384,4181.570051418072,1086.3117904868118,1273.6113344701066,2.40354609929078,0.7340425531914894,1735.0647165244932,0.5964539007092199,0.02963905141005438,1035,3389,841,0.0,0.9,0,94,2,0.0,32.754391329,75,0,0,0.0,0,28500,150,0,0,0,20,190,10,61.1,0.65,80,246313.02279408,3078.912784926,0.29,400000,0,0,0.5,216309.28209869398,66.931875,915899.5806958618,14104853.542716272,16.3,0.15,0,0.18,0.05,0.77,0.1,892425.0,219.81589936700684,10903.308240402273,3297238.490505102,0.5,27028.425601230054,0.1,1,2.75,1.2,0.2,0.03,0,3.91210447011552,44941.88181518294,0.1991,0.17729067832085693,0.6935796551688371,0.7789,0.022,0.12912966651030583,0.01,0.1,0.02,16.3,12.8,18317991.613917235,0.6,1277633152.0,226512448.1632945,164980342.84027088,6599.213713610835,886140360.9964345,126549.70495390083,0.05,0.6,0.01,1,0.06,0.2,0,2.68,0.2,2.68,2.31,0.5,472775.4303672673,0.00113,67729.375,0.001,4731.8,9,328936.3232685733,4731800.0,59937500.0,3.439,0.04970948531802351,138707,137284,22078,273466,40,10320,334.49672607239677,0.7746666666666666,118898.26086956523,0.6081285539968965,2.3,20,0.5573558330075414,20,0.029013487615314238
2055,2071,2021,1,1,3538.753621825135,0.007052718,328.6581332208292,-667.7777763601014,7718.936662226975,11688.027947874556,359020.3098710221,22814900.0,0.9999998241019459,0.48445453678044453,0.0284,0.0145,0.00844,1419.7271504602968,1.096929567734374,1.1614961008817895,97912.21727312391,0.0103,0.001462,0,1.662181852878222,83074.38462685127,1.8466363896586664,0.0,1.4653740252204472,2.6,0.0672,225198.09972818498,2.3,237671.44513461666,1.0553883244196423,0.6346259747795526,80,0.662,80,0.0215,0.003526359,0.005915880508690735,6.140190218084252,4195.4193770999,1116.2404567101105,1278.1344454050118,2.40354609929078,0.7340425531914894,1741.2266357691465,0.5964539007092199,0.04461167558035779,1035,3389,841,0.0,0.9,0,94,2,0.1,32.754391329,75,0,0,3.2754391329000003,0,28500,150,0,0,0,20,190,10,61.1,0.65,80,246313.02279408,3078.912784926,0.29,400000,0,0,0.5,217264.72880537776,66.931875,915899.5806958618,14104853.542716272,16.3,0.15,0,0.18,0.05,0.77,0.1,892425.0,219.81589936700684,10903.308240402273,3297238.490505102,0.5,27028.425601230054,0.1,1,2.75,1.2,0.2,0.03,0,3.91210447011552,45114.94350469743,0.1991,0.17636366717026775,0.6899530907027702,0.7789,0.022,0.13368324212696198,0.01,0.1,0.02,16.3,12.8,18317991.613917235,0.6,1289294464.0,227384699.73336476,172357064.00386366,6894.282560154547,889552700.2627715,127037.0211245264,0.05,0.6,0.01,1,0.06,0.2,0,2.68,0.2,2.68,2.31,0.5,481514.66900765087,0.00113,67729.375,0.001,4731.8,9,336720.1152022731,4731800.0,59937500.0,3.439,0.04837667339092324,140028,138376,22516,275962,40,10360,334.4228027211127,0.7900350877192982,119983.47826086957,0.605159994662781,2.3,20,0.5617892161377258,20,0.028856306217667254
2056,2071,2021,1,1,3436.5094962963353,0.007003325,329.1814000678185,-673.9182194873761,7789.914902676656,11742.704084722394,362321.6233803096,22814900.0,0.9999998262449291,0.48228601163936774,0.0284,0.0145,0.00844,1450.4530342950868,1.0744282441535762,1.1271650683781445,100031.24374448875,0.0103,0.001462,0,1.6708559534425291,83403.0427600721,1.8531419650818968,0.0,1.456791267094536,2.6,0.0672,230071.8606123241,2.3,239856.914677765,1.042530425230615,0.6432087329054639,80,0.662,80,0.0215,0.0035016625,0.005410526210058801,6.118688888303511,4209.330892642311,1142.6441877855889,1282.6416063097756,2.40354609929078,0.7340425531914894,1747.3668259872306,0.5964539007092199,0.05746957476938514,1035,3389,841,0.0,0.9,0,94,2,0.0,36.0298304619,75,0,0,0.0,0,28500,150,0,0,0,20,190,10,61.1,0.65,80,270944.325073488,3386.8040634186,0.29,400000,0,0,0.5,222764.97894742893,66.931875,1007489.538765448,15515338.896987898,16.3,0.15,0,0.18,0.05,0.77,0.1,892425.0,241.79748930370752,11993.639064442501,3626962.3395556123,0.5,29731.26816135306,0.1,1,2.75,1.2,0.2,0.03,0,3.91210447011552,45468.39164680743,0.1991,0.17541068744705068,0.6862249344676433,0.7789,0.022,0.138364378085306,0.01,0.1,0.02,16.3,12.8,20149790.77530896,0.6,1306454720.0,229166120.55364412,180766794.82941258,7230.671793176504,896521804.6169434,128032.2789173457,0.05,0.6,0.01,1,0.06,0.2,0,2.68,0.2,2.68,2.31,0.5,494302.2511847257,0.00113,67729.375,0.001,4731.8,9,344007.4472372968,4731800.0,59937500.0,3.439,0.04725880600211202,141273,138902,22374,279635,40,10400,335.7832570067371,0.7850526315789473,121580.4347826087,0.6148266197008189,2.3,20,0.5126588274632647,20,0.028703779539770047
2057,2071,2021,1,1,3342.5354923649434,0.00695462,329.76849565145915,-680.0169194777346,7860.410628371661,11796.809843393898,365600.494342868,22814900.0,0.9999998280857602,0.4801629057460417,0.0284,0.0145,0.00844,1479.250852994105,1.0550995180268539,1.0946917235086906,102017.30020648999,0.0103,0.001462,0,1.6793483770158333,83732.22416013991,1.859511282761875,0.0,1.4486729308771726,2.6,0.0672,234639.79047492697,2.3,242027.52725497863,1.031485438872488,0.6513270691228273,80,0.662,80,0.0215,0.00347731,0.004963590343518715,6.097412715731844,4223.286853211111,1166.0125656797738,1287.1329843235303,2.40354609929078,0.7340425531914894,1753.4855148755341,0.5964539007092199,0.06851456112751214,1035,3389,841,0.0,0.9,0,94,2,0.0,36.0298304619,75,0,0,0.0,0,28500,150,0,0,0,20,190,10,61.1,0.65,80,270944.325073488,3386.8040634186,0.29,400000,0,0,0.5,223150.32421761996,66.931875,1007489.538765448,15515338.896987898,16.3,0.15,0,0.18,0.05,0.77,0.1,892425.0,241.79748930370752,11993.639064442501,3626962.3395556123,0.5,29731.26816135306,0.1,1,2.75,1.2,0.2,0.03,0,3.91210447011552,45491.47382935025,0.1991,0.17443119721330877,0.6823930663457871,0.7789,0.022,0.14317573644090414,0.01,0.1,0.02,16.3,12.8,20149790.77530896,0.6,1314457856.0000002,229282457.50851905,188198471.55333197,7527.938862133279,896976926.9381492,128097.27493603712,0.05,0.6,0.01,1,0.06,0.2,0,2.68,0.2,2.68,2.31,0.5,501517.64462773904,0.00113,67729.375,0.001,4731.8,9,350837.49541011907,4731800.0,59937500.0,3.439,0.04631167929868623,142907,140508,22694,281348,40,10440,334.80894934597404,0.7962807017543859,122325.21739130435,0.6103665822955502,2.3,20,0.5185862444688226,20,0.028555760075666483
2058,2071,2021,1,1,3255.9408066327715,0.006906587,330.4137699477565,-686.0737905474474,7930.4228477258675,11850.380376863863,368856.8766384125,22814900.0,0.9999998296655858,0.47808509828805906,0.0284,0.0145,0.00844,1506.268480264982,1.0385113499591618,1.063932132048411,103880.58484586082,0.0103,0.001462,0,1.6876596068477638,84061.99265579137,1.865744705135823,0.0,1.4409830330121027,2.6,0.0672,238925.34514547986,2.3,244183.25233462907,1.0220064856909497,0.6590169669878972,80,0.662,80,0.0215,0.0034532935,0.004566099660546339,6.076356286561889,4237.273112999016,1186.7461570242094,1291.6087447212485,2.40354609929078,0.7340425531914894,1759.582927591266,0.5964539007092199,0.07799351430905037,1035,3389,841,0.0,0.9,0,94,2,0.0,36.0298304619,75,0,0,0.0,0,28500,150,0,0,0,20,190,10,61.1,0.65,80,270944.325073488,3386.8040634186,0.29,400000,0,0,0.5,224300.51246491814,66.931875,1007489.538765448,15515338.896987898,16.3,0.15,0,0.18,0.05,0.77,0.1,892425.0,241.79748930370752,11993.639064442501,3626962.3395556123,0.5,29731.26816135306,0.1,1,2.75,1.2,0.2,0.03,0,3.91210447011552,45703.36377964414,0.1991,0.17342464728543752,0.6784553378735675,0.7789,0.022,0.14812001484099502,0.01,0.1,0.02,16.3,12.8,20149790.77530896,0.6,1328244928.0,230350408.14707136,196739658.44783637,7869.586337913455,901154861.4050924,128693.92575726127,0.05,0.6,0.01,1,0.06,0.2,0,2.68,0.2,2.68,2.31,0.5,509075.66874983354,0.00113,67729.375,0.001,4731.8,9,357245.3312849154,4731800.0,59937500.0,3.439,0.045502569930713846,143647,141741,23001,284299,40,10480,335.3315844259478,0.8070526315789474,123608.26086956523,0.6080963286060631,2.3,20,0.5231369948846712,20,0.02841210416221537
2059,2071,2021,1,1,3175.9508291344887,0.006859213,331.11216929258916,-692.0888143012257,7999.951348105564,11903.449923166803,372090.760377003,22814900.0,0.9999998310183869,0.4760524051409685,0.0284,0.0145,0.00844,1531.638728997315,1.0243069384977008,1.034757007422795,105630.25717222861,0.0103,0.001462,0,1.695790379436126,84392.40642573913,1.8718427845770944,0.0,1.4336892518556987,2.6,0.0672,242949.5914961258,2.3,246324.083369576,1.0138896791415433,0.6663107481443012,80,0.662,80,0.0215,0.0034296065,0.004210778002848098,6.055516556772744,4251.278283714182,1205.1758546538108,1296.0690488039374,2.40354609929078,0.7340425531914894,1765.6592838778279,0.5964539007092199,0.08611032085845675,1035,3389,841,0.0,0.9,0,94,2,0.0,36.0298304619,75,0,0,0.0,0,28500,150,0,0,0,20,190,10,61.1,0.65,80,270944.325073488,3386.8040634186,0.29,400000,0,0,0.5,225028.76926430245,66.931875,1007489.538765448,15515338.896987898,16.3,0.15,0,0.18,0.05,0.77,0.1,892425.0,241.79748930370752,11993.639064442501,3626962.3395556123,0.5,29731.26816135306,0.1,1,2.75,1.2,0.2,0.03,0,3.91210447011552,45805.87464503149,0.1991,0.17239048083240435,0.6744095706698129,0.7789,0.022,0.15319994849778273,0.01,0.1,0.02,16.3,12.8,20149790.77530896,0.6,1339210112.0,230867075.1432981,205166920.18610984,8206.676807444393,903176116.6705921,128982.58122172728,0.05,0.6,0.01,1,0.06,0.2,0,2.68,0.2,2.68,2.31,0.5,515821.04867959657,0.00113,67729.375,0.001,4731.8,9,363262.45441529417,4731800.0,59937500.0,3.439,0.044806739026074835,144909,143052,23280,286646,40,10520,335.15961408398783,0.8168421052631579,124628.69565217392,0.6047684952894367,2.3,20,0.5279756273219605,20,0.028272671939881328
2060,2071,2021,1,1,3101.889555238148,0.006812485,331.8591616600247,-698.0620364562394,8068.996657961904,11956.05178935817,375302.170137763,22814900.0,0.9999998321724713,0.47406458410773294,0.0284,0.0145,0.00844,1555.481254449304,1.0121890503224997,1.0070498613815004,107274.56927236578,0.0103,0.001462,0,1.7037416635690683,84723.51859503172,1.8778062476768012,0.0,1.426762465345375,2.6,0.0672,246731.50932644127,2.3,248450.03663119912,1.006965171612857,0.6732375346546249,80,0.662,80,0.0215,0.0034062425,0.003891669262567801,6.034890251119355,4265.293125671215,1221.577386072869,1300.5140556381643,2.40354609929078,0.7340425531914894,1771.7148004346006,0.5964539007092199,0.09303482838714308,1035,3389,841,0.0,0.9,0,94,2,0.1,36.0298304619,75,0,0,3.60298304619,0,28500,150,0,0,0,20,190,10,61.1,0.65,80,270944.325073488,3386.8040634186,0.29,400000,0,0,0.5,225796.07685684355,66.931875,1007489.538765448,15515338.896987898,16.3,0.15,0,0.18,0.05,0.77,0.1,892425.0,241.79748930370752,11993.639064442501,3626962.3395556123,0.5,29731.26816135306,0.1,1,2.75,1.2,0.2,0.03,0,3.91210447011552,45914.60008861438,0.1991,0.17132813336250477,0.670253556384003,0.7789,0.022,0.15841831025349232,0.01,0.1,0.02,16.3,12.8,20149790.77530896,0.6,1350712576.0000002,231415064.3553404,213977603.92806187,8559.104157122476,905319907.716598,129288.73602100738,0.05,0.6,0.01,1,0.06,0.2,0,2.68,0.2,2.68,2.31,0.5,522243.14558450953,0.00113,67729.375,0.001,4731.8,9,368917.2437276659,4731800.0,59937500.0,3.439,0.044205140513937785,145737,144528,23682,289108,40,10560,335.1438932223925,0.8309473684210527,125699.13043478262,0.6016380794546433,2.3,20,0.5334232409584507,20,0.028137327306484043
2061,2071,2021,1,1,3033.1650090904436,0.006766389,332.65067294323893,-703.9935636128279,8137.560009503115,12008.21833753737,378491.16323270305,22814900.0,0.9999998331516085,0.47212133976790976,0.0284,0.0145,0.00844,1577.9041748107422,1.0019081114521249,0.9807054291033117,108820.97757315463,0.0103,0.001462,0,1.711514640928361,85055.37775669176,1.8836359806962708,0.0,1.420176357275828,2.6,0.0672,250288.24841825562,2.3,250561.15006004943,1.0010903494012142,0.6798236427241721,80,0.662,80,0.0215,0.0033831945,0.0036038557676763357,6.01447297590463,4279.310088039316,1236.1823382519308,1304.9439218863263,2.40354609929078,0.7340425531914894,1777.74969068572,0.5964539007092199,0.09890965059878579,1035,3389,841,0.0,0.9,0,94,2,0.0,39.632813508089995,75,0,0,0.0,0,28500,150,0,0,0,20,190,10,61.1,0.65,80,298038.75758083677,3725.4844697604594,0.29,400000,0,0,0.5,230281.46348574976,66.931875,1108238.4926419926,17066872.78668669,16.3,0.15,0,0.18,0.05,0.77,0.1,892425.0,265.97723823407824,13193.00297088675,3989658.5735111735,0.5,32704.39497748837,0.1,1,2.75,1.2,0.2,0.03,0,3.91210447011552,45900.243088492454,0.1991,0.17023703287958628,0.6659850573074324,0.7789,0.022,0.1637779098129814,0.01,0.1,0.02,16.3,12.8,22164769.852839854,0.6,1358944640.0,231342703.36121753,222565112.69075447,8902.60450763018,905036823.9480281,129248.3088280179,0.05,0.6,0.01,1,0.06,0.2,0,2.68,0.2,2.68,2.31,0.5,532046.6303598285,0.00113,67729.375,0.001,4731.8,9,374235.3418740788,4731800.0,59937500.0,3.439,0.043682876165631594,147853,145990,23465,290870,40,10600,334.344179426724,0.8233333333333334,126465.21739130435,0.6084196564033614,2.3,20,0.4898356213298979,20,0.028005937865140943
2062,2071,2021,1,1,2972.1384644905097,0.006720913,333.4830323831664,-709.8835600746517,8205.643301938175,12059.980973256725,381657.82799712446,22814900.0,0.9999998339759003,0.4702223279825709,0.0284,0.0145,0.00844,1599.005456907798,0.994216897155225,0.9556283223743172,110276.23840743433,0.0103,0.001462,0,1.7191106880697165,85388.028429635,1.8893330160522872,0.0,1.4139070805935792,2.6,0.0672,253635.34833709893,2.3,252657.4821340964,0.9961445981034833,0.6860929194064207,80,0.662,80,0.0215,0.0033604565,0.0033432451783053678,5.994261878243771,4293.322958562974,1252.625201336737,1309.3588009856608,2.40354609929078,0.7340425531914894,1783.7641636616247,0.5964539007092199,0.10578310284477502,1035,3389,841,0.0,0.9,0,94,2,0.0,39.632813508089995,75,0,0,0.0,0,28500,150,0,0,0,20,190,10,61.1,0.65,80,298038.75758083677,3725.4844697604594,0.29,400000,0,0,0.5,230951.42238325175,66.931875,1108238.4926419926,17066872.78668669,16.3,0.15,0,0.18,0.05,0.77,0.1,892425.0,265.97723823407824,13193.00297088675,3989658.5735111735,0.5,32704.39497748837,0.1,1,2.75,1.2,0.2,0.03,0,3.91210447011552,45977.35950124233,0.1991,0.1691165995807104,0.6616018051904337,0.7789,0.022,0.16928159522885589,0.01,0.1,0.02,16.3,12.8,22164769.852839854,0.6,1370246208.0,231731379.28532282,231957463.94653067,9278.298557861228,906557364.7681464,129465.457262539,0.05,0.6,0.01,1,0.06,0.2,0,2.68,0.2,2.68,2.31,0.5,537721.2312664184,0.00113,67729.375,0.001,4731.8,9,379239.9838831667,4731800.0,59937500.0,3.439,0.043109463183699306,148457,147658,23868,293289,40,10640,334.32579436756765,0.8374736842105264,127516.95652173914,0.6051269106551427,2.3,20,0.4954322088795812,20,0.027878374867448454
2063,2071,2021,1,1,2915.4261132249544,0.006676044,334.3505262986802,-715.7322447215654,8273.24906532992,12111.370136576106,384802.28210836835,22814900.0,0.9999998346667284,0.4683671600927014,0.0284,0.0145,0.00844,1618.9158855177473,0.9879994447012312,0.9316914595000958,111649.37141501704,0.0103,0.001462,0,1.7265313596291945,85721.51146201817,1.8948985197218957,0.0,1.407922864875024,2.6,0.0672,256793.55425453917,2.3,254739.11075573985,0.9919996298008208,0.692077135124976,80,0.662,80,0.0215,0.003338022,0.003112939440565247,5.974252999137443,4307.338291971106,1267.962331751562,1313.7588442792653,2.40354609929078,0.7340425531914894,1789.7584255398685,0.5964539007092199,0.11200055529876882,1035,3389,841,0.0,0.9,0,94,2,0.0,39.632813508089995,75,0,0,0.0,0,28500,150,0,0,0,20,190,10,61.1,0.65,80,298038.75758083677,3725.4844697604594,0.29,400000,0,0,0.5,231819.065014845,66.931875,1108238.4926419926,17066872.78668669,16.3,0.15,0,0.18,0.05,0.77,0.1,892425.0,265.97723823407824,13193.00297088675,3989658.5735111735,0.5,32704.39497748837,0.1,1,2.75,1.2,0.2,0.03,0,3.91210447011552,46099.63660629718,0.1991,0.16796624601533577,0.6571015018651183,0.7789,0.022,0.17493225211954605,0.01,0.1,0.02,16.3,12.8,22164769.852839854,0.6,1383299776.0000002,232347670.48857492,241983745.1721436,9679.349806885746,908968360.3392819,129809.77154005287,0.05,0.6,0.01,1,0.06,0.2,0,2.68,0.2,2.68,2.31,0.5,543311.0783110885,0.00113,67729.375,0.001,4731.8,9,383962.1882962436,4731800.0,59937500.0,3.439,0.04258801594319009,150248,148353,23639,296083,40,10680,334.7507151585926,0.8294385964912281,128731.7391304348,0.6024368248147757,2.3,20,0.49776412035861595,20,0.027754513152789175
2064,2071,2021,1,1,2861.8896762680906,0.00663177,335.25017850995374,-721.5398879389011,8340.380425100198,12162.414980631675,387924.67093489296,22814900.0,0.9999998352384368,0.4665553947571976,0.0284,0.0145,0.00844,1637.7152838195016,0.9828540684061213,0.9088171343318115,112945.88164272424,0.0103,0.001462,0,1.7337784209712097,86055.86198831686,1.9003338157284073,0.0,1.402204283582953,2.6,0.0672,259775.52777826574,2.3,256806.13215889916,0.9885693789374143,0.6977957164170471,80,0.662,80,0.0215,0.003315885,0.002903084476149628,5.954443052777312,4321.339438533793,1281.4345382666286,1318.144200204164,2.40354609929078,0.7340425531914894,1795.732678539006,0.5964539007092199,0.11714593159387862,1035,3389,841,0.0,0.9,0,94,2,0.0,39.632813508089995,75,0,0,0.0,0,28500,150,0,0,0,20,190,10,61.1,0.65,80,298038.75758083677,3725.4844697604594,0.29,400000,0,0,0.5,232421.44387614948,66.931875,1108238.4926419926,17066872.78668669,16.3,0.15,0,0.18,0.05,0.77,0.1,892425.0,265.97723823407824,13193.00297088675,3989658.5735111735,0.5,32704.39497748837,0.1,1,2.75,1.2,0.2,0.03,0,3.91210447011552,46151.84343708236,0.1991,0.16678537693091708,0.6524818186413426,0.7789,0.022,0.18073280442774026,0.01,0.1,0.02,16.3,12.8,22164769.852839854,0.6,1394671424.0,232610799.14661887,252062877.71475002,10082.515108590002,909997747.138631,129956.77826886791,0.05,0.6,0.01,1,0.06,0.2,0,2.68,0.2,2.68,2.31,0.5,548372.1558454782,0.00113,67729.375,0.001,4731.8,9,388420.8869693287,4731800.0,59937500.0,3.439,0.04214027200565761,151559,149250,24012,298517,40,10720,334.78432729481347,0.8425263157894737,129790.00000000001,0.5991406612938979,2.3,20,0.5007737960373125,20,0.02763423108451688
2065,2071,2021,1,1,2811.292308881993,0.006588079,333.8232194051135,-727.3068080206233,8407.041060453439,12213.143675192801,391025.16560248553,22814900.0,0.9999998357023326,0.4647865541652209,0.0284,0.0145,0.00844,1655.4658125100061,0.978679006019973,0.8869447674703858,114170.05603517283,0.0103,0.001462,0,1.7408537833391164,86391.11216682682,1.9056403375043374,0.0,1.3869447674703856,2.6,0.0672,262591.1288808975,2.3,258858.65962884543,0.9857860040133154,0.7032638081324035,80,0.662,80,0.0215,0.0032940395,0.002709648139984774,5.934828545164637,4335.31999140222,1293.2057839635145,1322.515014785458,2.40354609929078,0.7340425531914894,1801.6871215917834,0.5964539007092199,0.12132099398002691,1035,3389,841,0.0,0.9,0,94,2,0.1,39.632813508089995,75,0,0,3.963281350809,0,28500,150,0,0,0,20,190,10,61.1,0.65,80,298038.75758083677,3725.4844697604594,0.29,400000,0,0,0.5,232752.77380913924,66.931875,1108238.4926419926,17066872.78668669,16.3,0.15,0,0.18,0.05,0.77,0.1,892425.0,265.97723823407824,13193.00297088675,3989658.5735111735,0.5,32704.39497748837,0.1,1,2.75,1.2,0.2,0.03,0,3.91210447011552,46132.79235947168,0.1991,0.1655733892780634,0.6477403963268888,0.7789,0.022,0.18668621439504776,0.01,0.1,0.02,16.3,12.8,22164769.852839854,0.6,1404300416.0000002,232514779.4417144,262163528.5364308,10486.541141457234,909622108.021855,129903.13324660114,0.05,0.6,0.01,1,0.06,0.2,0,2.68,0.2,2.68,2.31,0.5,552913.4215140985,0.00113,67729.375,0.001,4731.8,9,392630.82270495937,4731800.0,59937500.0,3.439,0.04175669539189404,152275,151183,24281,300578,40,10760,334.42140931015956,0.8519649122807017,130686.08695652174,0.5952373255836805,2.3,20,0.5072595296905128,20,0.027517410505845982
2066,2071,2021,1,1,2763.524961755346,0.00654496,330.96805244595515,-733.0333682211202,8473.235170297892,12263.269032842798,394103.9614092043,22814900.0,0.9999998360683098,0.4630482570532082,0.0284,0.0145,0.00844,1672.2252967074,0.9753852115822506,0.8660510572613261,115325.88253154482,0.0103,0.001462,0,1.7478069717871674,86724.93538623193,1.9108552288403755,0.0,1.366051057261326,2.6,0.0672,265249.52982255304,2.3,260896.82245289325,0.9835901410548337,0.7084872356846684,80,0.662,80,0.0215,0.00327248,0.002530931788313883,5.9154066793841595,4349.277655098909,1303.4195900223851,1326.8714314835045,2.40354609929078,0.7340425531914894,1807.621950136948,0.5964539007092199,0.1246147884177495,1035,3389,841,0.0,0.9,0,94,2,0.0,43.596094858898994,75,0,0,0.0,0,28500,150,0,0,0,20,190,10,61.1,0.65,80,327842.6333389204,4098.032916736505,0.29,400000,0,0,0.5,237748.00850204416,66.931875,1219062.341906192,18773560.065355357,16.3,0.15,0,0.18,0.05,0.77,0.1,892425.0,292.5749620574861,14512.303267975425,4388624.430862291,0.5,35974.83447523721,0.1,1,2.75,1.2,0.2,0.03,0,3.91210447011552,46121.38260175094,0.1991,0.16432967203507662,0.6428748445410406,0.7789,0.022,0.1927954834238828,0.01,0.1,0.02,16.3,12.8,24381246.83812384,0.6,1414578816.0000002,232457272.90104702,272724406.6719038,10908.976266876154,909397136.4270494,129871.00505314695,0.05,0.6,0.01,1,0.06,0.2,0,2.68,0.2,2.68,2.31,0.5,561883.5435280268,0.00113,67729.375,0.001,4731.8,9,396605.71002598264,4731800.0,59937500.0,3.439,0.04142948319433544,153536,152163,24782,302778,40,10800,334.2359417668513,0.8695438596491228,131642.6086956522,0.6032621637496982,2.3,20,0.4641342660357886,20,0.027403936670370565
2067,2071,2021,1,1,2718.4514134291685,0.006502402,328.2611289595875,-738.7193891405624,8538.960680925853,12312.613741106343,397160.9619035281,22814900.0,0.999999836345341,0.46133297661903677,0.0284,0.0145,0.00844,1688.049141850595,0.9728919314101863,0.8461024416812429,116417.18219659277,0.0103,0.001462,0,1.754668093523853,87055.90343867788,1.9160010701428898,0.0,1.3461024416812428,2.6,0.0672,267759.51905216335,2.3,262920.5567801356,0.9819279542734575,0.7134743895796892,80,0.662,80,0.0215,0.003251201,0.0023656867849015735,5.896174468018616,4363.210901252953,1312.2066612953897,1331.2135917056055,2.40354609929078,0.7340425531914894,1813.5373568163322,0.5964539007092199,0.12710806858981383,1035,3389,841,0.0,0.9,0,94,2,0.0,43.596094858898994,75,0,0,0.0,0,28500,150,0,0,0,20,190,10,61.1,0.65,80,327842.6333389204,4098.032916736505,0.29,400000,0,0,0.5,238345.8181388928,66.931875,1219062.341906192,18773560.065355357,16.3,0.15,0,0.18,0.05,0.77,0.1,892425.0,292.5749620574861,14512.303267975425,4388624.430862291,0.5,35974.83447523721,0.1,1,2.75,1.2,0.2,0.03,0,3.91210447011552,46159.538121060395,0.1991,0.16305360620154913,0.6378827416895361,0.7789,0.022,0.1990636521089149,0.01,0.1,0.02,16.3,12.8,24381246.83812384,0.6,1426828800.0,232649581.2722289,284029751.86218053,11361.190074487222,910149466.8655907,129978.44536307504,0.05,0.6,0.01,1,0.06,0.2,0,2.68,0.2,2.68,2.31,0.5,566234.3327129753,0.00113,67729.375,0.001,4731.8,9,400358.68957408256,4731800.0,59937500.0,3.439,0.04115205446883805,154847,152997,24941,305400,40,10840,334.5336562255716,0.8751228070175439,132782.6086956522,0.6001239824693241,2.3,20,0.4666781694674629,20,0.027293719775593347
2068,2071,2021,1,1,2675.8783719621792,0.006460394,325.69464389549023,-744.3643657686968,8604.211754853211,12361.20770566528,400195.895574568,22814900.0,0.9999998365415245,0.45964132901112825,0.0284,0.0145,0.00844,1702.9899747884845,0.971126279363856,0.8270459352677937,117447.58446817134,0.0103,0.001462,0,1.761434683955487,87384.16456763746,1.9210760129666151,0.0,1.3270459352677935,2.6,0.0672,270129.44427679403,2.3,264929.68287036405,0.9807508529092374,0.7182385161830516,80,0.662,80,0.0215,0.003230197,0.0022127366685411962,5.877128734454117,4377.118294327997,1319.685395442474,1335.5416346661725,2.40354609929078,0.7340425531914894,1819.433531284351,0.5964539007092199,0.128873720636144,1035,3389,841,0.0,0.9,0,94,2,0.0,43.596094858898994,75,0,0,0.0,0,28500,150,0,0,0,20,190,10,61.1,0.65,80,327842.6333389204,4098.032916736505,0.29,400000,0,0,0.5,238724.27900415508,66.931875,1219062.341906192,18773560.065355357,16.3,0.15,0,0.18,0.05,0.77,0.1,892425.0,292.5749620574861,14512.303267975425,4388624.430862291,0.5,35974.83447523721,0.1,1,2.75,1.2,0.2,0.03,0,3.91210447011552,46139.0451331509,0.1991,0.16174456480032634,0.632761634972246,0.7789,0.022,0.20549380022742753,0.01,0.1,0.02,16.3,12.8,24381246.83812384,0.6,1437737920.0,232546294.16732642,295446228.91187716,11817.849156475088,909745396.9207963,129920.74013425894,0.05,0.6,0.01,1,0.06,0.2,0,2.68,0.2,2.68,2.31,0.5,570156.3469901963,0.00113,67729.375,0.001,4731.8,9,403902.24298604124,4731800.0,59937500.0,3.439,0.04091884337470786,155831,154581,24911,307735,40,10880,334.53348114613794,0.8740701754385964,133797.82608695654,0.5965185591456769,2.3,20,0.47150975584129023,20,0.02718668562149894
2069,2071,2021,1,1,2635.6300623728443,0.006418926,323.2612849237286,-749.9678605168774,8668.983333931645,12409.080403354741,403208.5271596114,22814900.0,0.9999998366640359,0.45797385793402,0.0284,0.0145,0.00844,1717.096856547503,0.9700236765455756,0.808832111269348,118420.47286534503,0.0103,0.001462,0,1.76810456826392,87709.85921153295,1.92607842619794,0.0,1.3088321112693477,2.6,0.0672,272367.08759029355,2.3,266924.04497966275,0.9800157843637171,0.722791972182663,80,0.662,80,0.0215,0.003209463,0.0020708991197629736,5.858267026835934,4390.998351121205,1325.9608319257502,1339.8556972478464,2.40354609929078,0.7340425531914894,1825.310660018805,0.5964539007092199,0.12997632345442445,1035,3389,841,0.0,0.9,0,94,2,0.0,43.596094858898994,75,0,0,0.0,0,28500,150,0,0,0,20,190,10,61.1,0.65,80,327842.6333389204,4098.032916736505,0.29,400000,0,0,0.5,239046.07802476434,66.931875,1219062.341906192,18773560.065355357,16.3,0.15,0,0.18,0.05,0.77,0.1,892425.0,292.5749620574861,14512.303267975425,4388624.430862291,0.5,35974.83447523721,0.1,1,2.75,1.2,0.2,0.03,0,3.91210447011552,46099.95381593078,0.1991,0.16040191267928178,0.6275090396076975,0.7789,0.022,0.21208904771302073,0.01,0.1,0.02,16.3,12.8,24381246.83812384,0.6,1448544256.0000002,232349269.26298723,307220371.82520616,12288.814873008247,908974614.911807,129810.66475555519,0.05,0.6,0.01,1,0.06,0.2,0,2.68,0.2,2.68,2.31,0.5,573823.9092086859,0.00113,67729.375,0.001,4731.8,9,407248.00618392153,4731800.0,59937500.0,3.439,0.040725184862039604,156923,155773,25155,310048,40,10920,334.5280895001386,0.8826315789473684,134803.47826086957,0.5928596791062833,2.3,20,0.4751456465973522,20,0.027082760567901588
2070,2071,2021,1,1,2597.5462871602267,0.006377986,320.9541901570799,-755.529500845443,8733.271111923128,12456.260852969006,406198.6563685176,22814900.0,0.9999998367192565,0.4563310389079128,0.0284,0.0145,0.00844,1730.4155880319704,0.9695266908770306,0.791414799028676,119339.00607117037,0.0103,0.001462,0,1.7746758443683488,88033.12049645669,1.9310068832762615,0.0,1.291414799028676,2.6,0.0672,274479.71396369184,2.3,268903.51051595865,0.9796844605846871,0.727146300242831,80,0.662,80,0.0215,0.003188993,0.001939135150367533,5.839584890166059,4404.849815775728,1331.1265188686914,1344.1559145335023,2.40354609929078,0.7340425531914894,1831.1689270456409,0.5964539007092199,0.13047330912296945,1035,3389,841,0.0,0.9,0,94,2,0.1,43.596094858898994,75,0,0,4.3596094858899,0,28500,150,0,0,0,20,190,10,61.1,0.65,80,327842.6333389204,4098.032916736505,0.29,400000,0,0,0.5,238966.97897028198,66.931875,1219062.341906192,18773560.065355357,16.3,0.15,0,0.18,0.05,0.77,0.1,892425.0,292.5749620574861,14512.303267975425,4388624.430862291,0.5,35974.83447523721,0.1,1,2.75,1.2,0.2,0.03,0,3.91210447011552,45958.06759797267,0.1991,0.15902500693013027,0.6221224404715142,0.7789,0.022,0.21885255259835562,0.01,0.1,0.02,16.3,12.8,24381246.83812384,0.6,1456589440.0,231634145.79035458,318778317.03180933,12751.132681272375,906176977.1778362,129411.13411076681,0.05,0.6,0.01,1,0.06,0.2,0,2.68,0.2,2.68,2.31,0.5,576903.6458490369,0.00113,67729.375,0.001,4731.8,9,410406.8418787549,4731800.0,59937500.0,3.439,0.04056714311866761,158658,157049,25224,311770,40,10960,333.9087212292309,0.8850526315789473,135552.1739130435,0.5883007617668798,2.3,20,0.47903775784293534,20,0.02698187162405753
2071,2071,2021,1,1,2561.4807308586624,0.006337565,318.76691053423883,-761.0489768922158,8797.071507087438,12502.777587013388,409166.11660871806,22814900.0,0.9999998367128814,0.4547132832604713,0.0284,0.0145,0.00844,1742.9889831693301,0.9695840672892624,0.7747508134503345,120206.13677029863,0.0103,0.001462,0,1.781146866958115,88354.07468661376,1.9358601502185862,0.0,1.2747508134503345,2.6,0.0672,276474.11457168683,2.3,270867.9691949714,0.979722711526175,0.7313122966374164,80,0.662,80,0.0215,0.0031687825,0.001816528241007659,5.821080424973226,4418.671621068172,1335.2660710618238,1348.4424183358583,2.40354609929078,0.7340425531914894,1837.0085119358068,0.5964539007092199,0.1304159327107376,1035,3389,841,0.0,0.9,0,94,2,0.0,47.95570434478889,75,0,0,0.0,0,28500,150,0,0,0,20,190,10,61.1,0.65,80,360626.89667281247,4507.836208410155,0.29,400000,0,0,0.5,244567.64577777503,66.931875,1340968.576096811,20650916.07189089,16.3,0.15,0,0.18,0.05,0.77,0.1,892425.0,321.8324582632347,15963.533594772965,4827486.873948519,0.5,39572.31792276092,0.1,1,2.75,1.2,0.2,0.03,0,3.91210447011552,45958.26324739533,0.1991,0.15761319628364845,0.616599289730456,0.7789,0.022,0.2257875139858956,0.01,0.1,0.02,16.3,12.8,26819371.52193622,0.6,1469643008.0,231635131.88679552,331827041.2230737,13273.08164892295,906180834.8901309,129411.6850306596,0.05,0.6,0.01,1,0.06,0.2,0,2.68,0.2,2.68,2.31,0.5,585486.375130832,0.00113,67729.375,0.001,4731.8,9,413388.904353057,4731800.0,59937500.0,3.439,0.040441378067113155,158928,158249,25740,314564,40,11000,334.4559849089502,0.9031578947368422,136766.95652173914,0.5977221374165078,2.3,20,0.4388164095912548,20,0.026883946528053305
