time,FINAL TIME,INITIAL TIME,SAVEPER,TIME STEP,Affordability of public transport for the poorest group,change to ticket cost,CAR COST KM,daily walk trips,daily chosen bus,daily chosen railway,Public Transport Ticket Cost,daily chosen car,TCI,emissions per year,enviromental impact on economy,business construction,emission per car petrol,emission per car,Number of Bus Routes,Road available,Number of Railway Lines,ITBR,Number of Trips per Bus Route,Number of Trips per Railway line,ILRR,construction,increasing railway trips,increaing bus trips,ITRR,Land Use for mobility,daily railway capacity,Daily railway trips,road construiction,increasing railway lines,increasing bus routes,RCR,IRBR,gdp growth rate,WELL TO TANK CO2 EMISSION RAILWAY ELECTRICITY,"""emissions of greenhouse gases (GHG) mobility""",railway electricity co2 emission,number of trains,bus electricity activity,bus natural gas activity,AVERAGE DISTANCE RAILWAY TRIP,ENERGY INTENSITY PER KM RAILWAY ELECTRICITY,TANK TO WHEEL CO2 EMISSION RAILWAY ELECTRICITY,PERCENTAGE BUS DIESEL,PERCENTAGE BUS ELECTRICITY,PERCENTAGE BUS NATURAL GAS,GHC CORRECTION BUS ELECTRICITY,"""Motorization rate number of motorized vehicles per 1000 inhabitants.""",railway activity per year,Railway Daily Occupancy rate,bus electricity co2 emission,bus diesel co2 emission,bus diesel activity,MAX CAPACITY RAILWAY,ENERGY INTENSITY PER KM BUS NATURAL GAS,bus natural gas co2 emission,GHC CORRECTION RAILWAY ELECTRICITY,WELL TO TANK CO2 EMISSION NATURAL GAS,TANK TO WHEEL CO2 EMISSION BUS NATURAL GAS,ENERGY INTENSITY PER KM BUS ELECTRICITY,VEHICLES PER LINE,WELL TO TANK CO2 EMISSION BUS ELECTRICITY,GHC CORRECTION BUS NATURAL GAS,TANK TO WHEEL CO2 EMISSION BUS ELECTRICITY,business income multiplier,number of bus,VEHICLES PER ROUTE,CO2 CAPTURE PER GREEN AREA,business growth,DIESEL PETROL RATIO,car diesel co2 emissions,increase amount,INITIAL RATIO CAR PETROL,number of mototized private vehicles,GDPGN,Emissions of greenhouse gases,TPC,percentage car diesel,percentage car petrol,INITIAL RATIO CAR DIESEL,INITIAL RATIO CAR ELECTRICITY,percentage car eletricity,PRIVATE PARKING CONSTRUCTION,MAX CAPACITY BUS,BUS Daily Occupancy rate,daily bus capacity,PEDESTRIAN SIDEWALK CONSTRUCTION,Daily bus trips,Mobility space usage,GHC CORRECTION CAR DIESEL,GHC CORRECTION CAR ELECTRICITY,GHC CORRECTION CAR PETROL,AVERAGE DISTANCE BUS ROUTES,AVERAGE DISTANCE CAR,co2 capture green spaces,CO2 CAPTURE PER M2 BODY OF WATER,"""co2 capture sea/river""",CO2 TECHNOLOGIES CAPTURE,"""emissions of greenhouse gases (GHG) business""",BODY OF WATER M2,bus activity per year,WELL TO TANK CO2 EMISSION CAR DIESEL,car activity per year,car diesel activity,car electricity activity,car electricity co2 emission,car petrol activity,car petrol co2 emission,ENERGY INTENSITY PER KM CAR PETROL,GREEN AREA,WELL TO TANK CO2 EMISSION BUS DIESEL,GHC CORRECTION BUS DIESEL,ENERGY INTENSITY PER KM BUS DIESEL,ENERGY INTENSITY PER KM CAR DIESEL,ENERGY INTENSITY PER KM CAR ELECTRICITY,TANK TO WHEEL CO2 EMISSION CAR ELECTRICITY,EpB,TANK TO WHEEL CO2 EMISSION BUS DIESEL,WELL TO TANK CO2 EMISSION CAR ELECTRICITY,TANK TO WHEEL CO2 EMISSION CAR DIESEL,TANK TO WHEEL CO2 EMISSION CAR PETROL,WELL TO TANK CO2 EMISSION CAR PETROL,average monthly income 95,average monthly income 25,average monthly income 50,income 95 multiplier,income 50 multiplier,average monthly income,income 25 multiplier,labor force income multiplier,IMI50,IMI95,IMI25,housing construction,net births,outmigration,inmigration,Population,AREA,attractiveness from jobs multiplier,attractiveness from housing multiplier,BCN,BDN,BN,business demolition,business labor force multiplier,business land multiplier,Business structures,DN,HCN,HDN,households to housing ratio,Housing,housing availability multiplier,housing demolition,housing land multiplier,HS,IMN,jobs,JPBS,labor force,labor to job ratio,land fraction occupied,LPBS,LPF,LPH,OMN
2021,2071,2021,1,1,0.07329867498259597,0.0,0.268,3333,33333,3333,0.9,3333,0,6923.071607879511,0.9988461547320201,1288.3996120902839,0.14281,0.04000000000000001,94,400000.0,2,0,18.489,75,0,40.0,0,0.0,0,9000.0,12000,150,0.0,0,0,0.0,0,0.025,0.5,23963.444607879504,66.931875,20,517001.43585,7961822.11209,16.3,0.15,0,0.18,0.05,0.77,0.1,9.236338824702633,892425.0,0.27775,124.08034460400002,6154.633253047608,1861205.16906,80,0.5,15256.841622292462,0.1,1,2.75,1.2,10,0.2,0.03,0,0.0,61.1,0.65,0.00113,0.0,3.91210447011552,615.1323780822528,35.25,0.1991,1449.1304347826087,0.05,0.14464128328280976,2.3,0.1991,0.7788999999999999,0.7789,0.022,0.022,20,80,0.23974145639212735,139037.28,20,1737.9660000000001,0.05432322317790855,0.01,0.1,0.02,16.3,12.8,67729.375,0.001,4731.8,9,55429.802,4731800.0,10340028.717,0.6,15571776.0,3100340.6016,342579.072,13.703162880000002,12128856.326399999,1732.121971973184,0.05,59937500.0,0.6,0.01,1,0.06,0.2,0,3.439,2.68,0.2,2.68,2.31,0.5,3389.0,736.7118165890687,1035.0,2.40354609929078,0.7340425531914894,1410.0,0.5964539007092199,-0.07396325064605061,1035,3389,841,109.61610716710783,-308.1555000000001,3562.0125,12345.000902927126,165675.0,22814900.0,0.9999995069116624,1.1088303073022072,0.0284,0.0145,0.00844,233.711,2.0,1.408939990970813,16118.0,0.0103,0.001462,0,0.854892923597057,74537.0,0.7823393853955855,0.0,1.2857599638832518,2.6,0.0672,37071.399999999994,2.3,109676.85,2.958530025842024,0.31787998194162587,80,0.662,80,0.0215
2022,2071,2021,1,1,0.07137546113464274,0.0,0.268,3333,35101,4663,0.9,156657,0,79758.79880317293,0.9867068668661378,1357.9883318869593,0.14281000000000002,0.04000000000000001,94,400000.0,2,0,18.489,75,0,40.0,0,0.0,0,9040.0,12000,150,0.0,0,0,0.0,0,0.0262307215,0.5,93172.09766619446,66.931875,20,517001.43585,7961822.11209,16.3,0.15,0,0.18,0.05,0.77,0.1,391.5756793659755,892425.0,0.38858333333333334,124.08034460400002,6154.633253047608,1861205.16906,80,0.5,15256.841622292462,0.1,1,2.75,1.2,10,0.2,0.03,0,0.0,61.1,0.65,0.00113,0.0,3.91210447011552,18619.22344663371,37.909950247875,0.1991,68111.73913043478,0.052461443,0.5350111229686308,2.3,0.19798031697341512,0.7745196830265849,0.7789,0.022,0.027499999999999997,20,80,0.2524574703993059,139037.28,20,1737.9660000000001,0.05190932342173987,0.01,0.1,0.02,16.3,8.289678724857492,67729.375,0.001,4731.8,9,59056.87613697849,4731800.0,10340028.717,0.6,474002213.00000006,93843108.37584023,13035060.8575,521.4024343000001,367124043.76665986,52428.9846903167,0.05,59937500.0,0.6,0.01,1,0.06,0.2,0,3.439,2.68,0.2,2.68,2.31,0.5,3473.725,756.5625376224798,1060.875,2.40354609929078,0.7340425531914894,1445.25,0.5964539007092199,-0.0729717781543125,1035,3389,841,119.4577735723291,-323.91868919944454,3744.221407412933,12604.241263223044,174149.83290292713,22814900.0,0.999999513521479,1.0770220226744491,0.0284,0.0145,0.00844,249.00398487530916,2.0,1.4109812968178819,17172.688612090285,0.0103,0.001462,0,0.8973039697674012,74646.61610716711,0.8459559546511017,0.0,1.2939251872715278,2.6,0.0672,39497.183807807654,2.3,115287.18938173776,2.9188711261724998,0.32196259363576396,80,0.662,80,0.0215
2023,2071,2021,1,1,0.06940964490871317,0.0,0.268,3333,37087,4811,0.9,164494,0,86781.26698266079,0.9855364555028898,1446.1742806769691,0.14281000000000002,0.039999999999999994,94,400000.0,2,0,18.489,75,0,40.0,0,0.0,0,9080.0,12000,150,0.0,0,0,0.0,0,0.06685528889931398,0.5,96380.76867630924,66.931875,20,517001.43585,7961822.11209,16.3,0.15,0,0.18,0.05,0.77,0.1,391.9307241658168,892425.0,0.40091666666666664,124.08034460400002,6154.633253047608,1861205.16906,80,0.5,15256.841622292462,0.1,1,2.75,1.2,10,0.2,0.03,0,0.01635886294965699,61.1,0.65,0.00113,0.06543545179862796,3.91210447011552,19415.53980592444,99.15708695771384,0.1991,71519.13043478261,0.068275126,0.5275762973608179,2.3,0.19651181229148387,0.7687747392960161,0.7789,0.022,0.0347134484125,20,80,0.2667414092105369,139037.28,20,1737.9660000000001,0.049702786622552876,0.01,0.1,0.02,16.3,8.293898257687209,67729.375,0.001,4731.8,9,62870.67330635156,4731800.0,10340028.717,0.6,497968222.49999994,97856637.86704387,17286194.20281807,691.4477681127228,382825390.430138,54671.29400732802,0.05,59937500.0,0.6,0.01,1,0.06,0.2,0,3.439,2.68,0.2,2.68,2.31,0.5,3589.106123401112,777.9898610779558,1088.7025166713124,2.40354609929078,0.7340425531914894,1483.159950247875,0.5964539007092199,-0.07190504072420406,1035,3389,841,129.51751073732692,-339.7958373693404,3927.747582495062,12830.936815402176,182685.9340695378,22814900.0,0.9999995206330619,1.0451633961542335,0.0284,0.0145,0.00844,265.0842579069781,2.0,1.413135050935733,18281.672959101936,0.0103,0.001462,0,0.9397821384610221,74766.07388073944,0.9096732076915331,0.0,1.302540203742932,2.6,0.0672,42047.84780593445,2.3,120938.08835403403,2.8762016289681624,0.326270101871466,80,0.662,80,0.0215
2024,2071,2021,1,1,0.0649118461770838,0.0,0.268,3333,39182,5129,0.9,172056,0,93029.04258404275,0.9844951595693262,1540.4786679490164,0.14281,0.04000000000000001,94,400000.0,2,0,18.489,75,0,40.0,0,0.0,0,9120.0,12000,150,0.0,0,0,0.0,0,0.04359537514235295,0.5,98566.77568938519,66.931875,20,517001.43585,7961822.11209,16.3,0.15,0,0.18,0.05,0.77,0.1,391.5729143435268,892425.0,0.42741666666666667,124.08034460400002,6154.633253047608,1861205.16906,80,0.5,15256.841622292462,0.1,1,2.75,1.2,10,0.2,0.03,0,0.016144594071176473,61.1,0.65,0.00113,0.06457837628470589,3.91210447011552,19852.84455528991,68.98170483111409,0.1991,74806.95652173914,0.022612374,0.5153836460281653,2.3,0.19178720263297933,0.7502915727314294,0.7789,0.022,0.0579212246355912,20,80,0.28180931042379426,139037.28,20,1737.9660000000001,0.047686442200249944,0.01,0.1,0.02,16.3,8.30770853675547,67729.375,0.001,4731.8,9,66932.44189465755,4731800.0,10340028.717,0.6,521727751.4999997,100060705.99617912,30219110.293253385,1208.7644117301356,391447935.2105672,55902.6796274211,0.05,59937500.0,0.6,0.01,1,0.06,0.2,0,3.439,2.68,0.2,2.68,2.31,0.5,3828.7178088744276,831.8974606373764,1161.4880379487834,2.40354609929078,0.7340425531914894,1582.3170372055888,0.5964539007092199,-0.07070751671873464,1035,3389,841,139.7817421869545,-355.72374908504065,4111.860540499124,13024.167844531556,191249.32746507556,22814900.0,0.9999995286165552,1.013400232171897,0.0284,0.0145,0.00844,282.21006323714295,2.0,1.4154328607591506,19462.762981871925,0.0103,0.001462,0,0.982133023770804,74895.59139147676,0.973199535656206,0.0,1.3117314430366027,2.6,0.0672,44764.35485830542,2.3,126607.05478188003,2.8283006687493852,0.3308657215183014,80,0.662,80,0.0215
2025,2071,2021,1,1,0.06204416144827975,0.0,0.268,3333,40596,5144,0.9,180888,0,100026.14651250809,0.9833289755812487,1640.964706288677,0.14281000000000002,0.04,94,400000.0,2,0,18.489,75,0,40.0,0,0.0,0,9160.0,12000,150,0.0,0,0,0.0,0,0.03327039900258914,0.5,101236.6938862464,66.931875,20,517001.43585,7961822.11209,16.3,0.15,0,0.18,0.05,0.77,0.1,394.0226598894246,892425.0,0.42866666666666664,124.08034460400002,6154.633253047608,1861205.16906,80,0.5,15256.841622292462,0.1,1,2.75,1.2,10,0.2,0.03,0,0.01615128475129457,61.1,0.65,0.00113,0.06460513900517828,3.91210447011552,20389.2793061066,54.93936802003463,0.1991,78646.95652173914,0.001935659,0.5066751697656295,2.3,0.18664664112404686,0.7301811590734311,0.7789,0.022,0.08317219980252213,20,80,0.2919792447032911,139037.28,20,1737.9660000000001,0.045844489551072676,0.01,0.1,0.02,16.3,8.339113705718454,67729.375,0.001,4731.8,9,71259.62762626169,4731800.0,10340028.717,0.6,550582643.9999999,102764401.16379683,45793169.67456891,1831.7267869827565,402025073.1616342,57413.20069821299,0.05,59937500.0,0.6,0.01,1,0.06,0.2,0,3.439,2.68,0.2,2.68,2.31,0.5,3995.643246378179,870.3478093585745,1212.123544686516,2.40354609929078,0.7340425531914894,1651.2987420367028,0.5964539007092199,-0.0693852442618152,1035,3389,841,151.1049645304759,-371.63899449724283,4295.827086930493,13102.520162457857,199805.91102002296,22814900.0,0.9999995374317049,0.9758373403634568,0.0284,0.0145,0.00844,300.4549580054651,2.0,1.4178839788388247,20721.0315865838,0.0103,0.001462,0,1.0241626596365432,75035.37313366371,1.0422846543639506,0.0,1.3215359153552986,2.6,0.0672,47658.37264914273,2.3,132271.5130952552,2.7754097704726073,0.3357679576776493,80,0.662,80,0.0215
2026,2071,2021,1,1,0.05987997814880018,0.0,0.268,3333,41839,5273,0.9,189792,0,107109.78197858356,0.9821483696702361,1748.2448657054908,0.14281000000000002,0.04000000000000001,94,400000.0,2,0,18.489,75,0,40040.0,0,0.0,0,9200.0,12000,150,40000.0,0,0,0.1,0,0.036758069123202036,0.5,103710.3163279759,66.931875,20,517001.43585,7961822.11209,16.3,0.15,0,0.18,0.05,0.77,0.1,396.6527951379895,892425.0,0.4394166666666667,124.08034460400002,6154.633253047608,1861205.16906,80,0.5,15256.841622292462,0.1,1,2.75,1.2,10,0.2,0.03,0,0.01616251256160102,61.1,0.65,0.00113,0.06465005024640408,3.91210447011552,20843.224239075385,62.71801839010716,0.1991,82518.26086956523,0.008866088,0.49803032884355103,2.3,0.1810132668947567,0.7081428105691914,0.7789,0.022,0.11084392253605191,20,80,0.3009192930126366,139037.28,20,1737.9660000000001,0.04417958779405155,0.01,0.1,0.02,16.3,8.377695055639856,67729.375,0.001,4731.8,9,75869.64065060766,4731800.0,10340028.717,0.6,580357117.4999999,105052337.80429915,64329059.37541636,2573.162375016655,410975720.32028437,58691.442618939815,0.05,59937500.0,0.6,0.01,1,0.06,0.2,0,3.439,2.68,0.2,2.68,2.31,0.5,4128.599048775019,901.803936297562,1252.451378658669,2.40354609929078,0.7340425531914894,1706.2381100567375,0.5964539007092199,-0.06792043812727447,1035,3389,841,163.13647163445754,-387.3281950879589,4477.1807496726415,13080.639258857354,208240.9651010531,22814900.0,0.9999995471970792,0.9347462348160704,0.0284,0.0145,0.00844,319.8923493555717,2.0,1.4204991377267684,22061.54133486701,0.0103,0.001462,0,1.0652537651839296,75186.47809819419,1.114194089071877,0.0,1.3319965509070735,2.6,0.0672,50741.54507019412,2.3,137855.51889689715,2.7168175250909785,0.3409982754535368,80,0.662,80,0.0215
2027,2071,2021,1,1,0.05758119389274274,0.0,0.268,3333,44024,5549,0.9,196841,0,112383.60875421281,0.9812693985409645,1863.4204627497418,0.14281000000000002,0.04,94,440000.0,2,0,18.489,75,0,40.0,0,0.0,0,49240.0,12000,150,0.0,0,0,0.0,0,0.03674068327149199,0.5,104072.03879987779,66.931875,20,517001.43585,7961822.11209,16.3,0.15,0,0.18,0.05,0.77,0.1,395.75576542761485,892425.0,0.46241666666666664,124.08034460400002,6154.633253047608,1861205.16906,80,0.5,15256.841622292462,0.1,1,2.75,1.2,10,0.2,0.03,0,0.016173298885745997,61.1,0.65,0.00113,0.06469319554298399,3.91210447011552,20654.604643276445,64.99265683643021,0.1991,85583.04347826088,0.008788171,0.4807975391163536,2.3,0.172718637594311,0.6756933542049666,0.7789,0.022,0.15158800820072238,20,80,0.31663450263123677,139037.28,20,1737.9660000000001,0.22748157044961295,0.01,0.1,0.02,16.3,8.38899771897115,67729.375,0.001,4731.8,9,80781.74495433502,4731800.0,10340028.717,0.6,602724025.5000001,104101672.52971879,91365734.52026643,3654.6293808106575,407256618.4500149,58160.31768084663,0.05,59937500.0,0.6,0.01,1,0.06,0.2,0,3.439,2.68,0.2,2.68,2.31,0.5,4280.377458526076,937.8061889544445,1298.489073008854,2.40354609929078,0.7340425531914894,1768.9561284468446,0.5964539007092199,-0.066307237446381,1035,3389,841,175.1225733721103,-402.6101974721788,4653.827551425721,13020.249036713853,216457.09541514984,22814900.0,0.9999995579517503,0.8951140695129347,0.0284,0.0145,0.00844,340.6034608426455,2.0,1.423289400209592,23489.89385121693,0.0103,0.001462,0,1.1048859304870653,75349.61456982864,1.1835503783523644,0.0,1.3431576008383683,2.6,0.0672,54026.75585779893,2.3,143294.5971648292,2.6522894978552403,0.3465788004191842,80,0.662,80,0.0215
2028,2071,2021,1,1,0.05535828939218176,0.0,0.268,3333,44275,5623,0.9,206641,0,117739.7611469419,0.9803767064755097,1986.5646446160772,0.14281,0.04000000000000001,94,440000.0,2,0,18.489,75,0,40.0,0,0.0,0,49280.0,12000,150,0.0,0,0,0.0,0,0.03672780790751151,0.5,104191.22352304836,66.931875,20,517001.43585,7961822.11209,16.3,0.15,0,0.18,0.05,0.77,0.1,400.6980203609074,892425.0,0.46858333333333335,124.08034460400002,6154.633253047608,1861205.16906,80,0.5,15256.841622292462,0.1,1,2.75,1.2,10,0.2,0.03,0,0.016186000953755757,61.1,0.65,0.00113,0.06474400381502303,3.91210447011552,20268.167499823565,67.35691869809818,0.1991,89843.91304347827,0.008711612,0.4642670108313552,2.3,0.16138042801236355,0.6313370938163234,0.7789,0.022,0.2072824781713131,20,80,0.31843977385058164,139037.28,20,1737.9660000000001,0.21958738481181242,0.01,0.1,0.02,16.3,8.392572142024093,67729.375,0.001,4731.8,9,86018.71262389353,4731800.0,10340028.717,0.6,633001067.5000002,102153983.20543307,131210029.95648669,5248.401198259468,399637054.3380805,57072.16773002128,0.05,59937500.0,0.6,0.01,1,0.06,0.2,0,3.439,2.68,0.2,2.68,2.31,0.5,4437.664745954413,975.4636675537596,1346.1964487717655,2.40354609929078,0.7340425531914894,1833.9487852832747,0.5964539007092199,-0.06456136620581615,1035,3389,841,187.03413162168414,-417.4228864675165,4825.049494113764,12926.289606643848,224420.9067029658,22814900.0,0.999999569590892,0.8571197118682687,0.0284,0.0145,0.00844,362.6843073702984,2.0,1.426266296142126,25012.710853124026,0.0103,0.001462,0,1.1428802881317313,75524.73714320075,1.2500405042305298,0.0,1.355065184568504,2.6,0.0672,57529.234962185255,2.3,148566.64023736335,2.5824546482326456,0.35253259228425204,80,0.662,80,0.0215
2029,2071,2021,1,1,0.053211031931880204,0.0,0.268,3333,44877,5783,0.9,215592,0,121376.09238395123,0.9797706512693415,2118.935426968593,0.14281,0.04,94,440000.0,2,0,18.489,75,0,40.0,0,0.0,0,49320.0,12000,150,0.0,0,0,0.0,0,0.03673248947689248,0.5,102243.03028026946,66.931875,20,517001.43585,7961822.11209,16.3,0.15,0,0.18,0.05,0.77,0.1,404.200098066939,892425.0,0.48191666666666666,124.08034460400002,6154.633253047608,1861205.16906,80,0.5,15256.841622292462,0.1,1,2.75,1.2,10,0.2,0.03,0,0.016207150738446238,61.1,0.65,0.00113,0.06482860295378495,3.91210447011552,19165.808756000515,69.83969176385142,0.1991,93735.65217391305,0.008636376,0.4405038749298905,2.3,0.14588191594450053,0.570705295475497,0.7789,0.022,0.28341278858000246,20,80,0.3227695478507635,139037.28,20,1737.9660000000001,0.21249028957756494,0.01,0.1,0.02,16.3,8.414745908939107,67729.375,0.001,4731.8,9,91603.23710368176,4731800.0,10340028.717,0.6,662165443.5,96597963.57001992,187666154.84364906,7506.6461937459635,377901325.086331,53968.08823557893,0.05,59937500.0,0.6,0.01,1,0.06,0.2,0,3.439,2.68,0.2,2.68,2.31,0.5,4600.6906565080335,1014.8271521802061,1395.639293348029,2.40354609929078,0.7340425531914894,1901.305703981373,0.5964539007092199,-0.06270114855834946,1035,3389,841,198.84844444707738,-431.71478650799287,4990.251564474109,12804.075636514195,232104.72392902835,22814900.0,0.999999581992343,0.8209092699605411,0.0284,0.0145,0.00844,386.23057226036224,2.0,1.4294412642004868,26636.591190369807,0.0103,0.001462,0,1.1790907300394589,75711.77127482243,1.313408777569053,0.0,1.3677650568019477,2.6,0.0672,61264.159737850554,2.3,153653.32724101678,2.5080459423339785,0.3588825284009739,80,0.662,80,0.0215
2030,2071,2021,1,1,0.05113819688122873,0.0,0.268,3333,45542,5756,0.9,224401,0,122398.92356212703,0.9796001794063122,2261.724655554243,0.14281000000000002,0.04000000000000001,94,440000.0,2,0,18.489,75,0,40.0,0,0.0,0,49360.0,12000,150,0.0,0,0,0.0,0,0.03674231591271513,0.5,97307.08946310365,66.931875,20,517001.43585,7961822.11209,16.3,0.15,0,0.18,0.05,0.77,0.1,407.7332806285414,892425.0,0.4796666666666667,124.08034460400002,6154.633253047608,1861205.16906,80,0.5,15256.841622292462,0.1,1,2.75,1.2,10,0.2,0.03,0,0.016230551206357566,61.1,0.65,0.00113,0.06492220482543026,3.91210447011552,17041.309786894242,72.42444684036492,0.1991,97565.65217391305,0.008562427,0.4063149867446973,2.3,0.12468843901935102,0.4877941996593296,0.7789,0.022,0.3875173613213194,20,80,0.3275524377346853,139037.28,20,1737.9660000000001,0.20610736439016467,0.01,0.1,0.02,16.3,8.410076603936702,67729.375,0.001,4731.8,9,97562.00909902337,4731800.0,10340028.717,0.6,688838804.0,85890235.20671669,266936995.70181352,10677.479828072543,336011573.09146976,47985.812753192804,0.05,59937500.0,0.6,0.01,1,0.06,0.2,0,3.439,2.68,0.2,2.68,2.31,0.5,4769.731603359234,1055.962143628528,1446.9045990044733,2.40354609929078,0.7340425531914894,1971.1453957452245,0.5964539007092199,-0.060743980016482714,1035,3389,841,209.52334108184633,-445.44550977908256,5148.966914113049,12713.007630494341,239486.83321456044,22814900.0,0.9999995950401332,0.7899462999270223,0.0284,0.0145,0.00844,411.3547926536316,2.0,1.4328277411066408,28369.296045078037,0.0103,0.001462,0,1.213404933430637,75910.61971926951,1.3667561667882964,0.0,1.3813109644265635,2.6,0.0672,65249.380903679485,2.3,158540.28358803902,2.4297592006593085,0.3656554822132818,80,0.662,80,0.0215
2031,2071,2021,1,1,0.04914015703416243,0.0,0.268,3333,45569,5838,0.9,233075,0,120250.65086514012,0.97995822485581,2416.1996317570806,0.14281,0.04000000000000001,94,440000.0,2,0,18.489,75,0,44040.0,0,0.0,0,49400.0,12000,150,44000.0,0,0,0.1,0,0.036769766093906274,0.5,88795.39480760155,66.931875,20,517001.43585,7961822.11209,16.3,0.15,0,0.18,0.05,0.77,0.1,411.2563830044054,892425.0,0.4865,124.08034460400002,6154.633253047608,1861205.16906,80,0.5,15256.841622292462,0.1,1,2.75,1.2,10,0.2,0.03,0,0.016262449296953137,61.1,0.65,0.00113,0.06504979718781255,3.91210447011552,13623.50538059077,75.14158510843299,0.1991,101336.95652173914,0.008489735,0.3600707225955838,2.3,0.09570231830886287,0.3743974672565208,0.7789,0.022,0.5299002144346163,20,80,0.3277466302562881,139037.28,20,1737.9660000000001,0.20032000234655295,0.01,0.1,0.02,16.3,8.433710179126889,67729.375,0.001,4731.8,9,103925.43105753858,4731800.0,10340028.717,0.6,717475754.9999999,68664093.0839017,380190556.42613816,15207.62225704553,268621105.48996,38361.78007502119,0.05,59937500.0,0.6,0.01,1,0.06,0.2,0,3.439,2.68,0.2,2.68,2.31,0.5,4945.047774724698,1098.8975872107815,1500.0672248766562,2.40354609929078,0.7340425531914894,2043.5698425855894,0.5964539007092199,-0.05871960638218021,1035,3389,841,218.63417465179256,-458.68609686336265,5302.016711054996,12685.357546184126,246605.42842116265,22814900.0,0.9999996085359575,0.7654749398075157,0.0284,0.0145,0.00844,438.1851556656904,2.0,1.4364392286941077,30219.665907978648,0.0103,0.001462,0,1.246033413589979,76120.14306035136,1.4075417669874741,0.0,1.3957569147764313,2.6,0.0672,69505.23158835089,2.3,163252.7936148097,2.3487842552872085,0.3728784573882156,80,0.662,80,0.0215
2032,2071,2021,1,1,0.047216503235455516,0.0,0.268,3333,45634,5822,0.9,241885,0,113118.95708239566,0.9811468404862674,2584.383864528326,0.14281000000000002,0.04,94,484000.0,2,0,18.489,75,0,40.0,0,0.0,0,93440.0,12000,150,0.0,0,0,0.0,0,0.036821325067797936,0.5,74861.30924157878,66.931875,20,517001.43585,7961822.11209,16.3,0.15,0,0.18,0.05,0.77,0.1,415.13216101524324,892425.0,0.4851666666666667,124.08034460400002,6154.633253047608,1861205.16906,80,0.5,15256.841622292462,0.1,1,2.75,1.2,10,0.2,0.03,0,0.016306096033898966,61.1,0.65,0.00113,0.06522438413559586,3.91210447011552,8291.51175949385,78.01376220397987,0.1991,105167.39130434784,0.008418266,0.2952758438315323,2.3,0.056036413285036286,0.2192203029016312,0.7789,0.022,0.7247432838133325,20,80,0.3282141307712579,139037.28,20,1737.9660000000001,0.36855586854062494,0.01,0.1,0.02,16.3,8.446998366992576,67729.375,0.001,4731.8,9,110727.82284081687,4731800.0,10340028.717,0.6,745768802.9999998,41790208.8599948,540490931.2517581,21619.637250070326,163487662.88824686,23347.67313707054,0.05,59937500.0,0.6,0.01,1,0.06,0.2,0,3.439,2.68,0.2,2.68,2.31,0.5,5126.968499564865,1143.667919047649,1555.2243458605058,2.40354609929078,0.7340425531914894,2118.7114276940224,0.5964539007092199,-0.05665980506288535,1035,3389,841,227.84804064882942,-471.565954676537,5450.896787927711,12641.361619942929,253530.0831594284,22814900.0,0.9999996222679662,0.7419852074743873,0.0284,0.0145,0.00844,466.86636556901556,2.0,1.4402904814293696,32197.680384070038,0.0103,0.001462,0,1.277353056700817,76338.77723500314,1.4466913208760213,0.0,1.4111619257174788,2.6,0.0672,74054.66488336108,2.3,167836.9150515416,2.266392202515414,0.38058096285873944,80,0.662,80,0.0215
2033,2071,2021,1,1,0.04536424304580308,0.0,0.268,3333,44732,5810,0.9,251299,0,98865.47790990757,0.9835224203483487,2768.900377391237,0.14281000000000002,0.04000000000000001,94,484000.0,2,0,18.489,75,0,40.0,0,0.0,0,93480.0,12000,150,0.0,0,0,0.0,0,0.03690126740126687,0.5,53325.68739016965,66.931875,20,517001.43585,7961822.11209,16.3,0.15,0,0.18,0.05,0.77,0.1,420.1420267886439,892425.0,0.4841666666666667,124.08034460400002,6154.633253047608,1861205.16906,80,0.5,15256.841622292462,0.1,1,2.75,1.2,10,0.2,0.03,0,0.016363636200633434,61.1,0.65,0.00113,0.06545454480253374,3.91210447011552,262.68302614389955,81.06194363952491,0.1991,109260.4347826087,0.00834799,0.20490257818812901,2.3,0.0017093764592774267,0.00668725928744951,0.7789,0.022,0.9916033642532731,20,80,0.3217266620866001,139037.28,20,1737.9660000000001,0.3591944885563221,0.01,0.1,0.02,16.3,8.444063446332853,67729.375,0.001,4731.8,9,118009.96551973792,4731800.0,10340028.717,0.6,774524415.4999999,1323953.8029913083,768021016.1060998,30720.840644244,5179445.590908777,739.6766248376825,0.05,59937500.0,0.6,0.01,1,0.06,0.2,0,3.439,2.68,0.2,2.68,2.31,0.5,5315.8766732334,1190.3648418750784,1612.4897670527887,2.40354609929078,0.7340425531914894,2196.725189898002,0.5964539007092199,-0.054572354783874025,1035,3389,841,237.17446128043883,-484.0631065883869,5595.353113790492,12583.538515506947,260248.9820367671,22814900.0,0.9999996361843014,0.7195229126123205,0.0284,0.0145,0.00844,497.57036930392553,2.0,1.4444024705936582,34315.197883029345,0.0103,0.001462,0,1.3073027831835726,76566.62527565197,1.484128478979466,0.0,1.4276098823746328,2.6,0.0672,78924.95513096749,2.3,172284.82610833982,2.182894191354961,0.38880494118731646,80,0.662,80,0.0215
2034,2071,2021,1,1,0.043580228473744376,0.0,0.268,3333,43902,5610,0.9,259600,0,107803.27482058168,0.9820327875299031,2956.678489194017,0.14281,0.04,94,484000.0,2,0,18.489,75,0,40.0,0,0.0,0,93520.0,12000,150,0.0,0,0,0.0,0,0.03702251432872709,0.5,54452.3804030315,66.931875,20,517001.43585,7961822.11209,16.3,0.15,0,0.18,0.05,0.77,0.1,423.4277441692213,892425.0,0.4675,124.08034460400002,6154.633253047608,1861205.16906,80,0.5,15256.841622292462,0.1,1,2.75,1.2,10,0.2,0.03,0,0.016441537664363542,61.1,0.65,0.00113,0.06576615065745417,3.91210447011552,272.01257446813594,84.3294067891833,0.1991,112869.56521739131,0.008278878,0.20413025947499996,2.3,0.0017093764592774267,0.00668725928744951,0.7789,0.022,0.9916033642532731,20,80,0.3157570401262165,139037.28,20,1737.9660000000001,0.3505863605007651,0.01,0.1,0.02,16.3,8.464367873651772,67729.375,0.001,4731.8,9,125821.06941755017,4731800.0,10340028.717,0.6,802032713.5,1370975.840027297,795298336.9477816,31811.933477911265,5363400.712191206,765.9472557080262,0.05,59937500.0,0.6,0.01,1,0.06,0.2,0,3.439,2.68,0.2,2.68,2.31,0.5,5512.216702776311,1239.0940087093209,1671.9926831286102,2.40354609929078,0.7340425531914894,2277.787133537527,0.5964539007092199,-0.052463643469975396,1035,3389,841,246.6288822829891,-496.16077405732517,5735.191743135746,12514.403145719632,266753.1043318952,22814900.0,0.9999996502423769,0.6981223438354441,0.0284,0.0145,0.00844,530.5046544211915,2.0,1.4488004814889375,36586.52789111665,0.0103,0.001462,0,1.3358368748860745,76803.7997369324,1.5197960936075934,0.0,1.4452019259557503,2.6,0.0672,84149.01414956829,2.3,176590.55506771462,2.098545738799016,0.3976009629778751,80,0.662,80,0.0215
2035,2071,2021,1,1,0.04186248274560876,0.0,0.268,3333,42811,5717,0.9,269267,0,117394.77002700763,0.9804342049954987,3142.6447799465536,0.14281,0.04,94,484000.0,2,0,18.489,75,0,40.0,0,0.0,0,93560.0,12000,150,0.0,0,0,0.0,0,0.03720055337292558,0.5,55700.26379167374,66.931875,20,517001.43585,7961822.11209,16.3,0.15,0,0.18,0.05,0.77,0.1,429.0776388666707,892425.0,0.47641666666666665,124.08034460400002,6154.633253047608,1861205.16906,80,0.5,15256.841622292462,0.1,1,2.75,1.2,10,0.2,0.03,0,0.01654755143646279,61.1,0.65,0.00113,0.06619020574585116,3.91210447011552,282.34563613129296,87.87204243149411,0.1991,117072.60869565218,0.008210901,0.20400325297485908,2.3,0.0017093764592774267,0.00668725928744951,0.7789,0.022,0.9916033642532731,20,80,0.30791022379033883,139037.28,20,1737.9660000000001,0.3426652415815118,0.01,0.1,0.02,16.3,8.470483200689278,67729.375,0.001,4731.8,9,134164.6812353339,4731800.0,10340028.717,0.6,832499884.0,1423055.7040607885,825509685.7148596,33020.38742859439,5567142.5810796395,795.0436320039834,0.05,59937500.0,0.6,0.01,1,0.06,0.2,0,3.439,2.68,0.2,2.68,2.31,0.5,5716.543241522473,1289.9378263861913,1733.8940561972663,2.40354609929078,0.7340425531914894,2362.1165403267105,0.5964539007092199,-0.050359834491904155,1035,3389,841,254.3830435603258,-507.8472482263846,5870.277331649067,12436.413843071845,273036.1549604217,22814900.0,0.9999996642677701,0.6778067334999299,0.0284,0.0145,0.00844,565.6841750253975,2.0,1.4465134533219872,39012.70172588948,0.0103,0.001462,0,1.3629243553334267,77050.4286192154,1.5536554441667836,0.0,1.4534865466780127,2.6,0.0672,89729.21396954579,2.3,180749.9345837992,2.014393379676166,0.40697309335602566,80,0.662,80,0.0215
2036,2071,2021,1,1,0.0400832438656543,0.0,0.268,3333,42070,5671,0.9,277320,0,127313.80612682264,0.9787810323121963,3304.5661944832646,0.14281,0.04000000000000001,94,484000.0,2,0,18.489,75,0,48440.0,0,0.0,0,93600.0,12000,150,48400.0,0,0,0.1,0,0.0372286714416794,0.5,56757.13237116485,66.931875,20,517001.43585,7961822.11209,16.3,0.15,0,0.18,0.05,0.77,0.1,432.3089030995048,892425.0,0.47258333333333336,124.08034460400002,6154.633253047608,1861205.16906,80,0.5,15256.841622292462,0.1,1,2.75,1.2,10,0.2,0.03,0,0.0165783279708397,61.1,0.65,0.00113,0.0663133118833588,3.91210447011552,291.09700529056755,91.20981998337096,0.1991,120573.91304347827,0.008144031,0.20336174204058852,2.3,0.0017093764592774267,0.00668725928744951,0.7789,0.022,0.9916033642532731,20,80,0.3025807179196831,139037.28,20,1737.9660000000001,0.33537034483210676,0.01,0.1,0.02,16.3,8.479432424635801,67729.375,0.001,4731.8,9,143026.8487556578,4731800.0,10340028.717,0.6,858303413.0000001,1467163.649099671,851096551.8808666,34043.862075234676,5739697.470033863,819.686195695536,0.05,59937500.0,0.6,0.01,1,0.06,0.2,0,3.439,2.68,0.2,2.68,2.31,0.5,5929.277215645208,1347.1963541920418,1798.3958745778311,2.40354609929078,0.7340425531914894,2449.9885827582048,0.5964539007092199,-0.04657527528502956,1035,3389,841,261.38095326223237,-519.1156662559299,6000.530550807789,12351.460685972641,279094.44422361813,22814900.0,0.9999996780824157,0.6585640139968205,0.0284,0.0145,0.00844,603.0501037967542,1.9828763764251478,1.441549427797472,41589.662330810635,0.0103,0.001462,0,1.3885813146709058,77304.81166277573,1.5857266433386326,0.0,1.4584505722025278,2.6,0.0672,95656.22336086446,2.3,184760.5220760352,1.9315055057005912,0.4169011444050558,80,0.662,80,0.0215
2037,2071,2021,1,1,0.0383657760830891,0.0,0.268,3333,40899,5534,0.9,285446,0,137729.1233236096,0.9770451461127317,3465.051388207674,0.14281000000000002,0.04,94,532400.0,2,0,18.489,75,0,40.0,0,0.0,0,142040.0,12000,150,0.0,0,0,0.0,0,0.03706632100049425,0.5,57881.935732080885,66.931875,20,517001.43585,7961822.11209,16.3,0.15,0,0.18,0.05,0.77,0.1,435.8603418709625,892425.0,0.46116666666666667,124.08034460400002,6154.633253047608,1861205.16906,80,0.5,15256.841622292462,0.1,1,2.75,1.2,10,0.2,0.03,0,0.016513600000247125,61.1,0.65,0.00113,0.0660544000009885,3.91210447011552,300.41090640749627,94.19287572196251,0.1991,124106.95652173914,0.008078242,0.20314707390498224,2.3,0.0017093764592774267,0.00668725928744951,0.7789,0.022,0.9916033642532731,20,80,0.2941585163346118,139037.28,20,1737.9660000000001,0.49851495138354324,0.01,0.1,0.02,16.3,8.501625526369262,67729.375,0.001,4731.8,9,152317.36259152868,4731800.0,10340028.717,0.6,885765575.0000001,1514106.822343334,878328124.109735,35133.124964389404,5923344.067921806,845.9127663399132,0.05,59937500.0,0.6,0.01,1,0.06,0.2,0,3.439,2.68,0.2,2.68,2.31,0.5,6149.851842377616,1407.5044352824173,1865.3477637145609,2.40354609929078,0.7340425531914894,2541.1984027415756,0.5964539007092199,-0.04257962085608876,1035,3389,841,267.6957116972002,-529.9628411681006,6125.914561889332,12261.484818721032,284926.2586925271,22814900.0,0.9999996914012638,0.6403854416654375,0.0284,0.0145,0.00844,642.2220871117087,1.9628981042804439,1.4363547575706488,44291.17842149715,0.0103,0.001462,0,1.41281941111275,77566.19261603795,1.61281941111275,0.0,1.4636452424293511,2.6,0.0672,101869.71036944343,2.3,188621.18325445295,1.8515924171217752,0.4272904848587023,80,0.662,80,0.0215
2038,2071,2021,1,1,0.03674016294172213,0.0,0.268,3333,39619,5589,0.9,293993,0,148511.08397651106,0.9752481526705815,3605.9977936851296,0.14281,0.04,94,532400.0,2,0,18.489,75,0,40.0,0,0.0,0,142080.0,12000,150,0.0,0,0,0.0,0,0.03648496971149788,0.5,58956.1864185133,66.931875,20,517001.43585,7961822.11209,16.3,0.15,0,0.18,0.05,0.77,0.1,440.24135869017164,892425.0,0.46575,124.08034460400002,6154.633253047608,1861205.16906,80,0.5,15256.841622292462,0.1,1,2.75,1.2,10,0.2,0.03,0,0.01623910810574894,61.1,0.65,0.00113,0.06495643242299576,3.91210447011552,309.30620759158575,96.15217097268787,0.1991,127823.04347826088,0.008013507,0.2029250257751716,2.3,0.0017093764592774267,0.00668725928744951,0.7789,0.022,0.9916033642532731,20,80,0.28495235234751426,139037.28,20,1737.9660000000001,0.48903413557771686,0.01,0.1,0.02,16.3,8.49888364688955,67729.375,0.001,4731.8,9,162025.07255799774,4731800.0,10340028.717,0.6,911993489.4999998,1558940.2019655746,904335812.3652818,36173.432494611276,6098736.932752361,870.9606213663646,0.05,59937500.0,0.6,0.01,1,0.06,0.2,0,3.439,2.68,0.2,2.68,2.31,0.5,6377.080831327896,1469.7811788601948,1934.4893427019588,2.40354609929078,0.7340425531914894,2635.391278463538,0.5964539007092199,-0.038744997719644333,1035,3389,841,273.4323149434981,-540.3892709612348,6246.435121326099,12168.261086747532,290531.8661081907,22814900.0,0.9999997041833409,0.6232547561187858,0.0284,0.0145,0.00844,683.1531119776002,1.931174965794665,1.4309363248573024,47114.007722593116,0.0103,0.001462,0,1.4356603251749522,77833.88832773516,1.6356603251749524,0.0,1.4690636751426975,2.6,0.0672,108362.21776196416,2.3,192332.09536362224,1.7748999543928867,0.4381273502853951,80,0.662,80,0.0215
2039,2071,2021,1,1,0.03521727431507766,0.0,0.268,3333,38778,5643,0.9,301431,0,159538.64143855227,0.973410226426908,3699.9824301883773,0.14281000000000002,0.04,94,532400.0,2,0,18.489,75,0,40.0,0,0.0,0,142120.0,12000,150,0.0,0,0,0.0,0,0.035841622065099304,0.5,59932.081020162324,66.931875,20,517001.43585,7961822.11209,16.3,0.15,0,0.18,0.05,0.77,0.1,443.1637756049011,892425.0,0.47025,124.08034460400002,6154.633253047608,1861205.16906,80,0.5,15256.841622292462,0.1,1,2.75,1.2,10,0.2,0.03,0,0.01593336078254965,61.1,0.65,0.00113,0.0637334431301986,3.91210447011552,317.3870741111355,97.90294796909092,0.1991,131056.95652173914,0.007949801,0.20253256765591218,2.3,0.0017093764592774267,0.00668725928744951,0.7789,0.022,0.9916033642532731,20,80,0.2789036149153666,139037.28,20,1737.9660000000001,0.48027580596733765,0.01,0.1,0.02,16.3,8.505729337725713,67729.375,0.001,4731.8,9,172076.73541838993,4731800.0,10340028.717,0.6,935820032.4999999,1599668.7336757362,927962292.5626073,37118.491702504296,6258071.203716926,893.7151486028145,0.05,59937500.0,0.6,0.01,1,0.06,0.2,0,3.439,2.68,0.2,2.68,2.31,0.5,6608.913270208801,1533.338426957161,2005.0691277776555,2.40354609929078,0.7340425531914894,2731.543449436226,0.5964539007092199,-0.035108838717387916,1035,3389,841,279.05562097073334,-550.3987432129309,6362.136010256993,12073.395966845046,295913.3028026509,22814900.0,0.999999716303871,0.607149728407834,0.0284,0.0145,0.00844,725.5343598623595,1.8766325807608186,1.4253324835138803,50036.85240430065,0.0103,0.001462,0,1.4571336954562213,78107.32064267865,1.6571336954562215,0.0,1.4746675164861196,2.6,0.0672,115084.76052989149,2.3,195894.6064553549,1.7021767743477583,0.4493350329722394,80,0.662,80,0.0215
2040,2071,2021,1,1,0.03379555234909429,0.0,0.268,3333,37676,5698,0.9,308673,0,170747.481127367,0.9715420864787722,3791.6466247583166,0.14281000000000002,0.04,94,532400.0,2,0,18.489,75,0,40.0,0,0.0,0,142160.0,12000,150,0.0,0,0,0.0,0,0.03496240005110599,0.5,60911.79379512588,66.931875,20,517001.43585,7961822.11209,16.3,0.15,0,0.18,0.05,0.77,0.1,446.02549213344344,892425.0,0.47483333333333333,124.08034460400002,6154.633253047608,1861205.16906,80,0.5,15256.841622292462,0.1,1,2.75,1.2,10,0.2,0.03,0,0.015509425025552996,61.1,0.65,0.00113,0.06203770010221198,3.91210447011552,325.49955690241296,98.92423686924532,0.1991,134205.65217391305,0.0078871,0.20231491464635795,2.3,0.0017093764592774267,0.00668725928744951,0.7789,0.022,0.9916033642532731,20,80,0.2709776831077248,139037.28,20,1737.9660000000001,0.4721760183727784,0.01,0.1,0.02,16.3,8.518477806610882,67729.375,0.001,4731.8,9,182305.86233224111,4731800.0,10340028.717,0.6,959739796.5000002,1640556.6151688085,951681211.017152,38067.24844068608,6418028.867679529,916.5587025933137,0.05,59937500.0,0.6,0.01,1,0.06,0.2,0,3.439,2.68,0.2,2.68,2.31,0.5,6844.587938400279,1597.8433920002847,2076.9340576698605,2.40354609929078,0.7340425531914894,2829.446397405317,0.5964539007092199,-0.03173445825377961,1035,3389,841,284.55185724867584,-559.9979450698086,6473.094526344559,11978.4273659037,301074.164016026,22814900.0,0.9999997275518058,0.5920483292788832,0.0284,0.0145,0.00844,768.6638568820867,1.826016873806694,1.4196283100284883,53011.30047462667,0.0103,0.001462,0,1.4772688942948224,78386.37626364938,1.6772688942948226,0.0,1.4803716899715116,2.6,0.0672,121925.99109164132,2.3,199311.09657860923,1.6346891650755921,0.4607433799430234,80,0.662,80,0.0215
2041,2071,2021,1,1,0.032473369265018655,0.0,0.268,3333,37176,5700,0.9,315665,0,182135.46205448144,0.9696440896575864,3865.6381094818303,0.14281000000000005,0.04,94,532400.0,2,0,18.489,75,0,53280.0,0,0.0,0,142200.0,12000,150,53240.0,0,0,0.1,0,0.03363526373717583,0.5,61903.73698351395,66.931875,20,517001.43585,7961822.11209,16.3,0.15,0,0.18,0.05,0.77,0.1,448.7516405419298,892425.0,0.475,124.08034460400002,6154.633253047608,1861205.16906,80,0.5,15256.841622292462,0.1,1,2.75,1.2,10,0.2,0.03,0,0.014861286868587916,61.1,0.65,0.00113,0.059445147474351666,3.91210447011552,333.7133132720004,98.49651860402578,0.1991,137245.65217391305,0.00782538,0.2022869039518803,2.3,0.0017093764592774267,0.00668725928744951,0.7789,0.022,0.9916033642532731,20,80,0.2673815253002648,139037.28,20,1737.9660000000001,0.4646762722841442,0.01,0.1,0.02,16.3,8.539989545879335,67729.375,0.001,4731.8,9,192701.90007096747,4731800.0,10340028.717,0.6,983958167.0000001,1681954.927583567,975696228.681684,39027.84914726736,6579983.390732546,939.6874280305152,0.05,59937500.0,0.6,0.01,1,0.06,0.2,0,3.439,2.68,0.2,2.68,2.31,0.5,7081.993171341794,1662.9010546857703,2149.548657073881,2.40354609929078,0.7340425531914894,2928.3706342745622,0.5964539007092199,-0.02859509375949225,1035,3389,841,289.92289875898643,-569.1962679735587,6579.419226576079,11884.696090107498,306019.49891051534,22814900.0,0.9999997380163541,0.5779227910048372,0.0284,0.0145,0.00844,812.497107016292,1.771901875189845,1.4138294073374837,56034.2832425029,0.0103,0.001462,0,1.4961029453268837,78670.92812089805,1.6961029453268837,0.0,1.4861705926625162,2.6,0.0672,128878.85145775665,2.3,202584.90827876117,1.571901875189845,0.47234118532503216,80,0.662,80,0.0215
2042,2071,2021,1,1,0.031256617849509546,0.0,0.268,3333,36605,5676,0.9,321973,0,193479.14836772025,0.9677534752720466,3918.486407034771,0.14281000000000002,0.04000000000000001,94,585640.0,2,0,18.489,75,0,40.0,0,0.0,0,195480.0,12000,150,0.0,0,0,0.0,0,0.032394935494934336,0.5,62747.67138927375,66.931875,20,517001.43585,7961822.11209,16.3,0.15,0,0.18,0.05,0.77,0.1,450.73804014137676,892425.0,0.473,124.08034460400002,6154.633253047608,1861205.16906,80,0.5,15256.841622292462,0.1,1,2.75,1.2,10,0.2,0.03,0,0.014256312997467168,61.1,0.65,0.00113,0.05702525198986867,3.91210447011552,340.7014872742715,98.05516616923741,0.1991,139988.26086956522,0.007764619,0.20191969357077127,2.3,0.0017093764592774267,0.00668725928744951,0.7789,0.022,0.9916033642532731,20,80,0.2632747130841455,139037.28,20,1737.9660000000001,0.6290474343556547,0.01,0.1,0.02,16.3,8.548005888692531,67729.375,0.001,4731.8,9,203201.65197844646,4731800.0,10340028.717,0.6,1004562891.5,1717176.1585937638,996127942.8153958,39845.11771261584,6717772.526010509,959.365094439561,0.05,59937500.0,0.6,0.01,1,0.06,0.2,0,3.439,2.68,0.2,2.68,2.31,0.5,7318.366703905908,1727.6341368727878,2221.849293070453,2.40354609929078,0.7340425531914894,3026.867152878588,0.5964539007092199,-0.025687477997279495,1035,3389,841,295.1662695018883,-578.0053778812963,6681.244959380573,11793.352054719298,310755.5795060732,22814900.0,0.9999997477084067,0.5647408001274838,0.0284,0.0145,0.00844,856.7676515520424,1.7137495599455899,1.407968213291094,59087.42424496844,0.0103,0.001462,0,1.513678933163355,78960.85101965704,1.7136789331633548,0.0,1.492031786708906,2.6,0.0672,135901.0757634274,2.3,205720.19363302048,1.51374955994559,0.484063573417812,80,0.662,80,0.0215
2043,2071,2021,1,1,0.030134405730760785,0.0,0.268,3333,36335,5861,0.9,327648,0,204738.93502212554,0.965876844162979,3968.2830448143636,0.14281000000000002,0.04,94,585640.0,2,0,18.489,75,0,40.0,0,0.0,0,195520.0,12000,150,0.0,0,0,0.0,0,0.031095906525111305,0.5,63478.20724357396,66.931875,20,517001.43585,7961822.11209,16.3,0.15,0,0.18,0.05,0.77,0.1,452.0818810840147,892425.0,0.48841666666666667,124.08034460400002,6154.633253047608,1861205.16906,80,0.5,15256.841622292462,0.1,1,2.75,1.2,10,0.2,0.03,0,0.013621754512555652,61.1,0.65,0.00113,0.05448701805022261,3.91210447011552,346.7506679095268,97.17229233134523,0.1991,142455.65217391305,0.007704795,0.20133296781942533,2.3,0.0017093764592774267,0.00668725928744951,0.7789,0.022,0.9916033642532731,20,80,0.2613327878681171,139037.28,20,1737.9660000000001,0.6201281286506246,0.01,0.1,0.02,16.3,8.549092623791388,67729.375,0.001,4731.8,9,213730.90277855156,4731800.0,10340028.717,0.6,1022398981.5000002,1747664.7509653177,1013814269.6645201,40552.57078658081,6837047.084514796,976.3986941395582,0.05,59937500.0,0.6,0.01,1,0.06,0.2,0,3.439,2.68,0.2,2.68,2.31,0.5,7553.461775234975,1791.9716248088325,2293.825957598936,2.40354609929078,0.7340425531914894,3124.9223190478256,0.5964539007092199,-0.023008726124895375,1035,3389,841,300.2788842889246,-586.4388070757672,6778.728146305908,11705.359557103131,315289.6812235306,22814900.0,0.9999997566375796,0.5524663537537085,0.0284,0.0145,0.00844,901.1625735065419,1.6601745224979076,1.4020827874948212,62149.143000451164,0.0103,0.001462,0,1.5300448616617222,79256.01728915893,1.730044861661722,0.0,1.4979172125051787,2.6,0.0672,142943.02890103767,2.3,208721.76896997727,1.4601745224979075,0.49583442501035757,80,0.662,80,0.0215
2044,2071,2021,1,1,0.029099969908649572,0.0,0.268,3333,36372,5838,0.9,333474,0,216074.7725989751,0.9639875379001708,4004.0524696927573,0.14281000000000002,0.04,94,585640.0,2,0,18.489,75,0,40.0,0,0.0,0,195560.0,12000,150,0.0,0,0,0.0,0,0.029731321436855113,0.5,64266.21751959597,66.931875,20,517001.43585,7961822.11209,16.3,0.15,0,0.18,0.05,0.77,0.1,453.86807533071425,892425.0,0.4865,124.08034460400002,6154.633253047608,1861205.16906,80,0.5,15256.841622292462,0.1,1,2.75,1.2,10,0.2,0.03,0,0.012954189468427557,61.1,0.65,0.00113,0.05181675787371023,3.91210447011552,353.2757638018571,95.79713059087288,0.1991,144988.69565217392,0.007645885,0.20106448984280315,2.3,0.0017093764592774267,0.00668725928744951,0.7789,0.022,0.9916033642532731,20,80,0.2615989035458691,139037.28,20,1737.9660000000001,0.6118326727672921,0.01,0.1,0.02,16.3,8.55779940864955,67729.375,0.001,4731.8,9,224278.73007937914,4731800.0,10340028.717,0.6,1041638314.0,1780552.0130330285,1032892056.4975072,41315.68225990029,6965705.489459748,994.7724009497468,0.05,59937500.0,0.6,0.01,1,0.06,0.2,0,3.439,2.68,0.2,2.68,2.31,0.5,7786.192558807253,1855.6720219820309,2365.1545551613062,2.40354609929078,0.7340425531914894,3222.0946113791706,0.5964539007092199,-0.020532878580159036,1035,3389,841,304.4888966182757,-594.511565318689,6872.042287285919,11621.50716472056,319629.8738272521,22814900.0,0.9999997648904048,0.5410606127079999,0.0284,0.0145,0.00844,945.6358203405053,1.6106575716031808,1.3923578551027378,65216.26347175898,0.0103,0.001462,0,1.5452525163893336,79556.29617344786,1.7452525163893335,0.0,1.5,2.6,0.0672,149997.40598504565,2.3,211594.97647364088,1.4106575716031806,0.5076421448972622,80,0.662,80,0.0215
2045,2071,2021,1,1,0.02814815026741763,0.0,0.268,3333,36203,5875,0.9,338462,0,227319.00989765412,0.962113498350391,4008.063562477017,0.14281000000000002,0.04,94,585640.0,2,0,18.489,75,0,40.0,0,0.0,0,195600.0,12000,150,0.0,0,0,0.0,0,0.028469419335611916,0.5,64992.559961152554,66.931875,20,517001.43585,7961822.11209,16.3,0.15,0,0.18,0.05,0.77,0.1,454.74178825856893,892425.0,0.4895833333333333,124.08034460400002,6154.633253047608,1861205.16906,80,0.5,15256.841622292462,0.1,1,2.75,1.2,10,0.2,0.03,0,0.012337742417805959,61.1,0.65,0.00113,0.049350969671223835,3.91210447011552,359.2902210063387,94.45845131230905,0.1991,147157.39130434784,0.007587869,0.20072762684823875,2.3,0.0017093764592774267,0.00668725928744951,0.7789,0.022,0.9916033642532731,20,80,0.26038340220694767,139037.28,20,1737.9660000000001,0.6041048980834641,0.01,0.1,0.02,16.3,8.575228829233417,67729.375,0.001,4731.8,9,234796.62493650152,4731800.0,10340028.717,0.6,1059372021.5000004,1810865.5951692406,1050476860.5151911,42019.07442060765,7084295.389640039,1011.7082245944941,0.05,59937500.0,0.6,0.01,1,0.06,0.2,0,3.439,2.68,0.2,2.68,2.31,0.5,8015.641047963781,1918.4209081939819,2435.473725488649,2.40354609929078,0.7340425531914894,3317.8917419700433,0.5964539007092199,-0.018249107609221653,1035,3389,841,308.12698876120567,-602.2397784792247,6961.373783496412,11542.175419596158,323784.82713936805,22814900.0,0.9999997725029747,0.530471434945436,0.0284,0.0145,0.00844,989.9828617561129,1.5562276902305414,1.3805658926712723,68274.68012111123,0.0103,0.001462,0,1.559371420072752,79860.78507006614,1.759371420072752,0.0,1.5,2.6,0.0672,157031.7642785558,2.3,214345.55556626167,1.364982152184433,0.5194341073287277,80,0.662,80,0.0215
2046,2071,2021,1,1,0.027270581723636424,0.0,0.268,3333,36558,5779,0.9,342941,0,238326.07711567124,0.9602789871473881,4003.1624848621022,0.14281,0.04,94,585640.0,2,0,18.489,75,0,58604.0,0,0.0,0,195640.0,12000,150,58564.0,0,0,0.1,0,0.027213629479393254,0.5,65620.44764939051,66.931875,20,517001.43585,7961822.11209,16.3,0.15,0,0.18,0.05,0.77,0.1,455.16335142015015,892425.0,0.4815833333333333,124.08034460400002,6154.633253047608,1861205.16906,80,0.5,15256.841622292462,0.1,1,2.75,1.2,10,0.2,0.03,0,0.011724133239696627,61.1,0.65,0.00113,0.046896532958786506,3.91210447011552,364.4894265243794,92.8624338139219,0.1991,149104.78260869568,0.007530726,0.20020676455109943,2.3,0.0017093764592774267,0.00668725928744951,0.7789,0.022,0.9916033642532731,20,80,0.26293667425024425,139037.28,20,1737.9660000000001,0.5968939990481898,0.01,0.1,0.02,16.3,8.58570103895422,67729.375,0.001,4731.8,9,245175.80446628074,4731800.0,10340028.717,0.6,1074701948.4999995,1837070.2115054806,1065678067.7021474,42627.122708085895,7186810.586346706,1026.3484198361732,0.05,59937500.0,0.6,0.01,1,0.06,0.2,0,3.439,2.68,0.2,2.68,2.31,0.5,8241.747844804484,1980.15577911916,2504.81024826045,2.40354609929078,0.7340425531914894,3412.3501932823524,0.5964539007092199,-0.01616299650561571,1035,3389,841,311.6178971637694,-609.639903534399,7046.912863435255,11467.698645068589,327763.3889969886,22814900.0,0.9999997794566783,0.520650935464098,0.0284,0.0145,0.00844,1033.7450319165662,1.504074912640393,1.3689026105548234,71292.76082183214,0.0103,0.001462,0,1.5724654193812027,80168.91205882734,1.7724654193812026,0.0,1.5,2.6,0.0672,163973.3498902139,2.3,216979.36351600647,1.3232599301123142,0.5310973894451766,80,0.662,80,0.0215
2047,2071,2021,1,1,0.026461152295029804,0.0,0.268,3333,36860,6061,0.9,347266,0,249046.64468346833,0.9584922258860886,3996.3393320353944,0.14281000000000002,0.04000000000000001,94,644204.0,2,0,18.489,75,0,40.0,0,0.0,0,254244.0,12000,150,0.0,0,0,0.0,0,0.02583970826572683,0.5,66129.18859650788,66.931875,20,517001.43585,7961822.11209,16.3,0.15,0,0.18,0.05,0.77,0.1,455.6028931721636,892425.0,0.5050833333333333,124.08034460400002,6154.633253047608,1861205.16906,80,0.5,15256.841622292462,0.1,1,2.75,1.2,10,0.2,0.03,0,0.011051244382863415,61.1,0.65,0.00113,0.04420497753145366,3.91210447011552,368.70204096013714,90.57367169350965,0.1991,150985.21739130435,0.007474439,0.19943988950001967,2.3,0.0017093764592774267,0.00668725928744951,0.7789,0.022,0.9916033642532731,20,80,0.2651087535659501,139037.28,20,1737.9660000000001,0.7667778229585095,0.01,0.1,0.02,16.3,8.576765073459537,67729.375,0.001,4731.8,9,255387.63108696043,4731800.0,10340028.717,0.6,1087122898.4999998,1858302.291037343,1077994723.5093694,43119.78894037478,7269872.699593154,1038.2105202288985,0.05,59937500.0,0.6,0.01,1,0.06,0.2,0,3.439,2.68,0.2,2.68,2.31,0.5,8463.677098397977,2040.7274557783646,2572.975226272797,2.40354609929078,0.7340425531914894,3505.2126270962744,0.5964539007092199,-0.014255993511530838,1035,3389,841,314.9691277391081,-616.728634867663,7128.852499814382,11398.418889889334,331574.53487508756,22814900.0,0.9999997858133549,0.5115572735786055,0.0284,0.0145,0.00844,1076.8015849842764,1.4563998377882712,1.357397724361645,74262.17827477767,0.0103,0.001462,0,1.5845903018951928,80480.5299559911,1.7845903018951927,0.0,1.5,2.6,0.0672,170803.01003198864,2.3,219502.34208730797,1.2851198702306168,0.5426022756383548,80,0.662,80,0.0215
2048,2071,2021,1,1,0.025717346656890294,0.0,0.268,3333,36679,5996,0.9,352081,0,259774.95667105238,0.956704173888158,3987.603804341537,0.14281000000000002,0.04,94,644204.0,2,0,18.489,75,0,40.0,0,0.0,0,254284.0,12000,150,0.0,0,0,0.0,0,0.0245350117393178,0.5,66817.21027198319,66.931875,20,517001.43585,7961822.11209,16.3,0.15,0,0.18,0.05,0.77,0.1,456.88332205820814,892425.0,0.49966666666666665,124.08034460400002,6154.633253047608,1861205.16906,80,0.5,15256.841622292462,0.1,1,2.75,1.2,10,0.2,0.03,0,0.0104127593696589,61.1,0.65,0.00113,0.0416510374786356,3.91210447011552,374.3991841892096,88.22265905288546,0.1991,153078.69565217392,0.007418986,0.19931907632636098,2.3,0.0017093764592774267,0.00668725928744951,0.7789,0.022,0.9916033642532731,20,80,0.2638069444396496,139037.28,20,1737.9660000000001,0.7585418756374553,0.01,0.1,0.02,16.3,8.59018549708732,67729.375,0.001,4731.8,9,265427.9213990692,4731800.0,10340028.717,0.6,1103921001.5000005,1887016.5728660617,1094651778.957243,43786.07115828972,7382205.969891442,1054.252834560197,0.05,59937500.0,0.6,0.01,1,0.06,0.2,0,3.439,2.68,0.2,2.68,2.31,0.5,8680.08018981343,2099.7500527735083,2639.460155494629,2.40354609929078,0.7340425531914894,3595.7862987897843,0.5964539007092199,-0.012506502756173977,1035,3389,841,318.18830135129195,-623.5229130923485,7207.388511551338,11334.567461437307,335227.3726302948,22814900.0,0.9999997916449909,0.5031486315451602,0.0284,0.0145,0.00844,1119.1348823165174,1.4126625689043495,1.3460559893558717,77181.71602182879,0.0103,0.001462,0,1.5958018246064531,80795.49908373022,1.795801824606453,0.0,1.5,2.6,0.0672,177517.9468502062,2.3,221920.52068125518,1.2501300551234795,0.5539440106441282,80,0.662,80,0.0215
2049,2071,2021,1,1,0.02503246724355745,0.0,0.268,3333,37230,6072,0.9,355359,0,270077.22521713004,0.9549871291304783,3977.4641149535514,0.14281,0.04,94,644204.0,2,0,18.489,75,0,40.0,0,0.0,0,254324.0,12000,150,0.0,0,0,0.0,0,0.023339137769449927,0.5,67254.81419521681,66.931875,20,517001.43585,7961822.11209,16.3,0.15,0,0.18,0.05,0.77,0.1,456.3650801397574,892425.0,0.506,124.08034460400002,6154.633253047608,1861205.16906,80,0.5,15256.841622292462,0.1,1,2.75,1.2,10,0.2,0.03,0,0.009828481384724964,61.1,0.65,0.00113,0.039313925538899855,3.91210447011552,378.02275059290395,85.98159261097771,0.1991,154503.91304347827,0.00736435,0.19854931642921964,2.3,0.0017093764592774267,0.00668725928744951,0.7789,0.022,0.9916033642532731,20,80,0.2677699103434705,139037.28,20,1737.9660000000001,0.7508140042580943,0.01,0.1,0.02,16.3,8.593317462059495,67729.375,0.001,4731.8,9,275292.5860219132,4731800.0,10340028.717,0.6,1114605135.5,1905279.7800134264,1105246202.1757753,44209.848087031016,7453653.5442112945,1064.456262648815,0.05,59937500.0,0.6,0.01,1,0.06,0.2,0,3.439,2.68,0.2,2.68,2.31,0.5,8890.893573838357,2157.198468476888,2704.219341395151,2.40354609929078,0.7340425531914894,3684.0089578426696,0.5964539007092199,-0.0108965654360372,1035,3389,841,321.0093357844417,-630.0397133207847,7282.717116342401,11346.333393434446,338731.0286670884,22814900.0,0.9999997970114486,0.4984612182236999,0.0284,0.0145,0.00844,1160.7276816858803,1.37241413590093,1.3348820382156037,80050.1849438538,0.0103,0.001462,0,1.6061551271052006,81113.6873850815,1.8046163453289004,0.0,1.5,2.6,0.0672,184115.42537086373,2.3,224239.94097761254,1.217931308720744,0.5651179617843963,80,0.662,80,0.0215
2050,2071,2021,1,1,0.024376186440851724,0.0,0.268,3333,37092,6189,0.9,359449,0,280335.32495384867,0.9532774458410253,3949.6123388561723,0.14281,0.04,94,644204.0,2,0,18.489,75,0,40.0,0,0.0,0,254364.0,12000,150,0.0,0,0,0.0,0,0.022237824171945416,0.5,67826.15733792787,66.931875,20,517001.43585,7961822.11209,16.3,0.15,0,0.18,0.05,0.77,0.1,456.9826087287568,892425.0,0.51575,124.08034460400002,6154.633253047608,1861205.16906,80,0.5,15256.841622292462,0.1,1,2.75,1.2,10,0.2,0.03,0,0.009291283835972709,61.1,0.65,0.00113,0.037165135343890834,3.91210447011552,382.75374066632656,83.83638699088392,0.1991,156282.1739130435,0.007310513,0.19822669060747916,2.3,0.0017093764592774267,0.00668725928744951,0.7789,0.022,0.9916033642532731,20,80,0.2667773707886115,139037.28,20,1737.9660000000001,0.743396587815913,0.01,0.1,0.02,16.3,8.60186062556858,67729.375,0.001,4731.8,9,284979.34261592076,4731800.0,10340028.717,0.6,1128554523.0000002,1929124.5346272655,1119078461.7500482,44763.13847000193,7546936.715324903,1077.7780323155494,0.05,59937500.0,0.6,0.01,1,0.06,0.2,0,3.439,2.68,0.2,2.68,2.31,0.5,9096.374134169164,2215.276787902398,2767.3334891627837,2.40354609929078,0.7340425531914894,3769.9905504536473,0.5964539007092199,-0.008845852822778532,1035,3389,841,323.6037871966449,-636.4261657293993,7356.539012463483,11404.521593645864,342164.6052308597,22814900.0,0.9999998019235786,0.49598986506411913,0.0284,0.0145,0.00844,1201.5703599682613,1.3298024243986244,1.323879594131949,82866.92137712147,0.0103,0.001462,0,1.6160405397435236,81434.69672086595,1.8120304048076425,0.0,1.5,2.6,0.0672,190593.91916737935,2.3,226512.96866282914,1.1884585282277853,0.5761204058680509,80,0.662,80,0.0215
2051,2071,2021,1,1,0.023738133606712456,0.0,0.268,3333,37999,6242,0.9,363140,0,290283.35199308867,0.9516194413344853,3898.5061741998074,0.14281000000000002,0.04,94,644204.0,2,0,18.489,75,0,64460.4,0,0.0,0,254404.0,12000,150,64420.4,0,0,0.1,0,0.02122229455636383,0.5,68323.6680117724,66.931875,20,517001.43585,7961822.11209,16.3,0.15,0,0.18,0.05,0.77,0.1,457.1150271742845,892425.0,0.5201666666666667,124.08034460400002,6154.633253047608,1861205.16906,80,0.5,15256.841622292462,0.1,1,2.75,1.2,10,0.2,0.03,0,0.008796783028181914,61.1,0.65,0.00113,0.035187132112727657,3.91210447011552,386.8733631548572,81.78705043569737,0.1991,157886.95652173914,0.007257457,0.19770943599315663,2.3,0.0017093764592774267,0.00668725928744951,0.7789,0.022,0.9916033642532731,20,80,0.2733008010513439,139037.28,20,1737.9660000000001,0.7361734640144977,0.01,0.1,0.02,16.3,8.606072038332329,67729.375,0.001,4731.8,9,294429.85898131627,4731800.0,10340028.717,0.6,1140701285.0000007,1949887.923646512,1131123231.8140323,45244.9292725613,7628165.262321845,1089.3782811121828,0.05,59937500.0,0.6,0.01,1,0.06,0.2,0,3.439,2.68,0.2,2.68,2.31,0.5,9296.7519822334,2274.820796557079,2828.872964719922,2.40354609929078,0.7340425531914894,3853.8269374445313,0.5964539007092199,-0.006178096039716449,1035,3389,841,326.1877225268829,-642.7716606621418,7429.8874753957225,11462.19067164268,345576.1616463127,22814900.0,0.99999980636984,0.49357671484255733,0.0284,0.0145,0.00844,1241.416968662136,1.283116680695038,1.3131089284140733,85614.96335600938,0.0103,0.001462,0,1.6256931406297708,81758.30050806259,1.8192698554723281,0.0,1.5,2.6,0.0672,196914.41571882155,2.3,228771.419009859,1.1617809603971645,0.5868910715859267,80,0.662,80,0.0215
2052,2071,2021,1,1,0.02315101400737003,0.0,0.268,3333,38071,6419,0.9,366614,0,299844.112650521,0.9500259812249132,3850.937863532596,0.14281000000000002,0.04000000000000001,94,708624.4,2,0,18.489,75,0,40.0,0,0.0,0,318864.4,12000,150,0.0,0,0,0.0,0,0.020183638101478697,0.5,68746.69889136068,66.931875,20,517001.43585,7961822.11209,16.3,0.15,0,0.18,0.05,0.77,0.1,457.003351390247,892425.0,0.5349166666666667,124.08034460400002,6154.633253047608,1861205.16906,80,0.5,15256.841622292462,0.1,1,2.75,1.2,10,0.2,0.03,0,0.008290527550739349,61.1,0.65,0.00113,0.033162110202957396,3.91210447011552,390.3762578996629,79.4350084384919,0.1991,159397.39130434784,0.007205166,0.1970013105429439,2.3,0.0017093764592774267,0.00668725928744951,0.7789,0.022,0.9916033642532731,20,80,0.27381864777561815,139037.28,20,1737.9660000000001,0.9137413970197716,0.01,0.1,0.02,16.3,8.601705881390235,67729.375,0.001,4731.8,9,303567.5887591603,4731800.0,10340028.717,0.6,1151029616.9999998,1967542.9312309122,1141364840.5723562,45654.59362289426,7697233.4964127,1099.241915622698,0.05,59937500.0,0.6,0.01,1,0.06,0.2,0,3.439,2.68,0.2,2.68,2.31,0.5,9492.05796507935,2332.5112231718804,2888.908140039742,2.40354609929078,0.7340425531914894,3935.6139878802287,0.5964539007092199,-0.003786217761939619,1035,3389,841,328.761124944935,-649.0761893183295,7502.762403410796,11519.379339315154,348965.6931818975,22814900.0,0.9999998103563037,0.4912212611849101,0.0284,0.0145,0.00844,1279.9447621424324,1.2412588108339435,1.3026481262959329,88272.05256154705,0.0103,0.001462,0,1.6351149552603597,82084.48823058947,1.8263362164452697,0.0,1.5,2.6,0.0672,203025.72089155822,2.3,231015.28888641618,1.1378621776193962,0.5973518737040672,80,0.662,80,0.0215
2053,2071,2021,1,1,0.022610834582353134,0.0,0.268,3333,38346,6250,0.9,370578,0,309259.3270908649,0.9484567788181892,3740.0500926139416,0.14281000000000002,0.04,94,708624.4,2,0,18.489,75,0,40.0,0,0.0,0,318904.4,12000,150,0.0,0,0,0.0,0,0.019094479798757568,0.5,69320.26805602373,66.931875,20,517001.43585,7961822.11209,16.3,0.15,0,0.18,0.05,0.77,0.1,457.5270058059244,892425.0,0.5208333333333334,124.08034460400002,6154.633253047608,1861205.16906,80,0.5,15256.841622292462,0.1,1,2.75,1.2,10,0.2,0.03,0,0.0077588341493787846,61.1,0.65,0.00113,0.031035336597515138,3.91210447011552,395.125680482327,76.66527195122966,0.1991,161120.8695652174,0.007153623,0.1967463224604419,2.3,0.0017093764592774267,0.00668725928744951,0.7789,0.022,0.9916033642532731,20,80,0.27579653456972114,139037.28,20,1737.9660000000001,0.9051215420249885,0.01,0.1,0.02,16.3,8.613226365299615,67729.375,0.001,4731.8,9,312409.2340348411,4731800.0,10340028.717,0.6,1165033353.0000005,1991480.5878912492,1155250992.3020716,46210.039692082864,7790880.110037697,1112.6155885144835,0.05,59937500.0,0.6,0.01,1,0.06,0.2,0,3.439,2.68,0.2,2.68,2.31,0.5,9681.507452827289,2388.2355957857867,2947.2168164467203,2.40354609929078,0.7340425531914894,4015.0489963187206,0.5964539007092199,-0.001632866650734146,1035,3389,841,329.66300754224613,-655.3398151069796,7575.164529462396,11576.125441370737,352333.23392848356,22814900.0,0.9999998139452222,0.4889229482519921,0.0284,0.0145,0.00844,1317.2241621125897,1.2035751663878478,1.269920779582162,90843.04566293722,0.0103,0.001462,0,1.6443082069920316,82413.24935553441,1.8332311552440237,0.0,1.4924801948955404,2.6,0.0672,208939.00502475558,2.3,233244.60086065612,1.1163286665073415,0.6075198051044595,80,0.662,80,0.0215
2054,2071,2021,1,1,0.02203975237835633,0.0,0.268,3333,38721,6309,0.9,373547,0,318005.1187140758,0.9469991468809874,3616.4081832352203,0.14281000000000002,0.04,94,708624.4,2,0,18.489,75,0,40.0,0,0.0,0,318944.4,12000,150,0.0,0,0,0.0,0,0.018114300068864886,0.5,69733.9613042406,66.931875,20,517001.43585,7961822.11209,16.3,0.15,0,0.18,0.05,0.77,0.1,456.85268279128735,892425.0,0.52575,124.08034460400002,6154.633253047608,1861205.16906,80,0.5,15256.841622292462,0.1,1,2.75,1.2,10,0.2,0.03,0,0.007281447034432443,61.1,0.65,0.00113,0.02912578813772977,3.91210447011552,398.55125524545264,74.11854005149779,0.1991,162411.73913043478,0.007102812,0.19605877695283086,2.3,0.0017093764592774267,0.00668725928744951,0.7789,0.022,0.9916033642532731,20,80,0.27849365292531614,139037.28,20,1737.9660000000001,0.8967201605991633,0.01,0.1,0.02,16.3,8.618846892091222,67729.375,0.001,4731.8,9,320741.33240983525,4731800.0,10340028.717,0.6,1175133705.9999998,2008745.8935398401,1165266536.3170166,46610.661452680666,7858423.78944346,1122.2615013704208,0.05,59937500.0,0.6,0.01,1,0.06,0.2,0,3.439,2.68,0.2,2.68,2.31,0.5,9864.417469637106,2450.1182714298347,3003.4923884109207,2.40354609929078,0.7340425531914894,4091.71426826995,0.5964539007092199,0.0023460424905745597,1035,3389,841,330.05215180675185,-661.5626703470301,7647.095383043626,11632.26758644766,355678.8550252849,22814900.0,0.9999998170576737,0.48667287711353496,0.0284,0.0145,0.00844,1352.3551381048594,1.1708944256414948,1.2313145853768865,93265.87159343857,0.0103,0.001462,0,1.6533084915458602,82742.91236307666,1.839981368659395,0.0,1.4828286463442215,2.6,0.0672,214511.5046649087,2.3,235459.40202673862,1.0976539575094255,0.6171713536557784,80,0.662,80,0.0215
2055,2071,2021,1,1,0.02108423079813271,0.0,0.268,3333,39054,6390,0.9,377522,0,326338.22894992173,0.945610295175013,3503.62950692006,0.14281000000000002,0.04,94,708624.4,2,0,18.489,75,0,40.0,0,0.0,0,318984.4,12000,150,0.0,0,0,0.0,0,0.016861589632243268,0.5,70280.99311788315,66.931875,20,517001.43585,7961822.11209,16.3,0.15,0,0.18,0.05,0.77,0.1,457.4372496356838,892425.0,0.5325,124.08034460400002,6154.633253047608,1861205.16906,80,0.5,15256.841622292462,0.1,1,2.75,1.2,10,0.2,0.03,0,0.006667615316121634,61.1,0.65,0.00113,0.026670461264486536,3.91210447011552,403.0809360742256,70.24256329045177,0.1991,164140.0,0.007052718,0.19576743910197222,2.3,0.0017093764592774267,0.00668725928744951,0.7789,0.022,0.9916033642532731,20,80,0.2808886940250845,139037.28,20,1737.9660000000001,0.8885298333325549,0.01,0.1,0.02,16.3,8.625022382801534,67729.375,0.001,4731.8,9,328527.41083203856,4731800.0,10340028.717,0.6,1188489530.5000002,2031576.0255343816,1178510216.8235934,47140.40867294374,7947737.650872634,1135.016413921121,0.05,59937500.0,0.6,0.01,1,0.06,0.2,0,3.439,2.68,0.2,2.68,2.31,0.5,10040.547367375737,2561.1558001339286,3057.8985507891475,2.40354609929078,0.7340425531914894,4165.832808321447,0.5964539007092199,0.01834652887544784,1035,3389,841,330.5198606386203,-667.7445840785163,7718.552988004351,11687.773869138064,359002.46455834195,22814900.0,0.9999998197244214,0.4844680884138921,0.0284,0.0145,0.00844,1385.1839072592495,1.1428935744679665,1.194929869116027,95529.92463856893,0.0103,0.001462,0,1.6621276463444317,83072.96451488341,1.8465957347583237,0.0,1.4737324672790066,2.6,0.0672,219718.82666870853,2.3,237659.6315376224,1.0816534711245522,0.6262675327209932,80,0.662,80,0.0215
2056,2071,2021,1,1,0.020281520517018755,0.0,0.268,3333,39391,6517,0.9,381220,0,334074.8044779281,0.9443208659203454,3400.5818543176683,0.14281000000000005,0.04,94,708624.4,2,0,18.489,75,0,70902.44,0,0.0,0,319024.4,12000,150,70862.44,0,0,0.1,0,0.015639291229830283,0.5,70732.23422865599,66.931875,20,517001.43585,7961822.11209,16.3,0.15,0,0.18,0.05,0.77,0.1,457.7066583803521,892425.0,0.5430833333333334,124.08034460400002,6154.633253047608,1861205.16906,80,0.5,15256.841622292462,0.1,1,2.75,1.2,10,0.2,0.03,0,0.006068814364915141,61.1,0.65,0.00113,0.024275257459660565,3.91210447011552,406.8174248078729,66.24921640815002,0.1991,165747.82608695654,0.007003325,0.19522899491972862,2.3,0.0017093764592774267,0.00668725928744951,0.7789,0.022,0.9916033642532731,20,80,0.28331250438731254,139037.28,20,1737.9660000000001,0.8805435548031456,0.01,0.1,0.02,16.3,8.620532763233827,67729.375,0.001,4731.8,9,335812.7452492721,4731800.0,10340028.717,0.6,1199506617.4999998,2050408.3747019921,1189434797.3570638,47577.391894282555,8021411.76823402,1145.5378146215007,0.05,59937500.0,0.6,0.01,1,0.06,0.2,0,3.439,2.68,0.2,2.68,2.31,0.5,10207.310390805622,2662.522267730725,3109.4595812895855,2.40354609929078,0.7340425531914894,4236.075371611899,0.5964539007092199,0.03208124896579398,1035,3389,841,331.05872816735007,-673.8853299910389,7789.534728391038,11742.68112893555,362303.94085539714,22814900.0,0.9999998220135415,0.482308609157266,0.0284,0.0145,0.00844,1415.9013684543315,1.1188578143098606,1.1605808714304875,97648.37023822975,0.0103,0.001462,0,1.6707655633709362,83403.48437552204,1.853074172528202,0.0,1.4651452178576219,2.6,0.0672,224591.2515479284,2.3,239845.20884627293,1.067918751034206,0.6348547821423781,80,0.662,80,0.0215
2057,2071,2021,1,1,0.019601241583379718,0.0,0.268,3333,39997,6534,0.9,384266,0,341205.41457135015,0.9431324309047749,3306.184683711051,0.14281000000000002,0.04,94,779486.8400000001,2,0,18.489,75,0,40.0,0,0.0,0,389926.84,12000,150,0.0,0,0,0.0,0,0.014565173869231618,0.5,71037.52813119398,66.931875,20,517001.43585,7961822.11209,16.3,0.15,0,0.18,0.05,0.77,0.1,457.22361703834696,892425.0,0.5445,124.08034460400002,6154.633253047608,1861205.16906,80,0.5,15256.841622292462,0.1,1,2.75,1.2,10,0.2,0.03,0,0.005543931934615809,61.1,0.65,0.00113,0.022175727738463238,3.91210447011552,409.34540198027776,62.664105666382305,0.1991,167072.1739130435,0.00695462,0.19431288898657528,2.3,0.0017093764592774267,0.00668725928744951,0.7789,0.022,0.9916033642532731,20,80,0.28767104764995405,139037.28,20,1737.9660000000001,1.066588502824537,0.01,0.1,0.02,16.3,8.605343173739023,67729.375,0.001,4731.8,9,342638.06144015613,4731800.0,10340028.717,0.6,1206960391.9999998,2063149.6813650546,1196825985.227649,47873.039409105964,8071257.0909857,1152.6562251636678,0.05,59937500.0,0.6,0.01,1,0.06,0.2,0,3.439,2.68,0.2,2.68,2.31,0.5,10364.68727609501,2754.9275269270533,3158.0893252487595,2.40354609929078,0.7340425531914894,4302.324588020049,0.5964539007092199,0.043880753398057595,1035,3389,841,331.6620842285603,-679.9847555822683,7860.038841407937,11797.02529855029,365583.2019259506,22814900.0,0.9999998239801255,0.48019438989606794,0.0284,0.0145,0.00844,1444.67923549935,1.0982086815533993,1.1281004946376976,99633.05072409309,0.0103,0.001462,0,1.6792224404157283,83734.54310368939,1.8594168303117962,0.0,1.4570251236594243,2.6,0.0672,229156.0166654141,2.3,242016.0796749793,1.0561192466019425,0.6429748763405756,80,0.662,80,0.0215
2058,2071,2021,1,1,0.01901885742386357,0.0,0.268,3333,39692,6545,0.9,389289,0,348384.84168669424,0.9419358597188843,3219.125538692801,0.14281000000000002,0.04,94,779486.8400000001,2,0,18.489,75,0,40.0,0,0.0,0,389966.84,12000,150,0.0,0,0,0.0,0,0.013615677577795544,0.5,71815.23801013801,66.931875,20,517001.43585,7961822.11209,16.3,0.15,0,0.18,0.05,0.77,0.1,459.10718324929206,892425.0,0.5454166666666667,124.08034460400002,6154.633253047608,1861205.16906,80,0.5,15256.841622292462,0.1,1,2.75,1.2,10,0.2,0.03,0,0.005081192038897772,61.1,0.65,0.00113,0.02032476815559109,3.91210447011552,415.7852057378379,59.432278683957406,0.1991,169256.08695652176,0.006906587,0.1947055589489473,2.3,0.0017093764592774267,0.00668725928744951,0.7789,0.022,0.9916033642532731,20,80,0.2854773913874034,139037.28,20,1737.9660000000001,1.0572785617313696,0.01,0.1,0.02,16.3,8.62794042472302,67729.375,0.001,4731.8,9,349039.7786765562,4731800.0,10340028.717,0.6,1225948239.5,2095607.0608939047,1215654398.6885774,48626.1759475431,8198233.750528751,1170.789761913011,0.05,59937500.0,0.6,0.01,1,0.06,0.2,0,3.439,2.68,0.2,2.68,2.31,0.5,10513.630893958618,2839.287281908138,3204.087445365572,2.40354609929078,0.7340425531914894,4364.988693686431,0.5964539007092199,0.05401451539800046,1035,3389,841,332.32397927963495,-686.0427787471701,7930.064377991479,11850.841377415365,368840.2036275107,22814900.0,0.9999998256690859,0.4781253106920299,0.0284,0.0145,0.00844,1471.6710644984196,1.0804745980534993,1.097339298648196,101494.55617230479,0.0103,0.001462,0,1.6874987572318805,84066.20518791795,1.8656240679239102,0.0,1.449334824662049,2.6,0.0672,233437.479196301,2.3,244172.2148014121,1.0459854846019996,0.650665175337951,80,0.662,80,0.0215
2059,2071,2021,1,1,0.01851612402804863,0.0,0.268,3333,40111,6688,0.9,391838,0,354687.3951326509,0.9408854341445582,3139.153788776676,0.14281000000000002,0.04,94,779486.8400000001,2,0,18.489,75,0,40.0,0,0.0,0,390006.84,12000,150,0.0,0,0,0.0,0,0.012771413433959272,0.5,72108.29551934026,66.931875,20,517001.43585,7961822.11209,16.3,0.15,0,0.18,0.05,0.77,0.1,458.09440649730476,892425.0,0.5573333333333333,124.08034460400002,6154.633253047608,1861205.16906,80,0.5,15256.841622292462,0.1,1,2.75,1.2,10,0.2,0.03,0,0.004670903466979636,61.1,0.65,0.00113,0.018683613867918544,3.91210447011552,418.2118598154539,56.50610944402233,0.1991,170364.34782608697,0.006859213,0.1938004637892639,2.3,0.0017093764592774267,0.00668725928744951,0.7789,0.022,0.9916033642532731,20,80,0.2884909716300549,139037.28,20,1737.9660000000001,1.0481943294958747,0.01,0.1,0.02,16.3,8.62184142426207,67729.375,0.001,4731.8,9,355049.27461331064,4731800.0,10340028.717,0.6,1233103261.5000005,2107837.6870663175,1222749342.575084,48909.973703003365,8246081.237850159,1177.6228615773814,0.05,59937500.0,0.6,0.01,1,0.06,0.2,0,3.439,2.68,0.2,2.68,2.31,0.5,10654.965813020392,2916.3770948066463,3247.7132669527323,2.40354609929078,0.7340425531914894,4424.420972370389,0.5964539007092199,0.06270062211282385,1035,3389,841,333.0393967371432,-692.0593843976287,7999.611163736028,11904.163416971856,372074.9378481874,22814900.0,0.9999998271167704,0.4761011870161669,0.0284,0.0145,0.00844,1497.009154374238,1.0652739113025584,1.068168488996973,103242.01064649917,0.0103,0.001462,0,1.6955952519353326,84398.52916719759,1.8716964389514994,0.0,1.4420421222492432,2.6,0.0672,237456.62448694807,2.3,246313.60885550006,1.0372993778871762,0.6579578777507568,80,0.662,80,0.0215
2060,2071,2021,1,1,0.018078981810683216,0.0,0.268,3333,40743,6691,0.9,394701,0,360679.429057889,0.9398867618236851,3065.2263790191473,0.14281000000000002,0.04000000000000001,94,779486.8400000001,2,0,18.489,75,0,40.0,0,0.0,0,390046.84,12000,150,0.0,0,0,0.0,0,0.012014854331494552,0.5,72452.99404686832,66.931875,20,517001.43585,7961822.11209,16.3,0.15,0,0.18,0.05,0.77,0.1,457.489956715978,892425.0,0.5575833333333333,124.08034460400002,6154.633253047608,1861205.16906,80,0.5,15256.841622292462,0.1,1,2.75,1.2,10,0.2,0.03,0,0.004304305915747276,61.1,0.65,0.00113,0.017217223662989105,3.91210447011552,421.06612582505454,53.837686158049124,0.1991,171609.13043478262,0.006812485,0.19306000712157972,2.3,0.0017093764592774267,0.00668725928744951,0.7789,0.022,0.9916033642532731,20,80,0.29303651509868434,139037.28,20,1737.9660000000001,1.0393282803390858,0.01,0.1,0.02,16.3,8.617718728860584,67729.375,0.001,4731.8,9,360696.6100110207,4731800.0,10340028.717,0.6,1241519103.0000005,2122223.5284114275,1231094519.3195064,49243.780772780265,8302360.152082738,1185.660053318936,0.05,59937500.0,0.6,0.01,1,0.06,0.2,0,3.439,2.68,0.2,2.68,2.31,0.5,10789.402089647732,2986.8938729774245,3289.19115579994,2.40354609929078,0.7340425531914894,4480.927081814411,0.5964539007092199,0.07012554109860697,1035,3389,841,333.80341456382513,-698.0346211336678,8068.679760416049,11957.02454600563,375287.4307170256,22814900.0,0.9999998283542568,0.4741217767093659,0.0284,0.0145,0.00844,1520.8202515730734,1.052280303077438,1.0404647125191155,104884.15528090161,0.0103,0.001462,0,1.7035128931625365,84731.56856393474,1.8776346698719024,0.0,1.4351161781297788,2.6,0.0672,241233.5571460737,2.3,248440.27913467094,1.029874458901393,0.6648838218702211,80,0.662,80,0.0215
2061,2071,2021,1,1,0.017696642647790254,0.0,0.268,3333,40992,6890,0.9,399163,0,366659.0642466248,0.9388901559588959,2996.581425544962,0.14281000000000005,0.04000000000000001,94,779486.8400000001,2,0,18.489,75,0,77988.68400000001,0,0.0,0,390086.84,12000,150,77948.68400000001,0,0,0.1,0,0.011336084143079263,0.5,73121.4165633171,66.931875,20,517001.43585,7961822.11209,16.3,0.15,0,0.18,0.05,0.77,0.1,458.7594240823639,892425.0,0.5741666666666667,124.08034460400002,6154.633253047608,1861205.16906,80,0.5,15256.841622292462,0.1,1,2.75,1.2,10,0.2,0.03,0,0.0039764448215396314,61.1,0.65,0.00113,0.015905779286158526,3.91210447011552,426.60097879478826,51.406474978807125,0.1991,173549.13043478262,0.006766389,0.19319872390121545,2.3,0.0017093764592774267,0.00668725928744951,0.7789,0.022,0.9916033642532731,20,80,0.2948274016867994,139037.28,20,1737.9660000000001,1.0306731357344312,0.01,0.1,0.02,16.3,8.633398887171403,67729.375,0.001,4731.8,9,366007.8226833077,4731800.0,10340028.717,0.6,1257838690.9999995,2150119.847963732,1247277077.6835327,49891.08310734132,8411493.46850308,1201.2453822369253,0.05,59937500.0,0.6,0.01,1,0.06,0.2,0,3.439,2.68,0.2,2.68,2.31,0.5,10917.548411139971,3051.4262549536693,3328.710308405317,2.40354609929078,0.7340425531914894,4534.7647679724605,0.5964539007092199,0.07644235986528251,1035,3389,841,334.6118643853575,-703.9685980395558,8137.271428951852,12009.456902858672,378477.7408814815,22814900.0,0.99999982940706,0.472186782671428,0.0284,0.0145,0.00844,1543.2141404210415,1.0412258702357557,1.0141210926284667,106428.56140834768,0.0103,0.001462,0,1.711252869314288,85065.37197849856,1.883439651985716,0.0,1.4285302731571166,2.6,0.0672,244785.69123919966,2.3,250552.26446354078,1.0235576401347175,0.6714697268428833,80,0.662,80,0.0215
2062,2071,2021,1,1,0.017360600465432814,0.0,0.268,3333,41022,6817,0.9,403185,0,372106.3290272113,0.9379822784954648,2932.9794447071795,0.14281000000000002,0.04,94,857435.5240000001,2,0,18.489,75,0,40.0,0,0.0,0,468075.52400000003,12000,150,0.0,0,0,0.0,0,0.010722894245290639,0.5,73570.55125036243,66.931875,20,517001.43585,7961822.11209,16.3,0.15,0,0.18,0.05,0.77,0.1,459.53303715707847,892425.0,0.5680833333333334,124.08034460400002,6154.633253047608,1861205.16906,80,0.5,15256.841622292462,0.1,1,2.75,1.2,10,0.2,0.03,0,0.0036812188726453197,61.1,0.65,0.00113,0.014724875490581279,3.91210447011552,430.320025348771,49.17702922895956,0.1991,175297.82608695654,0.006720913,0.19277172928198216,2.3,0.0017093764592774267,0.00668725928744951,0.7789,0.022,0.9916033642532731,20,80,0.295043171155247,139037.28,20,1737.9660000000001,1.2264652998043892,0.01,0.1,0.02,16.3,8.621789749122613,67729.375,0.001,4731.8,9,371005.95277684886,4731800.0,10340028.717,0.6,1268804349.5000002,2168864.286464109,1258150661.543386,50326.02646173544,8484823.67015021,1211.7176683341515,0.05,59937500.0,0.6,0.01,1,0.06,0.2,0,3.439,2.68,0.2,2.68,2.31,0.5,11039.956701807801,3110.491489480502,3366.4448485493344,2.40354609929078,0.7340425531914894,4586.171242951267,0.5964539007092199,0.08177883956649128,1035,3389,841,335.461120347513,-709.861481428669,8205.388091782997,12061.491660185378,381645.9577573488,22814900.0,0.9999998302964732,0.4702958588967556,0.0284,0.0145,0.00844,1564.2879660553383,1.0318870307586403,0.9890430371540628,107881.92869347161,0.0103,0.001462,0,1.7188165644129776,85399.98384288391,1.8891124233097332,0.0,1.4222607592885157,2.6,0.0672,248128.43599498467,2.3,252649.6240353649,1.0182211604335087,0.6777392407114843,80,0.662,80,0.0215
2063,2071,2021,1,1,0.017064023224538937,0.0,0.268,3333,41561,6815,0.9,405858,0,377220.6942934192,0.9371298842844301,2873.8359686807053,0.14281,0.04,94,857435.5240000001,2,0,18.489,75,0,40.0,0,0.0,0,468115.52400000003,12000,150,0.0,0,0,0.0,0,0.010165922640071651,0.5,73977.98652148663,66.931875,20,517001.43585,7961822.11209,16.3,0.15,0,0.18,0.05,0.77,0.1,458.7959425150099,892425.0,0.5679166666666666,124.08034460400002,6154.633253047608,1861205.16906,80,0.5,15256.841622292462,0.1,1,2.75,1.2,10,0.2,0.03,0,0.0034139503200358258,61.1,0.65,0.00113,0.013655801280143303,3.91210447011552,433.6937811168097,47.12259194477397,0.1991,176460.0,0.006676044,0.19225438184925867,2.3,0.0017093764592774267,0.00668725928744951,0.7789,0.022,0.9916033642532731,20,80,0.29891982927168886,139037.28,20,1737.9660000000001,1.21654109462039,0.01,0.1,0.02,16.3,8.632156813466777,67729.375,0.001,4731.8,9,375712.8827719326,4731800.0,10340028.717,0.6,1278751913.4999995,2185868.4181928635,1268014699.47191,50720.58797887641,8551345.609896705,1221.2176665493485,0.05,59937500.0,0.6,0.01,1,0.06,0.2,0,3.439,2.68,0.2,2.68,2.31,0.5,11157.098107170326,3164.552654988493,3402.5428806429322,2.40354609929078,0.7340425531914894,4635.348272180227,0.5964539007092199,0.0862461833343146,1035,3389,841,336.34767992988884,-715.71349171044,8273.032296652933,12113.159034125289,384792.1998443225,22814900.0,0.9999998310410305,0.4684486153784057,0.0284,0.0145,0.00844,1584.1339924957902,1.0240691791649494,0.965140726309843,109250.62017212345,0.0103,0.001462,0,1.7262055384863773,85735.44496323142,1.894654153864783,0.0,1.4162851815774606,2.6,0.0672,251276.42639588393,2.3,254732.4362969415,1.0137538166656854,0.6837148184225392,80,0.662,80,0.0215
2064,2071,2021,1,1,0.016801427934262866,0.0,0.268,3333,41568,6970,0.9,409570,0,382116.4714229507,0.9363139214295082,2818.6794329631775,0.14281000000000002,0.04,94,857435.5240000001,2,0,18.489,75,0,40.0,0,0.0,0,468155.52400000003,12000,150,0.0,0,0,0.0,0,0.009659354639575844,0.5,74438.47855491823,66.931875,20,517001.43585,7961822.11209,16.3,0.15,0,0.18,0.05,0.77,0.1,459.2611067216809,892425.0,0.5808333333333333,124.08034460400002,6154.633253047608,1861205.16906,80,0.5,15256.841622292462,0.1,1,2.75,1.2,10,0.2,0.03,0,0.003171734819787922,61.1,0.65,0.00113,0.012686939279151687,3.91210447011552,437.50687184319446,45.22964666606454,0.1991,178073.91304347827,0.00663177,0.19189298948027175,2.3,0.0017093764592774267,0.00668725928744951,0.7789,0.022,0.9916033642532731,20,80,0.2989701754809933,139037.28,20,1737.9660000000001,1.2068457709783158,0.01,0.1,0.02,16.3,8.62912933076153,67729.375,0.001,4731.8,9,380148.16786803247,4731800.0,10340028.717,0.6,1289994862.5,2205086.850546321,1279163245.5244384,51166.529820977536,8626530.125015277,1231.954767153432,0.05,59937500.0,0.6,0.01,1,0.06,0.2,0,3.439,2.68,0.2,2.68,2.31,0.5,11269.38613639276,3214.0125357963607,3437.132868347075,2.40354609929078,0.7340425531914894,4682.470864125001,0.5964539007092199,0.08993852522570449,1035,3389,841,337.26845978389304,-721.5249003475573,8340.207181436816,12164.488248243732,387916.61309008446,22814900.0,0.9999998316564209,0.46664462084317215,0.0284,0.0145,0.00844,1602.8346711504714,1.0176075808550171,0.9423338812236606,110540.32214830836,0.0103,0.001462,0,1.7334215166273115,86071.79264316132,1.9000661374704835,0.0,1.410583470305915,2.6,0.0672,254242.74094110922,2.3,256800.79786563592,1.0100614747742955,0.6894165296940848,80,0.662,80,0.0215
2065,2071,2021,1,1,0.016568327649186986,0.0,0.268,3333,42391,7014,0.9,412918,0,386634.1764143339,0.935560970597611,2767.227828020835,0.14281000000000002,0.04,94,857435.5240000001,2,0,18.489,75,0,40.0,0,0.0,0,468195.52400000003,12000,150,0.0,0,0,0.0,0,0.009196532200512789,0.5,74774.89341042754,66.931875,20,517001.43585,7961822.11209,16.3,0.15,0,0.18,0.05,0.77,0.1,459.3395604900345,892425.0,0.5845,124.08034460400002,6154.633253047608,1861205.16906,80,0.5,15256.841622292462,0.1,1,2.75,1.2,10,0.2,0.03,0,0.0029512463502563945,61.1,0.65,0.00113,0.011804985401025578,3.91210447011552,440.29254515050724,43.478449981870796,0.1991,179529.56521739133,0.006588079,0.19123066346457251,2.3,0.0017093764592774267,0.00668725928744951,0.7789,0.022,0.9916033642532731,20,80,0.30488945123207245,139037.28,20,1737.9660000000001,1.1973716925844196,0.01,0.1,0.02,16.3,8.613660581519815,67729.375,0.001,4731.8,9,384329.45800390636,4731800.0,10340028.717,0.6,1298208457.4999998,2219126.9764853595,1287307873.959052,51492.31495836209,8681456.564462375,1239.798811970872,0.05,59937500.0,0.6,0.01,1,0.06,0.2,0,3.439,2.68,0.2,2.68,2.31,0.5,11377.19873020447,3259.2305719310066,3470.333353665782,2.40354609929078,0.7340425531914894,4727.700510791065,0.5964539007092199,0.09293633551487082,1035,3389,841,338.22071240145743,-727.2960268171717,8406.916439015691,12215.507543095682,391019.3692565438,22814900.0,0.9999998321560559,0.4648834069626737,0.0284,0.0145,0.00844,1620.4644201967556,1.0123614128489762,0.9205500368539324,111756.16691012107,0.0103,0.001462,0,1.7404663721493052,86409.06110294521,1.905349779111979,0.0,1.405137509213483,2.6,0.0672,257039.18389327844,2.3,258854.822447832,1.0070636644851292,0.6948624907865169,80,0.662,80,0.0215
2066,2071,2021,1,1,0.01636101328575042,0.0,0.268,3333,42368,6953,0.9,415460,0,390987.1982722439,0.934835466954626,2719.048363663967,0.14281000000000002,0.04000000000000001,94,857435.5240000001,2,0,18.489,75,0,85783.55240000002,0,0.0,0,468235.52400000003,12000,150,85743.55240000002,0,0,0.1,0,0.008772033186489952,0.5,75184.1959088305,66.931875,20,517001.43585,7961822.11209,16.3,0.15,0,0.18,0.05,0.77,0.1,458.5525957287598,892425.0,0.5794166666666667,124.08034460400002,6154.633253047608,1861205.16906,80,0.5,15256.841622292462,0.1,1,2.75,1.2,10,0.2,0.03,0,0.0027497765932449764,61.1,0.65,0.00113,0.010999106372979905,3.91210447011552,443.6817624390584,41.852940182582834,0.1991,180634.78260869568,0.00654496,0.19077409076669014,2.3,0.0017093764592774267,0.00668725928744951,0.7789,0.022,0.9916033642532731,20,80,0.3047240279729293,139037.28,20,1737.9660000000001,1.188111481089513,0.01,0.1,0.02,16.3,8.626856977807732,67729.375,0.001,4731.8,9,388273.1773634134,4731800.0,10340028.717,0.6,1308201610.0000002,2236209.0361228297,1297217117.5975485,51888.68470390195,8748283.366328903,1249.3423475454308,0.05,59937500.0,0.6,0.01,1,0.06,0.2,0,3.439,2.68,0.2,2.68,2.31,0.5,11480.868256412545,3300.5290721835154,3502.248386099283,2.40354609929078,0.7340425531914894,4771.178960772936,0.5964539007092199,0.09530993781358124,1035,3389,841,339.15131284087727,-733.0272356608805,8473.164283176842,12266.244182801307,394100.6643338066,22814900.0,0.9999998325516563,0.46316447207943023,0.0284,0.0145,0.00844,1637.092489610205,1.0082076088262328,0.8997217659225597,112902.93031794515,0.0103,0.001462,0,1.7473421116822792,86747.28181534667,1.9105065837617092,0.0,1.3997217659225596,2.6,0.0672,259676.73973127382,2.3,260894.63978897998,1.0046900621864188,0.70006955851936,80,0.662,80,0.0215
2067,2071,2021,1,1,0.016176425623736477,0.0,0.268,3333,42987,7030,0.9,419253,0,395202.70427428477,0.9341328826209525,2673.8479262389073,0.14281,0.04,94,943179.0764000001,2,0,18.489,75,0,40.0,0,0.0,0,554019.0764,12000,150,0.0,0,0,0.0,0,0.008381850339227764,0.5,75678.85566000047,66.931875,20,517001.43585,7961822.11209,16.3,0.15,0,0.18,0.05,0.77,0.1,459.1718295354526,892425.0,0.5858333333333333,124.08034460400002,6154.633253047608,1861205.16906,80,0.5,15256.841622292462,0.1,1,2.75,1.2,10,0.2,0.03,0,0.002565324669613882,61.1,0.65,0.00113,0.010261298678455528,3.91210447011552,447.77777794631066,40.34211307173806,0.1991,182283.91304347827,0.006502402,0.19054970046401984,2.3,0.0017093764592774267,0.00668725928744951,0.7789,0.022,0.9916033642532731,20,80,0.30917607133856473,139037.28,20,1737.9660000000001,1.3949493308098506,0.01,0.1,0.02,16.3,8.627730988209985,67729.375,0.001,4731.8,9,391994.0236142843,4731800.0,10340028.717,0.6,1320278766.5000002,2256853.443138939,1309192866.6135619,52367.71466454248,8829046.44329951,1260.876122567603,0.05,59937500.0,0.6,0.01,1,0.06,0.2,0,3.439,2.68,0.2,2.68,2.31,0.5,11580.691040774886,3338.1910970964504,3532.9702251694766,2.40354609929078,0.7340425531914894,4813.031900955519,0.5964539007092199,0.09711954027165706,1035,3389,841,336.51286124930465,-738.7189336158527,8538.955415452057,12316.71765336355,397160.7169977702,22814900.0,0.9999998328532567,0.46148702950845494,0.0284,0.0145,0.00844,1652.7808497839844,1.0050408045246002,0.8797894278537416,113984.88619199891,0.0103,0.001462,0,1.7540518819661803,87086.43312818755,1.915538911474635,0.0,1.3797894278537415,2.6,0.0672,262165.2382415975,2.3,262920.39465252386,1.002880459728343,0.7050526430365646,80,0.662,80,0.0215
2068,2071,2021,1,1,0.0160119954338511,0.0,0.268,3333,43057,7046,0.9,422292,0,399077.2900390131,0.9334871183268312,2631.625032336257,0.14281000000000005,0.04,94,943179.0764000001,2,0,18.489,75,0,40.0,0,0.0,0,554059.0764,12000,150,0.0,0,0,0.0,0,0.00802172841112845,0.5,76041.99174880031,66.931875,20,517001.43585,7961822.11209,16.3,0.15,0,0.18,0.05,0.77,0.1,458.9865752359776,892425.0,0.5871666666666666,124.08034460400002,6154.633253047608,1861205.16906,80,0.5,15256.841622292462,0.1,1,2.75,1.2,10,0.2,0.03,0,0.0023957657055642245,61.1,0.65,0.00113,0.009583062822256898,3.91210447011552,450.78471563923824,38.932448218154974,0.1991,183605.21739130435,0.006460394,0.19001008819046958,2.3,0.0017093764592774267,0.00668725928744951,0.7789,0.022,0.9916033642532731,20,80,0.30967953343160914,139037.28,20,1737.9660000000001,1.3844562924820423,0.01,0.1,0.02,16.3,8.62316240894926,67729.375,0.001,4731.8,9,395505.47329021274,4731800.0,10340028.717,0.6,1329144762.5000002,2272008.767989387,1317984418.0746179,52719.37672298472,8888335.657393,1269.3432152322946,0.05,59937500.0,0.6,0.01,1,0.06,0.2,0,3.439,2.68,0.2,2.68,2.31,0.5,11676.935726833532,3372.471608743913,3562.583052849795,2.40354609929078,0.7340425531914894,4853.374014027257,0.5964539007092199,0.09841766678110156,1035,3389,841,334.0146229417442,-744.3715541618426,8604.294846494415,12366.466246038855,400199.7603020658,22814900.0,0.9999998330696112,0.45983242445821376,0.0284,0.0145,0.00844,1667.5863223925808,1.0027690831330722,0.8607481180051183,115005.95326845384,0.0103,0.001462,0,1.760670302167145,87422.94598943685,1.9205027266253587,0.0,1.3607481180051182,2.6,0.0672,264513.6925174438,2.3,264932.2413199676,1.0015823332188984,0.7098129704987204,80,0.662,80,0.0215
2069,2071,2021,1,1,0.015865483629209223,0.0,0.268,3333,43627,7397,0.9,425269,0,402889.1356761134,0.9328518107206478,2591.9989475436637,0.14281000000000002,0.04,94,943179.0764000001,2,0,18.489,75,0,40.0,0,0.0,0,554099.0764,12000,150,0.0,0,0,0.0,0,0.007688421178433492,0.5,76538.50826240434,66.931875,20,517001.43585,7961822.11209,16.3,0.15,0,0.18,0.05,0.77,0.1,458.7614317931682,892425.0,0.6164166666666666,124.08034460400002,6154.633253047608,1861205.16906,80,0.5,15256.841622292462,0.1,1,2.75,1.2,10,0.2,0.03,0,0.002239479089216746,61.1,0.65,0.00113,0.008957916356866984,3.91210447011552,454.89610601316457,37.61411261571465,0.1991,184899.56521739133,0.006418926,0.18981938245550561,2.3,0.0017093764592774267,0.00668725928744951,0.7789,0.022,0.9916033642532731,20,80,0.31377915333211354,139037.28,20,1737.9660000000001,1.374193812882002,0.01,0.1,0.02,16.3,8.640895057010974,67729.375,0.001,4731.8,9,398820.80241370905,4731800.0,10340028.717,0.6,1341267252.0,2292730.666168524,1330005119.4459426,53200.20477783771,8969401.887888882,1280.9202836094114,0.05,59937500.0,0.6,0.01,1,0.06,0.2,0,3.439,2.68,0.2,2.68,2.31,0.5,11769.840331885272,3403.615122112197,3591.1611265418446,2.40354609929078,0.7340425531914894,4892.306462245411,0.5964539007092199,0.09925376772454522,1035,3389,841,331.64762238472406,-749.9846618742542,8669.177543170139,12415.518667098873,403217.5601474484,22814900.0,0.9999998332089612,0.4582012073526837,0.0284,0.0145,0.00844,1681.5648836867642,1.001305906482046,0.842541723652159,115969.99197839752,0.0103,0.001462,0,1.7671951705892652,87756.96061237859,1.925396377941949,0.0,1.3425417236521588,2.6,0.0672,266730.9815503143,2.3,266930.02481761086,1.0007462322754548,0.7143645690869602,80,0.662,80,0.0215
2070,2071,2021,1,1,0.015735013074717332,0.0,0.268,3333,43729,7367,0.9,428070,0,406260.9204767158,0.932289846587214,2554.9294050460294,0.14281000000000002,0.04,94,943179.0764000001,2,0,18.489,75,0,40.0,0,0.0,0,554139.0764,12000,150,0.0,0,0,0.0,0,0.007380248680883581,0.5,76779.31031740282,66.931875,20,517001.43585,7961822.11209,16.3,0.15,0,0.18,0.05,0.77,0.1,458.3754610340988,892425.0,0.6139166666666667,124.08034460400002,6154.633253047608,1861205.16906,80,0.5,15256.841622292462,0.1,1,2.75,1.2,10,0.2,0.03,0,0.0020956278404417905,61.1,0.65,0.00113,0.008382511361767162,3.91210447011552,456.8900603405969,36.384039819479646,0.1991,186117.39130434784,0.006377986,0.1890120135672542,2.3,0.0017093764592774267,0.00668725928744951,0.7789,0.022,0.9916033642532731,20,80,0.31451276952483537,139037.28,20,1737.9660000000001,1.3641558148109902,0.01,0.1,0.02,16.3,8.62198285327166,67729.375,0.001,4731.8,9,401951.78515931295,4731800.0,10340028.717,0.6,1347146453.0,2302780.4339572843,1335834954.9366639,53433.39819746656,9008717.629378915,1286.534964651603,0.05,59937500.0,0.6,0.01,1,0.06,0.2,0,3.439,2.68,0.2,2.68,2.31,0.5,11859.622646328664,3431.836995850102,3618.7714858023155,2.40354609929078,0.7340425531914894,4929.920574861126,0.5964539007092199,0.09967029515508688,1035,3389,841,329.40403630754065,-755.5578848936756,8733.599207104311,12463.90293628859,406213.91660950286,22814900.0,0.9999998332783825,0.4565938521911264,0.0284,0.0145,0.00844,1694.766177612689,1.000576983478598,0.8251203832300085,116880.42604225442,0.0103,0.001462,0,1.7736245912354944,88088.60823476332,1.9302184434266207,0.0,1.3251203832300082,2.6,0.0672,268824.9798971851,2.3,268913.6127954909,1.0003297048449131,0.7187199041924979,80,0.662,80,0.0215
2071,2071,2021,1,1,0.015618928056428824,0.0,0.268,3333,44438,7330,0.9,432010,0,409667.7394040967,0.9317220434326505,2519.994075058011,0.14281000000000002,0.04,94,943179.0764000001,2,0,18.489,75,0,94357.90764000002,0,0.0,0,554179.0764,12000,150,94317.90764000002,0,0,0.1,0,0.00709408269328832,0.5,77228.02790564048,66.931875,20,517001.43585,7961822.11209,16.3,0.15,0,0.18,0.05,0.77,0.1,459.22957311611276,892425.0,0.6108333333333333,124.08034460400002,6154.633253047608,1861205.16906,80,0.5,15256.841622292462,0.1,1,2.75,1.2,10,0.2,0.03,0,0.00196265009664416,61.1,0.65,0.00113,0.00785060038657664,3.91210447011552,460.60565312018167,35.2313756166036,0.1991,187830.4347826087,0.006337565,0.1887345251516133,2.3,0.0017093764592774267,0.00668725928744951,0.7789,0.022,0.9916033642532731,20,80,0.3196121212958136,139037.28,20,1737.9660000000001,1.3543363422552774,0.01,0.1,0.02,16.3,8.61282655494086,67729.375,0.001,4731.8,9,404909.8864984562,4731800.0,10340028.717,0.6,1358101928.0000002,2321507.465022487,1346698440.8036568,53867.93763214628,9081979.731321087,1296.9975254299648,0.05,59937500.0,0.6,0.01,1,0.06,0.2,0,3.439,2.68,0.2,2.68,2.31,0.5,11946.489202737337,3457.343538871949,3645.4789192868275,2.40354609929078,0.7340425531914894,4966.3046146806055,0.5964539007092199,0.0997062842000779,1035,3389,841,327.2760276374228,-761.090912164056,8797.556242756558,12511.646450001195,409188.66245379345,22814900.0,0.9999998332843807,0.455010764358098,0.0284,0.0145,0.00844,1707.2385444104725,1.0005140026498638,0.8084356059836881,117740.58926968776,0.0103,0.001462,0,1.779956942567608,88418.01227107087,1.9349677069257059,0.0,1.308435605983688,2.6,0.0672,270803.3553202818,2.3,270882.8945444113,1.000293715799922,0.722891098504078,80,0.662,80,0.0215
