time,FINAL TIME,INITIAL TIME,SAVEPER,TIME STEP,Number of Trips per Bus Route,Number of Bus Routes,IRBR,Number of Railway Lines,ITRR,road construiction,ILRR,Number of Trips per Railway line,increasing railway trips,increaing bus trips,daily railway capacity,Land Use for mobility,ITBR,Daily railway trips,increasing bus routes,increasing railway lines,construction,Road Available,RCR,gdp growth rate,WELL TO TANK CO2 EMISSION RAILWAY ELECTRICITY,"""emissions of greenhouse gases (GHG) mobility""",railway electricity co2 emission,number of trains,bus electricity activity,bus natural gas activity,AVERAGE DISTANCE RAILWAY TRIP,ENERGY INTENSITY PER KM RAILWAY ELECTRICITY,TANK TO WHEEL CO2 EMISSION RAILWAY ELECTRICITY,PERCENTAGE BUS DIESEL,PERCENTAGE BUS ELECTRICITY,PERCENTAGE BUS NATURAL GAS,GHC CORRECTION BUS ELECTRICITY,DAILY CHOSEN RAILWAY,"""Motorization rate number of motorized vehicles per 1000 inhabitants.""",railway activity per year,Railway Daily Occupancy rate 0,bus electricity co2 emission,bus diesel co2 emission,bus diesel activity,MAX CAPACITY RAILWAY,ENERGY INTENSITY PER KM BUS NATURAL GAS,bus natural gas co2 emission,GHC CORRECTION RAILWAY ELECTRICITY,WELL TO TANK CO2 EMISSION NATURAL GAS,TANK TO WHEEL CO2 EMISSION BUS NATURAL GAS,ENERGY INTENSITY PER KM BUS ELECTRICITY,VEHICLES PER LINE,WELL TO TANK CO2 EMISSION BUS ELECTRICITY,GHC CORRECTION BUS NATURAL GAS,TANK TO WHEEL CO2 EMISSION BUS ELECTRICITY,business income multiplier,number of bus,VEHICLES PER ROUTE,CO2 CAPTURE PER GREEN AREA,business growth,DIESEL PETROL RATIO,car diesel co2 emissions,increase amount,INITIAL RATIO CAR PETROL,number of mototized private vehicles,GDPGN,"""Emissions of greenhouse gases (GHG)""",TPC,percentage car diesel,percentafe car petrol,INITIAL RATIO CAR DIESEL,INITIAL RATIO CAR ELECTRICITY,percentage car eletricity,PRIVATE PARKING CONSTRUCTION,MAX CAPACITY BUS,BUS Daily Occupancy rate,daily bus capacity,DAILY CHOSEN BUS,PEDESTRIAN SIDEWALK CONSTRUCTION,Daily bus trips,ticket fare pt 10 km,Mobility space usage,Affordability of public transport for the poorest group,GHC CORRECTION CAR DIESEL,GHC CORRECTION CAR ELECTRICITY,GHC CORRECTION CAR PETROL,ghg emissions,AVERAGE DISTANCE BUS ROUTES,AVERAGE DISTANCE CAR,co2 capture green spaces,CO2 CAPTURE PER M2 BODY OF WATER,"""co2 capture sea/river""",CO2 TECHNOLOGIES CAPTURE,DAILY CHOSEN CAR,"""emissions of greenhouse gases (GHG) business""",BODY OF WATER M2,bus activity per year,WELL TO TANK CO2 EMISSION CAR DIESEL,capture,car activity per year,car diesel activity,car electricity activity,car electricity co2 emission,car petrol activity,car petrol co2 emission,ENERGY INTENSITY PER KM CAR PETROL,GREEN AREA,Total GHG,WELL TO TANK CO2 EMISSION BUS DIESEL,GHC CORRECTION BUS DIESEL,ENERGY INTENSITY PER KM BUS DIESEL,ENERGY INTENSITY PER KM CAR DIESEL,ENERGY INTENSITY PER KM CAR ELECTRICITY,TANK TO WHEEL CO2 EMISSION CAR ELECTRICITY,EpB,TANK TO WHEEL CO2 EMISSION BUS DIESEL,WELL TO TANK CO2 EMISSION CAR ELECTRICITY,TANK TO WHEEL CO2 EMISSION CAR DIESEL,TANK TO WHEEL CO2 EMISSION CAR PETROL,WELL TO TANK CO2 EMISSION CAR PETROL,average monthly income 95,average monthly income 25,average monthly income 50,income 95 multiplier,income 50 multiplier,average monthly income,income 25 multiplier,labor force income multiplier,IMI50,IMI95,IMI25,housing construction,net births,business construction,outmigration,inmigration,Population,AREA,attractiveness from jobs multiplier,attractiveness from housing multiplier,BCN,BDN,BN,business demolition,business labor force multiplier,business land multiplier,Business structures,DN,HCN,HDN,households to housing ratio,Housing,housing availability multiplier,housing demolition,housing land multiplier,HS,IMN,jobs,JPBS,labor force,labor to job ratio,land fraction occupied,LPBS,LPF,LPH,OMN
2021,2071,2021,1,1,18.489,94.0,0.0,2,0,0,0,75,0,0.0,12000,9000,0,150,0.0,0,40,400000,0,0.05,1,82413.42197298408,847.4614499999999,20,358359.89937000006,5518742.450298001,16.3,1,1,0.18,0.05,0.77,1,91670,381.728318276353,618585.0,7.639166666666667,490.95306213690003,1767.43102369284,1290095.637732,80,1,7560.677156908261,1,1,1,1,10,1,1,1,0.2,61.1,0.65,0.00113,0.0,3.91210447011552,14910.51447838656,70.5,0.1991,63161.739130434784,0.05,0.4974403016326186,2.3,0.1991,0.7788999999999999,0.7789,0.022,0.022,20,80,0.6593195724197136,139037.28,91670,20,1737.9660000000001,1.4,0.05432322317790855,0.09984568766356959,1,1,1,82420.75566298408,16.3,12.0,67729.375,0.001,4731.8,9,145272,7.33369,4731800.0,7167197.987400001,1,72470.175,441045792.0,87812217.1872,9703007.423999999,531.7248068352,343530567.38879997,56304.65999502431,1,59937500.0,300.0,1,1,1,1,1,1,0.000455,1,1,1,1,1,2261.0,841.2982269503547,1035.0,2.40354609929078,0.7340425531914894,1410.0,0.5964539007092199,1.5,1035,3389,841,5643.595395411603,13220.865000000002,205.54500946185684,9436.848,1232.6636443989873,165675.0,9232860.0,0.1,1.1088303073022072,0.0258,0.00831,0.0902,133.94057999999998,2.0,0.24714173073132262,16118.0,0.0104,0.1958,0,0.854892923597057,74537.0,0.7823393853955855,0.0,0.49428346146264523,2.6,0.0671,37071.399999999994,2.3,109676.85,2.958530025842024,0.901143307707471,100,0.662,90,0.05696
2022,2071,2021,1,1,18.489,94.0,0.0,2,0,0,0,75,0,0.0,12000,9040,0,150,0.0,0,40,400000,0,0.052461443,1,39826.29296312721,847.4614499999999,20,358359.89937000006,5518742.450298001,16.3,1,1,0.18,0.05,0.77,1,11278,290.00300315236433,618585.0,0.9398333333333333,490.95306213690003,1767.43102369284,1290095.637732,80,1,7560.677156908261,1,1,1,1,10,1,1,1,0.2,61.1,0.65,0.00113,0.0,3.91210447011552,6057.715678428069,77.6691663615,0.1991,49420.00000000001,0.052461443,0.23332298804941234,2.3,0.19887606339468303,0.778023936605317,0.7789,0.022,0.0231,20,80,0.7477203236426949,139037.28,103961,20,1737.9660000000001,1.4,0.052960987705270655,0.09509273629268393,1,1,1,39833.659233142615,16.3,6.237888198757763,67729.375,0.001,4731.8,9,113666,7.366270015405145,4731800.0,7167197.987400001,1,72470.175,179386057.39999998,35675592.923604645,4143817.925939999,227.08122234151193,139566646.55045533,22874.973369619627,1,59937500.0,10250.58066298408,1,1,1,1,1,1,0.000455,1,1,1,1,1,2374.0499999999997,883.3482269503547,1086.75,2.40354609929078,0.7340425531914894,1480.5,0.5964539007092199,1.5,1035,3389,841,2461.780407438868,13621.196115423041,89.9469174828901,9722.598129504966,1301.006168153995,170691.680644399,9232860.0,0.1,1.1359114595189619,0.0258,0.00831,0.0902,134.53561280882803,2.0,0.10767139636763987,16189.604429461857,0.0104,0.1958,0,0.818784720641384,80180.5953954116,0.7281770809620759,0.0,0.21534279273527973,2.6,0.0671,37236.09018776227,2.3,112997.89258659213,3.0346336582815874,0.9569314414529441,100,0.662,90,0.05696
2023,2071,2021,1,1,18.489,94.0,0.0,2,0,0,0,75,0,0.0,12000,9080,0,150,0.0,0,40,400000,0,0.07271763930573626,1,41385.561456294294,847.4614499999999,20,358359.89937000006,5518742.450298001,16.3,1,1,0.18,0.05,0.77,1,11469,294.21466624379195,618585.0,0.95575,490.95306213690003,1767.43102369284,1290095.637732,80,1,7560.677156908261,1,1,1,1,10,1,1,1,0.20444251330573626,61.1,0.65,0.00113,0.004442513305736248,3.91210447011552,6378.970572386388,113.3063834167953,0.1991,51668.69565217392,0.068275126,0.23529057453706223,2.3,0.19862935460811856,0.7770587860585814,0.7789,0.022,0.0243118593333,20,80,0.7598897216631396,139037.28,105653,20,1737.9660000000001,1.4,0.05162279649275112,0.09035422364722769,1,1,1,41392.90743845332,16.3,6.29062252814756,67729.375,0.001,4731.8,9,118838,7.345982159031843,4731800.0,7167197.987400001,1,72470.175,189133944.99999994,37567553.42983738,4598197.865992097,251.9812430563669,146968193.70417044,24088.086948113534,1,59937500.0,-22385.935103873308,1,1,1,1,1,1,0.000455,1,1,1,1,1,2505.5182760082985,929.6743041915047,1143.76247318025,2.40354609929078,0.7340425531914894,1558.1691663615,0.5964539007092199,1.5,1035,3389,841,1151.5941808617374,14036.124526917993,40.72643976112001,10018.76758212091,1340.8068244813642,175891.28479847105,9232860.0,0.1,1.1360550338487057,0.0258,0.00831,0.0902,134.1650807506695,2.0,0.04888642423091702,16145.015734135919,0.0104,0.1958,0,0.8185932882017257,82642.37580285047,0.7278899323025885,0.0,0.09777284846183404,2.6,0.0671,37133.53618851261,2.3,116440.03053658784,3.1357108018333295,0.9804454303076332,100,0.662,90,0.05696
2024,2071,2021,1,1,18.489,94.0,0.0,2,0,0,0,75,0,0.0,12000,9120,0,150,0.0,0,40,400000,0,0.019858218052570226,1,42850.02551929866,847.4614499999999,20,358359.89937000006,5518742.450298001,16.3,1,1,0.18,0.05,0.77,1,11578,297.0096712339101,618585.0,0.9648333333333333,490.95306213690003,1767.43102369284,1290095.637732,80,1,7560.677156908261,1,1,1,1,10,1,1,1,0.2,61.1,0.65,0.00113,-0.002754155947429775,3.91210447011552,6678.983663126381,33.19252593703709,0.1991,53751.739130434784,0.022612374,0.23641465316393326,2.3,0.19826944756041504,0.7756507920884343,0.7789,0.022,0.026079760351150706,20,80,0.7768923557768104,139037.28,108017,20,1737.9660000000001,1.4,0.05031739446418797,0.08423110162594143,1,1,1,42857.32898687604,16.3,6.342727030065757,67729.375,0.001,4731.8,9,123629,7.303467577381599,4731800.0,7167197.987400001,1,72470.175,198388684.99999985,39334414.977187164,5173929.361179923,283.5313289926597,153880340.66163278,25220.98783444161,1,59937500.0,-53463.20266541999,1,1,1,1,1,1,0.000455,1,1,1,1,1,2680.2880979068973,997.2563385557067,1226.9341801564083,2.40354609929078,0.7340425531914894,1671.4755497782953,0.5964539007092199,1.5,1035,3389,841,573.1127296269037,14463.705995706412,19.342163762190932,10323.96859041901,1369.480179896913,181249.4485677495,9232860.0,0.1,1.1260470498137116,0.0258,0.00831,0.0902,133.38860564404632,2.0,0.023352729314444237,16051.57709314637,0.0104,0.1958,0,0.831937266915051,83793.9699837122,0.7479059003725764,0.0,0.046705458628888474,2.6,0.0671,36918.62731423665,2.3,119987.13495185017,3.2500432351010096,0.9906589082742223,100,0.662,90,0.05696
2025,2071,2021,1,1,18.489,94.0,0.0,2,0,0,0,75,0,0.0,12000,9160,0,150,0.0,0,40,400000,0,-0.003851801509684636,1,44676.594174695056,847.4614499999999,20,358359.89937000006,5518742.450298001,16.3,1,1,0.18,0.05,0.77,1,11840,301.16879589746463,618585.0,0.9866666666666667,490.95306213690003,1767.43102369284,1290095.637732,80,1,7560.677156908261,1,1,1,1,10,1,1,1,0.2,61.1,0.65,0.00113,-0.005787460509684636,3.91210447011552,7056.779825292935,-6.5660430675515205,0.1991,56164.782608695656,0.001935659,0.23922099624608625,2.3,0.19816401463019892,0.7752383274508384,0.7789,0.022,0.026597657918962632,20,80,0.7878030985646439,139037.28,109534,20,1737.9660000000001,1.4,0.049047255416244065,0.08259147262675824,1,1,1,44683.84575114138,16.3,6.416994248291132,67729.375,0.001,4731.8,9,129179,7.2515764463253545,4731800.0,7167197.987400001,1,72470.175,209722047.70000005,41559362.928698085,5578115.282788965,305.68071749683526,162584569.488513,26647.61093916728,1,59937500.0,-83076.04867854394,1,1,1,1,1,1,0.000455,1,1,1,1,1,2733.513843398841,1017.0541501252445,1251.2989066421057,2.40354609929078,0.7340425531914894,1704.6680757153324,0.5964539007092199,1.5,1035,3389,841,320.26612532732594,14903.34155900412,10.258595455790719,10637.77362407111,1392.8129308217087,186758.66615293382,9232860.0,0.1,1.1114489155379739,0.0258,0.00831,0.0902,132.44087971200813,2.0,0.012474328288588077,15937.530651264515,0.0104,0.1958,0,0.8514014459493682,84367.0827133391,0.7771021689240522,0.0,0.024948656577176154,2.6,0.0671,36656.32049790838,2.3,123634.23699324219,3.372794522578904,0.9950102686845648,100,0.662,90,0.05696
2026,2071,2021,1,1,18.489,94.0,0.1,2,0,0,0,75,0,0.0,12000,9200,0,150,9.4,0,40,400000,0,0.0017610888326253116,1,46000.205709216636,847.4614499999999,20,358359.89937000006,5518742.450298001,16.3,1,1,0.18,0.05,0.77,1,12016,302.8284747759683,618585.0,1.0013333333333334,490.95306213690003,1767.43102369284,1290095.637732,80,1,7560.677156908261,1,1,1,1,10,1,1,1,0.2,61.1,0.65,0.00113,-0.007104999167374688,3.91210447011552,7331.677882981878,2.990508526354349,0.1991,58188.26086956522,0.008866088,0.23906512661920679,2.3,0.19818487104714802,0.7753199199328157,0.7789,0.022,0.026495209020036298,20,80,0.8092937376220248,139037.28,112522,20,1737.9660000000001,1.4,0.04781281150784135,0.08291073467628875,1,1,1,46007.40169272362,16.3,6.434450397136728,67729.375,0.001,4731.8,9,133833,7.195983506988775,4731800.0,7167197.987400001,1,72470.175,217868875.39999992,43178314.976336144,5772481.392683242,316.3319803190417,168918079.03098053,27685.673153177708,1,59937500.0,-110862.37792740256,1,1,1,1,1,1,0.000455,1,1,1,1,1,2722.984890650094,1013.1378081253786,1246.4791516244347,2.40354609929078,0.7340425531914894,1698.1020326477808,0.5964539007092199,1.5,1035,3389,841,214.5247915692392,15354.880352091346,6.510592388729803,10960.074998184498,1413.2455463725469,192417.04701868852,9232860.0,0.1,1.0945902112843717,0.0258,0.00831,0.0902,131.42554492983894,2.0,0.007977963442311609,15815.348367008297,0.0104,0.1958,0,0.8738797182875043,84687.34883866642,0.8108195774312564,0.0,0.015955926884623217,2.6,0.0671,36375.30124411908,2.3,127380.0851263718,3.501829009511386,0.9968088146230754,100,0.662,90,0.05696
2027,2071,2021,1,1,18.489,103.4,0.0,2,0,0,0,75,0,0.0,12000,9240,0,150,0.0,0,40,400000,0,0.0011218463396911174,1,47992.35704214561,847.4614499999999,20,394195.8893070001,6070616.695327802,16.3,1,1,0.18,0.05,0.77,1,12431,302.6918572541506,618585.0,1.0359166666666666,540.0483683505901,1944.1741260621243,1419105.2015052002,80,1,8316.744872599087,1,1,1,1,10,1,1,1,0.2,67.21000000000001,0.65,0.00113,-0.007666324660308882,3.91210447011552,7541.179870010629,1.908364440792065,0.1991,59913.913043478264,0.008788171,0.24211039644316038,2.3,0.19817537197867197,0.7752827585845685,0.7789,0.022,0.026541869436759558,20,80,0.7556312169722327,152941.00800000003,115567,20,1911.7626000000002,1.4,0.04661367353077158,0.08276502102688318,1,1,1,47999.49618934919,16.3,6.428000319298704,67729.375,0.001,4731.8,9,137802,7.139147203582571,4731800.0,7883917.786140001,1,72470.175,224105198.9,44412131.15436177,5948170.929302832,325.9597669257952,173744896.8163354,28476.788588197374,1,59937500.0,-137325.15123467892,1,1,1,1,1,1,0.000455,1,1,1,1,1,2727.780308932425,1014.9215086010269,1248.674312138461,2.40354609929078,0.7340425531914894,1701.0925411741352,0.5964539007092199,1.5,1035,3389,841,172.68887674825055,15818.362813933642,4.964995588631331,11290.901577464412,1431.8594805324133,198225.09791896792,9232860.0,0.1,1.0765128993922313,0.0258,0.00831,0.0902,130.38750167422234,2.0,0.0061324529539252826,15690.433414467188,0.0104,0.1958,0,0.8979828008103582,84901.87363023567,0.8469742012155372,0.0,0.012264905907850565,2.6,0.0671,36087.99685327453,2.3,131225.01482235678,3.6362510048947136,0.9975470188184299,100,0.662,90,0.05696
2028,2071,2021,1,1,18.489,103.4,0.0,2,0,0,0,75,0,0.0,12000,9280,0,150,0.0,0,40,400000,0,0.0008132749136233203,1,48722.29949061693,847.4614499999999,20,394195.8893070001,6070616.695327802,16.3,1,1,0.18,0.05,0.77,1,14142,299.90914892760435,618585.0,1.1785,540.0483683505901,1944.1741260621243,1419105.2015052002,80,1,8316.744872599087,1,1,1,1,10,1,1,1,0.2,67.21000000000001,0.65,0.00113,-0.00789833708637668,3.91210447011552,7692.559695771,1.3850079144144163,0.1991,61149.56521739131,0.008711612,0.23861908668693052,2.3,0.19816931023889067,0.7752590444252736,0.7789,0.022,0.026571645335835746,20,80,0.7766131631615765,152941.00800000003,118776,20,1911.7626000000002,1.4,0.045449109496179814,0.08267230265934462,1,1,1,48729.38157058025,16.3,6.424732658343049,67729.375,0.001,4731.8,9,140644,7.082079963313626,4731800.0,7883917.786140001,1,72470.175,228610825.29999992,45303649.56284452,6074565.7698043035,332.8862041852758,177232609.9673511,29048.424773648847,1,59937500.0,-161795.83004532973,1,1,1,1,1,1,0.000455,1,1,1,1,1,2730.840459287482,1016.059760015712,1250.0751328449999,2.40354609929078,0.7340425531914894,1703.0009056149272,0.5964539007092199,1.5,1035,3389,841,156.79906788441394,16293.916607150373,4.272946999188938,11630.344485504826,1449.094974280148,204184.41863596957,9232860.0,0.1,1.0576737652953376,0.0258,0.00831,0.0902,129.34524064865107,2.0,0.005320205097144315,15565.010908381597,0.0104,0.1958,0,0.923101646272883,85074.56250698392,0.8846524694093245,0.0,0.01064041019428863,2.6,0.0671,35799.52508927767,2.3,135170.08513701186,3.775750789987343,0.9978719179611423,100,0.662,90,0.05696
2029,2071,2021,1,1,18.489,103.4,0.0,2,0,0,0,75,0,0.0,12000,9320,0,150,0.0,0,40,400000,0,0.000642810572422511,1,49838.4222203602,847.4614499999999,20,394195.8893070001,6070616.695327802,16.3,1,1,0.18,0.05,0.77,1,14647,299.89785432886475,618585.0,1.2205833333333334,540.0483683505901,1944.1741260621243,1419105.2015052002,80,1,8316.744872599087,1,1,1,1,10,1,1,1,0.2,67.21000000000001,0.65,0.00113,-0.007993565427577488,3.91210447011552,7924.087634171988,1.0955972847046604,0.1991,62980.4347826087,0.008636376,0.23699055099554964,2.3,0.1981649108917887,0.7752418337198103,0.7789,0.022,0.02659325538840108,20,80,0.8005635741592599,152941.00800000003,122439,20,1911.7626000000002,1.4,0.044318255612357534,0.08260514168829229,1,1,1,49845.4473924299,16.3,6.4258534396465405,67729.375,0.001,4731.8,9,144855,7.025172069703121,4731800.0,7883917.786140001,1,72470.175,235496700.9999999,46667182.76897519,6262623.912818925,343.1917904224771,182566894.3182058,29922.71397875393,1,59937500.0,-185536.62347474947,1,1,1,1,1,1,0.000455,1,1,1,1,1,2733.0613833261286,1016.8858533887776,1251.091787590687,2.40354609929078,0.7340425531914894,1704.3859135293417,0.5964539007092199,1.5,1035,3389,841,150.59031616795272,16781.707441405244,3.8924419365087513,11978.522003288754,1465.081026236535,210297.08573189526,9232860.0,0.1,1.0382593946253724,0.0258,0.00831,0.0902,128.30588988842405,2.0,0.0048857008523461865,15439.938614732135,0.0104,0.1958,0,0.9489874738328369,85231.36157486832,0.9234812107492554,0.0,0.009771401704692373,2.6,0.0671,35511.858813883904,2.3,139216.67075451466,3.920286783188206,0.9980457196590615,100,0.662,90,0.05696
2030,2071,2021,1,1,18.489,103.4,0.0,2,0,0,0,75,0,0.0,12000,9360,0,150,0.0,0,40,400000,0,0.0005269495830126439,1,50862.726051664504,847.4614499999999,20,394195.8893070001,6070616.695327802,16.3,1,1,0.18,0.05,0.77,1,14911,299.8323429764525,618585.0,1.2425833333333334,540.0483683505901,1944.1741260621243,1419105.2015052002,80,1,8316.744872599087,1,1,1,1,10,1,1,1,0.2,67.21000000000001,0.65,0.00113,-0.008035477416987355,3.91210447011552,8136.573380868675,0.8987027709592356,0.1991,64846.08695652174,0.008562427,0.23486086548864687,2.3,0.19816143083027477,0.7752282193556053,0.7789,0.022,0.026610349814119874,20,80,0.826370910279341,152941.00800000003,126386,20,1911.7626000000002,1.4,0.043220209997017936,0.08255209189357725,1,1,1,50869.694615615386,16.3,6.4084440749332865,67729.375,0.001,4731.8,9,149146,6.968563950885,4731800.0,7883917.786140001,1,72470.175,241815831.39999998,47918571.14763648,6434803.864146233,352.62725175521354,187462456.38821724,30725.096602028807,1,59937500.0,-208161.35108231957,1,1,1,1,1,1,0.000455,1,1,1,1,1,2734.81822407841,1017.5393266628462,1251.8960026188213,2.40354609929078,0.7340425531914894,1705.4815108140463,0.5964539007092199,1.5,1035,3389,841,147.66883288642114,17281.915105260614,3.6231709028267405,12335.562461098301,1479.8006767003194,216565.35219624828,9232860.0,0.1,1.0183374731029882,0.0258,0.00831,0.0902,127.2720141359436,2.0,0.004584660963318499,15315.525166780219,0.0104,0.1958,0,0.9755500358626823,85381.95189103628,0.9633250537940234,0.0,0.009169321926636997,2.6,0.0671,35225.7078835945,2.3,143366.26315391637,4.069932778290189,0.9981661356146726,100,0.662,90,0.05696
2031,2071,2021,1,1,18.489,103.4,0.1,2,0,0,0,75,0,0.0,12000,9400,0,150,10.340000000000002,0,40,400000,0,0.00043183716398100674,1,52041.16517476062,847.4614499999999,20,394195.8893070001,6070616.695327802,16.3,1,1,0.18,0.05,0.77,1,15343,298.7510621803614,618585.0,1.2785833333333334,540.0483683505901,1944.1741260621243,1419105.2015052002,80,1,8316.744872599087,1,1,1,1,10,1,1,1,0.2,67.21000000000001,0.65,0.00113,-0.008057897836018993,3.91210447011552,8381.04688006505,0.7368783921078533,0.1991,66531.73913043478,0.008489735,0.233377343473594,2.3,0.1981585761856263,0.7752170516875155,0.7789,0.022,0.026624372126858246,20,80,0.8530544012106941,152941.00800000003,130467,20,1911.7626000000002,1.4,0.042154072094368215,0.08250862674989419,1,1,1,52048.07747848784,16.3,6.433843278461408,67729.375,0.001,4731.8,9,153023,6.912303727213931,4731800.0,7883917.786140001,1,72470.175,249085078.0,49358344.40556567,6631733.8079195125,363.41901267398924,193094999.78651485,31648.270465009784,1,59937500.0,-229761.8314667042,1,1,1,1,1,1,0.000455,1,1,1,1,1,2736.2593354012038,1018.075361436163,1252.5556886953764,2.40354609929078,0.7340425531914894,1706.3802135850055,0.5964539007092199,1.5,1035,3389,841,145.866147756439,17794.72214026545,3.397514530089417,12701.596154254636,1492.1383694549006,222991.5055171109,9232860.0,0.1,0.9972367124453008,0.0258,0.00831,0.0902,126.24449224867641,2.0,0.004334112748445584,15191.876323547101,0.0104,0.1958,0,1.0027632875546992,85529.62072392271,1.0048357532207237,0.0,0.008668225496891169,2.6,0.0671,34941.31554415833,2.3,147620.37665232742,4.224808778758399,0.9982663549006218,100,0.662,90,0.05696
2032,2071,2021,1,1,18.489,113.74000000000001,0.0,2,0,0,0,75,0,0.0,12000,9440,0,150,0.0,0,40,400000,0,0.00034483450570722135,1,53999.74208619728,847.4614499999999,20,433615.4782377,6677678.36486058,16.3,1,1,0.18,0.05,0.77,1,16071,298.0229595062229,618585.0,1.33925,594.053205185649,2138.591538668336,1561015.72165572,80,1,9148.419359858994,1,1,1,1,10,1,1,1,0.2,73.93100000000001,0.65,0.00113,-0.00807343149429278,3.91210447011552,8563.287636993315,0.588672878596277,0.1991,68325.21739130435,0.008418266,0.23521431247668953,2.3,0.19815623556086517,0.7752078949189246,0.7789,0.022,0.026635869520210284,20,80,0.8032806051242022,168235.10880000002,135140,20,2102.93886,1.4,0.04111914286989725,0.08247302226660566,1,1,1,54006.59849454963,16.3,6.4012637768218505,67729.375,0.001,4731.8,9,157148,6.856408352351974,4731800.0,8672309.564754,1,72470.175,254504287.40000004,50431611.525284536,6778942.991520499,371.4860759353233,197293732.883195,32336.44281955566,1,59937500.0,-250183.92898821636,1,1,1,1,1,1,0.000455,1,1,1,1,1,2737.4409538725204,1018.5148754274841,1253.096588791711,2.40354609929078,0.7340425531914894,1707.1170919771134,0.5964539007092199,1.5,1035,3389,841,145.1322277281297,18320.226235831615,3.1925003024707426,13076.692811941963,1493.2932620134825,229576.7698725766,9232860.0,0.1,0.9693813146863284,0.0258,0.00831,0.0902,125.22363386383495,2.0,0.004105782760169818,15069.029345828514,0.0104,0.1958,0,1.0306186853136716,85675.48687167915,1.0535826992989255,0.0,0.008211565520339636,2.6,0.0671,34658.76749540558,2.3,151979.82165564573,4.385032493604755,0.9983576868959321,100,0.662,90,0.05696
2033,2071,2021,1,1,18.489,113.74000000000001,0.0,2,0,0,0,75,0,0.0,12000,9480,0,150,0.0,0,40,400000,0,0.000261630217819768,1,54944.82063966032,847.4614499999999,20,433615.4782377,6677678.36486058,16.3,1,1,0.18,0.05,0.77,1,18211,296.94337570454337,618585.0,1.5175833333333333,594.053205185649,2138.591538668336,1561015.72165572,80,1,9148.419359858994,1,1,1,1,10,1,1,1,0.2,73.93100000000001,0.65,0.00113,-0.008086359782180232,3.91210447011552,8759.352288646487,0.4467874312312728,0.1991,70077.82608695653,0.00834799,0.2325080801098269,2.3,0.1981543656969492,0.7752005798159404,0.7789,0.022,0.026645054487110367,20,80,0.8206372675998768,168235.10880000002,138060,20,2102.93886,1.4,0.0401161851796116,0.08244460084781464,1,1,1,54951.6215238469,16.3,6.384129446143728,67729.375,0.001,4731.8,9,161179,6.800884186581553,4731800.0,8672309.564754,1,72470.175,260333862.79999998,51586291.452570595,6936609.959145914,380.12622576119605,201810961.38828346,33076.81657153966,1,59937500.0,-268647.50549366674,1,1,1,1,1,1,0.000455,1,1,1,1,1,2738.384917970751,1018.8659916621646,1253.5286997345104,2.40354609929078,0.7340425531914894,1707.7057648557097,0.5964539007092199,1.5,1035,3389,841,143.62502308406246,18857.825005366685,2.9873004544458404,13460.422459971005,1492.002709439284,236313.59655847974,9232860.0,0.1,0.9409323099276938,0.0258,0.00831,0.0902,124.20955514394001,2.0,0.003873247245877731,14946.99821226715,0.0104,0.1958,0,1.0590676900723062,85820.61909940728,1.103368457626536,0.0,0.007746494491755462,2.6,0.0671,34378.09588821444,2.3,156439.6009217136,4.5505603751412105,0.9984507011016489,100,0.662,90,0.05696
2034,2071,2021,1,1,18.489,113.74000000000001,0.0,2,0,0,0,75,0,0.0,12000,9520,0,150,0.0,0,40,400000,0,0.00018073639042476448,1,56224.96512515192,847.4614499999999,20,433615.4782377,6677678.36486058,16.3,1,1,0.18,0.05,0.77,1,18736,296.4226879776627,618585.0,1.5613333333333332,594.053205185649,2138.591538668336,1561015.72165572,80,1,9148.419359858994,1,1,1,1,10,1,1,1,0.2,73.93100000000001,0.65,0.00113,-0.008098141609575235,3.91210447011552,9024.94438705264,0.30872532659519053,0.1991,71996.95652173914,0.008278878,0.2311853254521538,2.3,0.19815294651878398,0.7751950278426963,0.7789,0.022,0.02665202563851965,20,80,0.8445740072538295,168235.10880000002,142087,20,2102.93886,1.4,0.03914425368527177,0.08242304280116415,1,1,1,56231.710853212615,16.3,6.402414957153984,67729.375,0.001,4731.8,9,165593,6.745728060697834,4731800.0,8672309.564754,1,72470.175,268229360.2999999,53150438.08629352,7148855.787719321,391.7572971670188,207930066.42598704,34079.73788721928,1,59937500.0,-286166.05896981986,1,1,1,1,1,1,0.000455,1,1,1,1,1,2739.101362213314,1019.1324797683103,1253.8566607212651,2.40354609929078,0.7340425531914894,1708.152552286941,0.5964539007092199,1.5,1035,3389,841,142.03598292307188,19407.599544702516,2.796524302377066,13852.842983286406,1488.085957386912,243203.0018133147,9232860.0,0.1,0.9118776412579335,0.0258,0.00831,0.0902,123.20219820747032,2.0,0.0036555393502157862,14825.775957577656,0.0104,0.1958,0,1.0881223587420665,85964.24412249135,1.1542141277986164,0.0,0.0073110787004315725,2.6,0.0671,34099.28470242861,2.3,161000.38720041435,4.721518020257698,0.9985377842599137,100,0.662,90,0.05696
2035,2071,2021,1,1,18.489,113.74000000000001,0.0,2,0,0,0,75,0,0.0,12000,9560,0,150,0.0,0,40,400000,0,0.0001007605578873267,1,57223.84715816329,847.4614499999999,20,433615.4782377,6677678.36486058,16.3,1,1,0.18,0.05,0.77,1,19356,295.80831107418595,618585.0,1.613,594.053205185649,2138.591538668336,1561015.72165572,80,1,9148.419359858994,1,1,1,1,10,1,1,1,0.2,73.93100000000001,0.65,0.00113,-0.008110140442112673,3.91210447011552,9232.183951961604,0.17214551146123483,0.1991,73930.86956521739,0.008210901,0.22867051922835432,2.3,0.19815196588188166,0.7751911914886873,0.7789,0.022,0.026656842629431063,20,80,0.873242220651151,168235.10880000002,146910,20,2102.93886,1.4,0.038202432593894727,0.08240815300749761,1,1,1,57230.53810164236,16.3,6.378142330379142,67729.375,0.001,4731.8,9,170041,6.690943479071016,4731800.0,8672309.564754,1,72470.175,274390062.0999999,54370930.22356657,7314372.704479514,400.8276242054773,212704759.17195383,34862.31002828323,1,59937500.0,-302404.5231166072,1,1,1,1,1,1,0.000455,1,1,1,1,1,2739.5964175065283,1019.3166201936057,1254.083278248234,2.40354609929078,0.7340425531914894,1708.4612776135361,0.5964539007092199,1.5,1035,3389,841,140.49094137764328,19969.618377703,2.6212227314002163,14254.003293157426,1481.3691574348152,250245.84433211773,9232860.0,0.1,0.8822139157751521,0.0258,0.00831,0.0902,122.20162705731899,2.0,0.003454444815974289,14705.370283672562,0.0104,0.1958,0,1.117786084224848,86106.28010541442,1.206125647393484,0.0,0.006908889631948578,2.6,0.0671,33822.351652446894,2.3,165662.74894786195,4.898025739019747,0.9986182220736103,100,0.662,90,0.05696
2036,2071,2021,1,1,18.489,113.74000000000001,0.1,2,0,0,0,75,0,0.0,12000,9600,0,150,11.374000000000002,0,40,400000,0,2.265683047109404e-05,1,58442.87177008078,847.4614499999999,20,433615.4782377,6677678.36486058,16.3,1,1,0.18,0.05,0.77,1,19815,295.040671102561,618585.0,1.65125,594.053205185649,2138.591538668336,1561015.72165572,80,1,9148.419359858994,1,1,1,1,10,1,1,1,0.2,73.93100000000001,0.65,0.00113,-0.008121374169528905,3.91210447011552,9485.106404931594,0.03871221780498816,0.1991,75862.17391304349,0.008144031,0.22701301136947205,2.3,0.19815141907788936,0.7751890523343448,0.7789,0.022,0.026659528587765918,20,80,0.9026296656099644,168235.10880000002,151854,20,2102.93886,1.4,0.037289832671477556,0.08239985278151402,1,1,1,58449.50830447589,16.3,6.386070276187364,67729.375,0.001,4731.8,9,174483,6.636534395102722,4731800.0,8672309.564754,1,72470.175,281907957.0999999,55860461.74871374,7515533.241426135,411.8512216301522,218531962.10986003,35817.38858980606,1,59937500.0,-317644.1600149649,1,1,1,1,1,1,0.000455,1,1,1,1,1,2739.8724607699423,1019.4192970554063,1254.2096403789874,2.40354609929078,0.7340425531914894,1708.6334231249973,0.5964539007092199,1.5,1035,3389,841,139.00062255734315,20543.937720213034,2.4600780815974335,14663.943515580628,1471.6763177061569,257442.82857409812,9232860.0,0.1,0.8519399471224358,0.0258,0.00831,0.0902,121.2079138973706,2.0,0.003268656151519944,14585.789879346643,0.0104,0.1958,0,1.1480600528775642,86246.77104679207,1.2591050925357374,0.0,0.006537312303039888,2.6,0.0671,33547.31672249728,2.3,170427.15251605297,5.080202208892679,0.998692537539392,100,0.662,90,0.05696
2037,2071,2021,1,1,18.489,125.114,0.0,2,0,0,0,75,0,0.0,12000,9640,0,150,0.0,0,40,400000,0,-5.35086474957782e-05,1,60579.36309301065,847.4614499999999,20,476977.02606147,7345446.201346638,16.3,1,1,0.18,0.05,0.77,1,20425,293.54025897200535,618585.0,1.7020833333333334,653.4585257042138,2352.4506925351698,1717117.2938212918,80,1,10063.261295844894,1,1,1,1,10,1,1,1,0.2,81.3241,0.65,0.00113,-0.008131750647495778,3.91210447011552,9681.881372407415,-0.09142873497591662,0.1991,77626.52173913045,0.008078242,0.22877878241325547,2.3,0.19815129611217816,0.7751885712796363,0.7789,0.022,0.02666013260818557,20,80,0.8458887258031231,185058.61968000003,156539,20,2313.232746,1.4,0.03640559011948797,0.08239798645045117,1,1,1,60585.94559714046,16.3,6.370399516077541,67729.375,0.001,4731.8,9,178541,6.582504129806546,4731800.0,9539540.5212294,1,72470.175,287756507.50000006,57019324.925838724,7671626.648818348,420.4051403552454,223065555.92534298,36560.44461616372,1,59937500.0,-331664.826710489,1,1,1,1,1,1,0.000455,1,1,1,1,1,2739.9345375957982,1019.4423871087212,1254.2380567941846,2.40354609929078,0.7340425531914894,1708.6721353428022,0.5964539007092199,1.5,1035,3389,841,137.55971356280855,21130.60102789565,2.311641418246417,15082.694668533031,1458.8275159017671,264794.49909643666,9232860.0,0.1,0.8210554105619059,0.0258,0.00831,0.0902,120.22111938174152,2.0,0.003096642157864593,14467.04204353087,0.0104,0.1958,0,1.178944589438094,86385.77166934941,1.3131530315166648,0.0,0.006193284315729186,2.6,0.0671,33274.196700121,2.3,175293.95840184108,5.268164998291413,0.9987613431368542,100,0.662,90,0.05696
2038,2071,2021,1,1,18.489,125.114,0.0,2,0,0,0,75,0,0.0,12000,9680,0,150,0.0,0,40,400000,0,-0.00012783034258157487,1,61623.109663834264,847.4614499999999,20,476977.02606147,7345446.201346638,16.3,1,1,0.18,0.05,0.77,1,23390,292.26271634735565,618585.0,1.9491666666666667,653.4585257042138,2352.4506925351698,1717117.2938212918,80,1,10063.261295844894,1,1,1,1,10,1,1,1,0.2,81.3241,0.65,0.00113,-0.008141337342581574,3.91210447011552,9898.449477282913,-0.2184084570539477,0.1991,79482.17391304349,0.008013507,0.22630492337961045,2.3,0.19815158652693757,0.7751897074125148,0.7789,0.022,0.026658706060547648,20,80,0.8643423379931695,185058.61968000003,159954,20,2313.232746,1.4,0.03554886584375472,0.08240239440124986,1,1,1,61629.638519151595,16.3,6.360830703083547,67729.375,0.001,4731.8,9,182809,6.528855317333156,4731800.0,9539540.5212294,1,72470.175,294192726.3,58294755.46103011,7842797.415582846,429.78529837393995,228055173.42338705,37378.24292409314,1,59937500.0,-343549.0561133485,1,1,1,1,1,1,0.000455,1,1,1,1,1,2739.7879274044644,1019.3878540831079,1254.170944212128,2.40354609929078,0.7340425531914894,1708.5807066078264,0.5964539007092199,1.5,1035,3389,841,135.64306404369708,21729.638391141747,2.1746306466402117,15510.278230068092,1447.407417676157,272301.2329717011,9232860.0,0.1,0.7921705009210558,0.0258,0.00831,0.0902,119.24129161986488,2.0,0.0029370419840554773,14349.132565567375,0.0104,0.1958,0,1.210439332105259,86523.33138291222,1.3630491651315737,0.0,0.005874083968110955,2.6,0.0671,33003.00490080496,2.3,180263.4162272661,5.462030405081975,0.9988251832063778,100,0.662,90,0.05696
2039,2071,2021,1,1,18.489,125.114,0.0,2,0,0,0,75,0,0.0,12000,9720,0,150,0.0,0,40,400000,0,-0.00020041226465413071,1,62766.155320020815,847.4614499999999,20,476977.02606147,7345446.201346638,16.3,1,1,0.18,0.05,0.77,1,24169,291.71974477311693,618585.0,2.0140833333333332,653.4585257042138,2352.4506925351698,1717117.2938212918,80,1,10063.261295844894,1,1,1,1,10,1,1,1,0.2,81.3241,0.65,0.00113,-0.00815021326465413,3.91210447011552,10135.627997273024,-0.34237675702213155,0.1991,81570.86956521739,0.007949801,0.22419046175496835,2.3,0.19815228028081625,0.7751924214501646,0.7789,0.022,0.026655298269019145,20,80,0.8905016166496891,185058.61968000003,164795,20,2313.232746,1.4,0.034718253446427115,0.08241292619180912,1,1,1,62772.63091000741,16.3,6.346444009743466,67729.375,0.001,4731.8,9,187613,6.475589986590339,4731800.0,9539540.5212294,1,72470.175,301240876.2000002,59691566.53282111,8029665.405931677,440.02566424505585,233519644.26124746,38273.869694418456,1,59937500.0,-354389.5925941969,1,1,1,1,1,1,0.000455,1,1,1,1,1,2739.437699375104,1019.2575835069501,1254.0106231106734,2.40354609929078,0.7340425531914894,1708.3622981507724,0.5964539007092199,1.5,1035,3389,841,133.39649237212222,22341.446443925983,2.057224453363902,15946.977311353681,1442.8871210609623,279968.0005504509,9232860.0,0.1,0.768071129687587,0.0258,0.00831,0.0902,118.26846766717739,2.0,0.0028013284384661996,14232.06590459415,0.0104,0.1958,0,1.2425718270832173,86658.97444695592,1.4032147838540219,0.0,0.005602656876932399,2.6,0.0671,32733.751580566543,2.3,185338.8163643985,5.662009620505304,0.9988794686246135,100,0.662,90,0.05696
2040,2071,2021,1,1,18.489,125.114,0.0,2,0,0,0,75,0,0.0,12000,9760,0,150,0.0,0,40,400000,0,-0.0002713486336227769,1,63910.65055173931,847.4614499999999,20,476977.02606147,7345446.201346638,16.3,1,1,0.18,0.05,0.77,1,24762,290.4227984900806,618585.0,2.0635,653.4585257042138,2352.4506925351698,1717117.2938212918,80,1,10063.261295844894,1,1,1,1,10,1,1,1,0.2,81.3241,0.65,0.00113,-0.008158448633622776,3.91210447011552,10373.114812527218,-0.4634688718706769,0.1991,83483.91304347827,0.0078871,0.2220620604891826,2.3,0.1981533678083156,0.7751966759713563,0.7789,0.022,0.02664995622032802,20,80,0.9185575916103687,185058.61968000003,169987,20,2313.232746,1.4,0.03391180799544277,0.0824294412292125,1,1,1,63917.073265610234,16.3,6.346274991797428,67729.375,0.001,4731.8,9,192013,6.422713870928053,4731800.0,9539540.5212294,1,72470.175,308297526.8999999,61090193.242209755,8216115.594720397,450.24313459067776,238991218.06306976,39170.660640537135,1,59937500.0,-364087.1366841895,1,1,1,1,1,1,0.000455,1,1,1,1,1,2738.8886824618926,1019.0533715547122,1253.7593040017955,2.40354609929078,0.7340425531914894,1708.0199213937503,0.5964539007092199,1.5,1035,3389,841,132.39668985662018,22966.867472965918,1.9645816741912023,16393.393123560632,1435.7416468807328,287805.35680408415,9232860.0,0.1,0.7434553739842693,0.0258,0.00831,0.0902,117.3027522360706,2.0,0.0026972003589470495,14115.854661380337,0.0104,0.1958,0,1.2753928346876409,86792.37093932804,1.4442410433595512,0.0,0.005394400717894099,2.6,0.0671,32466.465721174773,2.3,190527.14620430372,5.8684289149478035,0.9989211198564212,100,0.662,90,0.05696
2041,2071,2021,1,1,18.489,125.114,0.1,2,0,0,0,75,0,0.0,12000,9800,0,150,12.511400000000002,0,40,400000,0,-0.00034007145257509974,1,65334.42554549013,847.4614499999999,20,476977.02606147,7345446.201346638,16.3,1,1,0.18,0.05,0.77,1,25574,290.83884125046467,618585.0,2.1311666666666667,653.4585257042138,2352.4506925351698,1717117.2938212918,80,1,10063.261295844894,1,1,1,1,10,1,1,1,0.2,81.3241,0.65,0.00113,-0.0081654514525751,3.91210447011552,10668.55656695266,-0.5806912031631,0.1991,85933.04347826088,0.00782538,0.22086276861546278,2.3,0.1981548399735048,0.7752024352353737,0.7789,0.022,0.026642724791121526,20,80,0.9435172503822059,185058.61968000003,174606,20,2313.232746,1.4,0.033128861459484314,0.08245180786708271,1,1,1,65340.79578049345,16.3,6.340956052740757,67729.375,0.001,4731.8,9,197646,6.3702350033223984,4731800.0,9539540.5212294,1,72470.175,317075943.7999999,62830132.90313698,8447767.108548513,462.9376375484585,245798043.7883144,40286.29937690473,1,59937500.0,-372640.2384185793,1,1,1,1,1,1,0.000455,1,1,1,1,1,2738.145488760262,1018.7769337382276,1253.4190981277627,2.40354609929078,0.7340425531914894,1707.5564525218797,0.5964539007092199,1.5,1035,3389,841,131.21192407981988,23606.002909469542,1.8738277793857179,16849.598066709084,1425.8316305777664,295814.57280037017,9232860.0,0.1,0.718333564797613,0.0258,0.00831,0.0902,116.34429203870138,2.0,0.002593796584031416,14000.516490818458,0.0104,0.1958,0,1.3088885802698493,86924.76762918466,1.4861107253373118,0.0,0.005187593168062832,2.6,0.0671,32201.18792888245,2.3,195829.24719384505,6.081429282247021,0.9989624813663874,100,0.662,90,0.05696
2042,2071,2021,1,1,18.489,137.6254,0.0,2,0,0,0,75,0,0.0,12000,9840,0,150,0.0,0,40,400000,0,-0.0004062054614783362,1,67967.41277511985,847.4614499999999,20,524674.7286676172,8079990.821481304,16.3,1,1,0.18,0.05,0.77,1,26377,289.99982578111843,618585.0,2.1980833333333334,718.8043782746355,2587.6957617886874,1888829.0232034216,80,1,11069.587425429387,1,1,1,1,10,1,1,1,0.2,89.45651000000001,0.65,0.00113,-0.008170824461478337,3.91210447011552,10943.73416127727,-0.6933828768588036,0.1991,88049.56521739131,0.007764619,0.22357936235417625,2.3,0.19815668448438103,0.7752096511546177,0.7789,0.022,0.02663366436100125,20,80,0.8850807299062534,203564.48164800004,180171,20,2544.5560206000005,1.4,0.03236876078900025,0.08247984869823122,1,1,1,67973.73092606194,16.3,6.348096921694305,67729.375,0.001,4731.8,9,202514,6.31815094208441,4731800.0,10493494.573352342,1,72470.175,325251360.5000001,64450731.2207142,8662635.568516023,474.71242915467803,252137993.7107699,41325.417169195185,1,59937500.0,-379769.61763808585,1,1,1,1,1,1,0.000455,1,1,1,1,1,2737.214323646538,1018.4305782049935,1252.9928460743772,2.40354609929078,0.7340425531914894,1706.9757613187166,0.5964539007092199,1.5,1035,3389,841,130.07847082764349,24258.945380041932,1.788268970510075,17315.65825623043,1412.9847019659337,303996.8092737084,9232860.0,0.1,0.692701159179542,0.0258,0.00831,0.0902,115.39304248070647,2.0,0.0024957698779909387,13886.046026559143,0.0104,0.1958,0,1.343065121093944,87055.97955326448,1.52883140136743,0.0,0.0049915397559818775,2.6,0.0671,31937.905861086027,2.3,201245.88773919496,6.301161028356533,0.9990016920488036,100,0.662,90,0.05696
2043,2071,2021,1,1,18.489,137.6254,0.0,2,0,0,0,75,0,0.0,12000,9880,0,150,0.0,0,40,400000,0,-0.00047136509626393916,1,68970.43026729944,847.4614499999999,20,524674.7286676172,8079990.821481304,16.3,1,1,0.18,0.05,0.77,1,29714,288.49980931478416,618585.0,2.476166666666667,718.8043782746355,2587.6957617886874,1888829.0232034216,80,1,11069.587425429387,1,1,1,1,10,1,1,1,0.2,89.45651000000001,0.65,0.00113,-0.00817616009626394,3.91210447011552,11151.890433022363,-0.8042819575677094,0.1991,90004.34782608696,0.007704795,0.2208091881934472,2.3,0.19815888694973746,0.7752182674291839,0.7789,0.022,0.026622845621078632,20,80,0.9023528982704762,203564.48164800004,183687,20,2544.5560206000005,1.4,0.03163087095290466,0.08251335625929794,1,1,1,68976.69672806958,16.3,6.328275928699095,67729.375,0.001,4731.8,9,207010,6.266460770137271,4731800.0,10493494.573352342,1,72470.175,331434149.1999999,65676622.1026052,8823720.18770514,483.5398662862417,256933806.90968958,42111.45095249812,1,59937500.0,-384266.0617120239,1,1,1,1,1,1,0.000455,1,1,1,1,1,2736.1024522390353,1018.0170072834061,1252.4838735371084,2.40354609929078,0.7340425531914894,1706.2823784418579,0.5964539007092199,1.5,1035,3389,841,128.94770603427014,24925.77587173897,1.7069466842806653,17791.63149942671,1397.0289042256036,312353.0810994858,9232860.0,0.1,0.6665566678991093,0.0258,0.00831,0.0902,114.44898681283674,2.0,0.002401924356812135,13772.441253048946,0.0104,0.1958,0,1.3779244428011876,87186.05802409213,1.5724055535014847,0.0,0.00480384871362427,2.6,0.0671,31676.614882012575,2.3,206777.7396878596,6.52777263157868,0.9990392302572751,100,0.662,90,0.05696
2044,2071,2021,1,1,18.489,137.6254,0.0,2,0,0,0,75,0,0.0,12000,9920,0,150,0.0,0,40,400000,0,-0.0005353332742956771,1,70008.40484707266,847.4614499999999,20,524674.7286676172,8079990.821481304,16.3,1,1,0.18,0.05,0.77,1,30884,286.56513326746284,618585.0,2.5736666666666665,718.8043782746355,2587.6957617886874,1888829.0232034216,80,1,11069.587425429387,1,1,1,1,10,1,1,1,0.2,89.45651000000001,0.65,0.00113,-0.008181218274295677,3.91210447011552,11367.308336822383,-0.9129991736304938,0.1991,91844.78260869566,0.007645885,0.21817338773199604,2.3,0.19816144167557143,0.7752282617835389,0.7789,0.022,0.026610296540889634,20,80,0.9293468018999996,203564.48164800004,189182,20,2544.5560206000005,1.4,0.030914573914790435,0.0825522571126175,1,1,1,70014.62001021454,16.3,6.321177033085121,67729.375,0.001,4731.8,9,211243,6.215163141878778,4731800.0,10493494.573352342,1,72470.175,337832013.20000005,66945278.779872686,8989810.052257743,492.6415908637243,261896924.3678696,42924.90590389383,1,59937500.0,-387759.53998395434,1,1,1,1,1,1,0.000455,1,1,1,1,1,2734.812749043247,1017.5372901725448,1251.8934963554896,2.40354609929078,0.7340425531914894,1705.47809648429,0.5964539007092199,1.5,1035,3389,841,127.5649899435843,25606.56349920669,1.6297847244153048,18277.567129258307,1377.786869523549,320884.25437602366,9232860.0,0.1,0.6398985327735667,0.0258,0.00831,0.0902,113.51210045936844,2.0,0.0023122745813825007,13659.69921292039,0.0104,0.1958,0,1.4134686229685778,87315.0057301264,1.613468622968578,0.0,0.0046245491627650015,2.6,0.0671,31417.308189716896,2.3,212425.37639692766,6.761412375438835,0.999075090167447,100,0.662,90,0.05696
2045,2071,2021,1,1,18.489,137.6254,0.0,2,0,0,0,75,0,0.0,12000,9960,0,150,0.0,0,40,400000,0,-0.0005981917031885062,1,71336.67584560926,847.4614499999999,20,524674.7286676172,8079990.821481304,16.3,1,1,0.18,0.05,0.77,1,31481,285.9904564594784,618585.0,2.6234166666666665,718.8043782746355,2587.6957617886874,1888829.0232034216,80,1,11069.587425429387,1,1,1,1,10,1,1,1,0.2,89.45651000000001,0.65,0.00113,-0.008186060703188506,3.91210447011552,11642.968831546043,-1.0196566987559452,0.1991,94150.4347826087,0.007587869,0.2164399747083881,2.3,0.19816434173139555,0.775239607104892,0.7789,0.022,0.02659605116371242,20,80,0.9590965890483879,203564.48164800004,195238,20,2544.5560206000005,1.4,0.0302192683152369,0.0825964607870954,1,1,1,71342.84010229749,16.3,6.315821580634135,67729.375,0.001,4731.8,9,216546,6.164256688219374,4731800.0,10493494.573352342,1,72470.175,346019472.69999987,68568721.03384006,9202751.59956999,504.31078765643537,268248000.0665898,43965.84721091407,1,59937500.0,-390215.0949737398,1,1,1,1,1,1,0.000455,1,1,1,1,1,2733.3487127797166,1016.9927282540885,1251.2233161110162,2.40354609929078,0.7340425531914894,1704.5650973106597,0.5964539007092199,1.5,1035,3389,841,126.14450180726988,26301.364801716554,1.5610467218550568,18773.505502578628,1355.0700852666323,329591.0376154956,9232860.0,0.1,0.6127225218702426,0.0258,0.00831,0.0902,112.58235841561098,2.0,0.0022330419488536535,13547.816897185437,0.0104,0.1958,0,1.4497033041730099,87442.57072006998,1.64970330417301,0.0,0.004466083897707307,2.6,0.0671,31159.978863526503,2.3,218189.26690145812,7.002227692678375,0.9991067832204585,100,0.662,90,0.05696
2046,2071,2021,1,1,18.489,137.6254,0.1,2,0,0,0,75,0,0.0,12000,10000,0,150,13.762540000000001,0,40,400000,0,-0.0006599606316006167,1,72930.8962151859,847.4614499999999,20,524674.7286676172,8079990.821481304,16.3,1,1,0.18,0.05,0.77,1,32786,286.15873609264935,618585.0,2.7321666666666666,718.8043782746355,2587.6957617886874,1888829.0232034216,80,1,11069.587425429387,1,1,1,1,10,1,1,1,0.2,89.45651000000001,0.65,0.00113,-0.008190686631600616,3.91210447011552,11973.821342423567,-1.1242729249465828,0.1991,96747.82608695653,0.007530726,0.2154697357129608,2.3,0.19816758057479567,0.7752522777986356,0.7789,0.022,0.02658014162656871,20,80,0.9848869428345568,203564.48164800004,200488,20,2544.5560206000005,1.4,0.0295443696560656,0.08264588437201156,1,1,1,72937.0099571773,16.3,6.320812511234945,67729.375,0.001,4731.8,9,222520,6.113741991398715,4731800.0,10493494.573352342,1,72470.175,355846321.59999996,70517204.60791264,9458445.625421517,518.3228202730991,275870671.3666658,45215.20303699652,1,59937500.0,-391342.4298714423,1,1,1,1,1,1,0.000455,1,1,1,1,1,2731.7136462578114,1016.3845500387314,1250.4748447044826,2.40354609929078,0.7340425531914894,1703.5454406119038,0.5964539007092199,1.5,1035,3389,841,125.22526369502413,27010.222566592038,1.5011560405529834,19279.477160314313,1328.6909341890873,338473.9669999002,9232860.0,0.1,0.5850273639097693,0.0258,0.00831,0.0902,111.65977131543588,2.0,0.0021651122950741564,13436.795585491682,0.0104,0.1958,0,1.486630181453641,87568.71522187725,1.686630181453641,0.0,0.004330224590148313,2.6,0.0671,30904.629846630865,2.3,224069.76615393392,7.250362397670372,0.9991339550819703,100,0.662,90,0.05696
2047,2071,2021,1,1,18.489,151.38794000000001,0.0,2,0,0,0,75,0,0.0,12000,10040,0,150,0.0,0,40,400000,0,-0.0007203360354391354,1,75566.0434114252,847.4614499999999,20,577142.2015343788,8887989.903629433,16.3,1,1,0.18,0.05,0.77,1,33900,285.02774719916977,618585.0,2.825,790.6848161020989,2846.465337967556,2077711.9255237635,80,1,12176.546167972323,1,1,1,1,10,1,1,1,0.2,98.402161,0.65,0.00113,-0.008194775035439136,3.91210447011552,12222.37559159874,-1.2263153145792862,0.1991,98938.26086956523,0.007474439,0.21743533912168259,2.3,0.1981711517217781,0.7752662484987091,0.7789,0.022,0.026562599779512808,20,80,0.9220710193219172,223920.92981280005,206471,20,2799.0116226600003,1.4,0.028889309354148705,0.08270044739696,1,1,1,75572.10703124665,16.3,6.309063183891579,67729.375,0.001,4731.8,9,227558,6.063619821448643,4731800.0,11542844.030687576,1,72470.175,363226483.40000004,71981010.55122933,9648239.707874054,528.7235359914981,281597233.1408967,46153.78651179297,1,59937500.0,-390875.59491426504,1,1,1,1,1,1,0.000455,1,1,1,1,1,2729.9108227944753,1015.7139730671852,1249.6495805361708,2.40354609929078,0.7340425531914894,1702.4211676869572,0.5964539007092199,1.5,1035,3389,841,124.12179024771329,27733.165586561292,1.4414782063269131,19795.502654267304,1298.4742877870642,347533.403340367,9232860.0,0.1,0.5568193008634376,0.0258,0.00831,0.0902,110.7443532225016,2.0,0.0020962245926001155,13326.6369702168,0.0104,0.1958,0,1.5242409321820833,87693.94048557228,1.7242409321820833,0.0,0.004192449185200231,2.6,0.0671,30651.265031498635,2.3,230067.11301132297,7.505958164365991,0.99916151016296,100,0.662,90,0.05696
2048,2071,2021,1,1,18.489,151.38794000000001,0.0,2,0,0,0,75,0,0.0,12000,10080,0,150,0.0,0,40,400000,0,-0.0007792942055741313,1,76477.1106775226,847.4614499999999,20,577142.2015343788,8887989.903629433,16.3,1,1,0.18,0.05,0.77,1,38048,282.85745397884455,618585.0,3.1706666666666665,790.6848161020989,2846.465337967556,2077711.9255237635,80,1,12176.546167972323,1,1,1,1,10,1,1,1,0.2,98.402161,0.65,0.00113,-0.008198280205574131,3.91210447011552,12411.498482061632,-1.325731291006334,0.1991,100796.52173913045,0.007418986,0.21435997747281052,2.3,0.19817504699679364,0.7752814872215097,0.7789,0.022,0.02654346578169668,20,80,0.9406981302556159,223920.92981280005,210642,20,2799.0116226600003,1.4,0.02825353303470179,0.08276004493586309,1,1,1,76483.12456453593,16.3,6.2884506884295535,67729.375,0.001,4731.8,9,231832,6.0138870133162845,4731800.0,11542844.030687576,1,72470.175,368839617.3000001,73094808.4927069,9790281.76073665,536.5074404883684,285954527.04655653,46867.94698293062,1,59937500.0,-387773.6628830184,1,1,1,1,1,1,0.000455,1,1,1,1,1,2727.9443696552808,1014.9825325143049,1248.7494129116392,2.40354609929078,0.7340425531914894,1701.194852372378,0.5964539007092199,1.5,1035,3389,841,123.1082338054956,28470.20933672376,1.3852101425131476,20321.59303032312,1264.2227924746203,356769.5405604481,9232860.0,0.1,0.528096545525581,0.0258,0.00831,0.0902,109.83604633111719,2.0,0.0020310569141465673,13217.334095200626,0.0104,0.1958,0,1.5625379392992254,87818.06227581999,1.7625379392992253,0.0,0.004062113828293135,2.6,0.0671,30399.868418961436,2.3,236181.43585101663,7.769159806747789,0.9991875772343414,100,0.662,90,0.05696
2049,2071,2021,1,1,18.489,151.38794000000001,0.0,2,0,0,0,75,0,0.0,12000,10120,0,150,0.0,0,40,400000,0,-0.0008374848110217718,1,78038.03183807718,847.4614499999999,20,577142.2015343788,8887989.903629433,16.3,1,1,0.18,0.05,0.77,1,39229,282.5431286473536,618585.0,3.269083333333333,790.6848161020989,2846.465337967556,2077711.9255237635,80,1,12176.546167972323,1,1,1,1,10,1,1,1,0.2,98.402161,0.65,0.00113,-0.008201834811021772,3.91210447011552,12735.472930532147,-1.4236145696305778,0.1991,103343.91304347827,0.00736435,0.21311247119722043,2.3,0.19817925805728825,0.7752979613300945,0.7789,0.022,0.026522780612617147,20,80,0.9651308619550323,223920.92981280005,216113,20,2799.0116226600003,1.4,0.027636501814792706,0.0828245706790422,1,1,1,78043.99637996002,16.3,6.293408669238632,67729.375,0.001,4731.8,9,237691,5.96454188285047,4731800.0,11542844.030687576,1,72470.175,378459309.7999999,75002785.22103737,10037793.244627904,550.0710698056091,293418731.3343346,48091.330065697446,1,59937500.0,-383760.71331848245,1,1,1,1,1,1,0.000455,1,1,1,1,1,2725.8184984148797,1014.1917949144919,1247.776269729943,2.40354609929078,0.7340425531914894,1699.8691210813715,0.5964539007092199,1.5,1035,3389,841,122.03961355411207,29221.353896814006,1.3308655020527234,20857.748345395055,1227.6093556475673,366182.3796593233,9232860.0,0.1,0.4996204736192588,0.0258,0.00831,0.0902,108.9348198823899,2.0,0.0019675182534190094,13108.883259012022,0.0104,0.1958,0,1.6015181055229648,87941.17050962549,1.8011385791422236,0.0,0.003935036506838019,2.6,0.0671,30150.431495727647,2.3,242412.73533447203,8.040108327100466,0.9992129926986324,100,0.662,90,0.05696
2050,2071,2021,1,1,18.489,151.38794000000001,0.0,2,0,0,0,75,0,0.0,12000,10160,0,150,0.0,0,40,400000,0,-0.0008946844632300123,1,79520.02415418575,847.4614499999999,20,577142.2015343788,8887989.903629433,16.3,1,1,0.18,0.05,0.77,1,40456,282.0781825239599,618585.0,3.3713333333333333,790.6848161020989,2846.465337967556,2077711.9255237635,80,1,12176.546167972323,1,1,1,1,10,1,1,1,0.2,98.402161,0.65,0.00113,-0.008205197463230013,3.91210447011552,13043.081382672786,-1.5195728063188831,0.1991,105879.13043478262,0.007310513,0.21161684935830838,2.3,0.19818378003479184,0.7753156517785001,0.7789,0.022,0.02650056818670802,20,80,0.9944313833733966,223920.92981280005,222674,20,2799.0116226600003,1.4,0.027037557047412446,0.08289397270817742,1,1,1,79525.93973626936,16.3,6.290942091474278,67729.375,0.001,4731.8,9,243522,5.915582083607417,4731800.0,11542844.030687576,1,72470.175,387591648.3999998,76814377.98982795,10271398.907022756,562.872660104847,300505871.5031491,49252.912339366136,1,59937500.0,-378186.89193852246,1,1,1,1,1,1,0.000455,1,1,1,1,1,2723.535666824855,1013.3426744513292,1246.7312760564907,2.40354609929078,0.7340425531914894,1698.4455065117409,0.5964539007092199,1.5,1035,3389,841,120.41232635373068,29986.73284639791,1.2794019465589825,21404.063946501563,1234.7569768415035,375773.5945663898,9232860.0,0.1,0.48970293780939655,0.0258,0.00831,0.0902,108.0406310214893,2.0,0.0019070901244763738,13001.279304631686,0.0104,0.1958,0,1.6411882487624139,88063.2101231796,1.8308911865718103,0.0,0.0038141802489527477,2.6,0.0671,29902.942400652875,2.3,248762.11960295006,8.318984676154104,0.9992371639502095,100,0.662,90,0.05696
2051,2071,2021,1,1,18.489,151.38794000000001,0.1,2,0,0,0,75,0,0.0,12000,10200,0,150,15.138794000000003,0,40,400000,0,-0.0009510190581235121,1,80578.22810006846,847.4614499999999,20,577142.2015343788,8887989.903629433,16.3,1,1,0.18,0.05,0.77,1,41469,280.4552106332111,618585.0,3.45575,790.6848161020989,2846.465337967556,2077711.9255237635,80,1,12176.546167972323,1,1,1,1,10,1,1,1,0.2,98.402161,0.65,0.00113,-0.008208476058123512,3.91210447011552,13262.765600214147,-1.6138089031778917,0.1991,108022.60869565218,0.007257457,0.20897330027931307,2.3,0.19818860681459013,0.7753345346453252,0.7789,0.022,0.026476858540084604,20,80,1.0252860248121223,223920.92981280005,229583,20,2799.0116226600003,1.4,0.026452898172467786,0.08296818120483924,1,1,1,80584.09510579283,16.3,6.269814692576432,67729.375,0.001,4731.8,9,248452,5.867005724378323,4731800.0,11542844.030687576,1,72470.175,394110243.99999994,78108160.18971817,10434801.179586226,571.8271046413251,305567282.6306955,50082.477623171,1,59937500.0,-371131.1272022531,1,1,1,1,1,1,0.000455,1,1,1,1,1,2721.098961778694,1012.4363193235887,1245.61584495398,2.40354609929078,0.7340425531914894,1696.925933705422,0.5964539007092199,1.5,1035,3389,841,119.77937229385371,30770.16343136159,1.239892682105113,21963.26452444055,1240.769107349557,385591.02044312767,9232860.0,0.1,0.4795584414871216,0.0258,0.00831,0.0902,107.15344520787663,2.0,0.0018634994969934926,12894.518075556754,0.0104,0.1958,0,1.6817662340515136,88183.62244953333,1.8613246755386352,0.0,0.003726998993986985,2.6,0.0671,29657.391573780533,2.3,255261.25553335052,8.607002908476332,0.9992546002012026,100,0.662,90,0.05696
2052,2071,2021,1,1,18.489,166.526734,0.0,2,0,0,0,75,0,0.0,12000,10240,0,150,0.0,0,40,400000,0,-0.0010064281495770844,1,83801.27913080022,847.4614499999999,20,634856.4216878167,9776788.893992377,16.3,1,1,0.18,0.05,0.77,1,42526,280.16554641257557,618585.0,3.543833333333333,869.7532977123088,3131.111871764311,2285483.1180761396,80,1,13394.200784769557,1,1,1,1,10,1,1,1,0.2,108.24237710000001,0.65,0.00113,-0.008211594149577084,3.91210447011552,13603.532696108663,-1.7062098447203178,0.1991,110716.08695652174,0.007205166,0.2118126502176589,2.3,0.19819373292646825,0.775354588530518,0.7789,0.022,0.026451678543013744,20,80,0.9573874630134567,246313.02279408003,235817,20,3078.9127849260003,1.4,0.025882200853323843,0.083047137350718,1,1,1,83807.0979458582,16.3,6.274296182558598,67729.375,0.001,4731.8,9,254647,5.818815057979097,4731800.0,12697128.433756333,1,72470.175,404225867.0999998,80115033.54598741,10692452.69530019,585.9464077024504,313418380.8587122,51369.27262274293,1,59937500.0,-363017.2070964603,1,1,1,1,1,1,0.000455,1,1,1,1,1,2718.5111448070024,1011.473756708289,1244.4312405463281,2.40354609929078,0.7340425531914894,1695.3121248022442,0.5964539007092199,1.5,1035,3389,841,118.60170416613984,31571.967338900387,1.1959756602295681,22535.579694533404,1245.5695923293224,395638.68845739827,9232860.0,0.1,0.4691878138602048,0.0258,0.00831,0.0902,106.27330358638746,2.0,0.001812380923260637,12788.604523030983,0.0104,0.1958,0,1.7232487445591809,88303.40182182718,1.8924365584193856,0.0,0.003624761846521274,2.6,0.0671,29413.79040297126,2.3,261912.81175879767,8.904422319278522,0.9992750476306957,100,0.662,90,0.05696
2053,2071,2021,1,1,18.489,166.526734,0.0,2,0,0,0,75,0,0.0,12000,10280,0,150,0.0,0,40,400000,0,-0.0010602204259551416,1,84813.9745170878,847.4614499999999,20,634856.4216878167,9776788.893992377,16.3,1,1,0.18,0.05,0.77,1,48336,278.37199025946916,618585.0,4.028,869.7532977123088,3131.111871764311,2285483.1180761396,80,1,13394.200784769557,1,1,1,1,10,1,1,1,0.2,108.24237710000001,0.65,0.00113,-0.008213843425955141,3.91210447011552,13813.79603572273,-1.7955955845564133,0.1991,112868.69565217392,0.007153623,0.2089422536566528,2.3,0.19819915254122833,0.7753757906296472,0.7789,0.022,0.02642505682912449,20,80,0.9722222450259967,246313.02279408003,239471,20,3078.9127849260003,1.4,0.02532514694447717,0.08313077783746241,1,1,1,84819.74552196158,16.3,6.249592446783104,67729.375,0.001,4731.8,9,259598,5.7710048737726956,4731800.0,12697128.433756333,1,72470.175,410462570.1,81353333.54371454,10846496.741120996,594.3880214134306,318262739.8151645,52163.263055705465,1,59937500.0,-351680.28415060206,1,1,1,1,1,1,0.000455,1,1,1,1,1,2715.7751586659297,1010.4560811909771,1243.1788099156292,2.40354609929078,0.7340425531914894,1693.605914957524,0.5964539007092199,1.5,1035,3389,841,117.75478669846775,32392.46752638875,1.1566571989024914,23121.239978735626,1249.059585405382,405920.6456940946,9232860.0,0.1,0.4585846309706609,0.0258,0.00831,0.0902,105.4001109913211,2.0,0.001767318888761804,12683.527195104825,0.0104,0.1958,0,1.7656614761173566,88422.00352599332,1.9242461070880172,0.0,0.003534637777523608,2.6,0.0671,29172.112548741097,2.3,268719.4674494906,9.211518946408528,0.9992930724444953,100,0.662,90,0.05696
2054,2071,2021,1,1,18.489,166.526734,0.0,2,0,0,0,75,0,0.0,12000,10320,0,150,0.0,0,40,400000,0,-0.0011136691443597215,1,86157.06513695006,847.4614499999999,20,634856.4216878167,9776788.893992377,16.3,1,1,0.18,0.05,0.77,1,49671,277.2353683793556,618585.0,4.13925,869.7532977123088,3131.111871764311,2285483.1180761396,80,1,13394.200784769557,1,1,1,1,10,1,1,1,0.2,108.24237710000001,0.65,0.00113,-0.008216481144359722,3.91210447011552,14092.628814594695,-1.88411695079504,0.1991,115323.91304347827,0.007102812,0.2068890407867523,2.3,0.19820485608136632,0.7753981034745165,0.7789,0.022,0.026397040444117226,20,80,0.9984896340848732,246313.02279408003,245941,20,3078.9127849260003,1.4,0.024781425615246596,0.08321898226186193,1,1,1,86162.78871105236,16.3,6.239823559350788,67729.375,0.001,4731.8,9,265245,5.723574102297145,4731800.0,12697128.433756333,1,72470.175,418735745.99999994,82995458.27205355,11053384.422559597,605.7254663562659,324686903.30538684,53216.183451752906,1,59937500.0,-339330.7136286405,1,1,1,1,1,1,0.000455,1,1,1,1,1,2712.8958383704107,1009.3850912004723,1241.8607663482421,2.40354609929078,0.7340425531914894,1691.8103193729676,0.5964539007092199,1.5,1035,3389,841,116.44627868319124,33231.98643960682,1.116642232928947,23720.47553383464,1251.1469739291983,416440.9328271531,9232860.0,0.1,0.4477467055443006,0.0258,0.00831,0.0902,104.53384789030609,2.0,0.0017203168158347326,12579.283741312407,0.0104,0.1958,0,1.8090131778227976,88539.75831269179,1.9522532944556994,0.0,0.0034406336316694652,2.6,0.0671,28932.352605018536,2.3,275683.8975315754,9.528568288074712,0.9993118732736661,100,0.662,90,0.05696
2055,2071,2021,1,1,18.489,166.526734,0.0,2,0,0,0,75,0,0.0,12000,10360,0,150,0.0,0,40,400000,0,-0.001166088345339861,1,87712.95511222768,847.4614499999999,20,634856.4216878167,9776788.893992377,16.3,1,1,0.18,0.05,0.77,1,51397,276.4489439616498,618585.0,4.283083333333333,869.7532977123088,3131.111871764311,2285483.1180761396,80,1,13394.200784769557,1,1,1,1,10,1,1,1,0.2,108.24237710000001,0.65,0.00113,-0.008218806345339861,3.91210447011552,14415.631347629138,-1.970603249128946,0.1991,117971.7391304348,0.007052718,0.20531886206082,2.3,0.19821084080128093,0.7754215163240469,0.7789,0.022,0.026367642874672196,20,80,1.0265839667413532,246313.02279408003,252861,20,3078.9127849260003,1.4,0.024250732497023867,0.08331173655949577,1,1,1,87718.6316315014,16.3,6.239391527079071,67729.375,0.001,4731.8,9,271335,5.676519273723039,4731800.0,12697128.433756333,1,72470.175,428320220.9,84897711.11677937,11293794.620691905,618.8999452139163,332128715.1625287,54435.89641513845,1,59937500.0,-325638.0999175882,1,1,1,1,1,1,0.000455,1,1,1,1,1,2709.8745699833553,1008.2613022957781,1240.477744331169,2.40354609929078,0.7340425531914894,1689.9262024221725,0.5964539007092199,1.5,1035,3389,841,114.70591585060437,34090.84653840699,1.0833296906078267,24333.51652666243,1251.7242029767372,427203.59070685453,9232860.0,0.1,0.4366678674490223,0.0258,0.00831,0.0902,103.67445091129329,2.0,0.0016828299169349692,12475.86653565503,0.0104,0.1958,0,1.8533285302039109,88656.20459137498,1.9633321325509776,0.0,0.0033656598338699384,2.6,0.0671,28694.493032006565,2.3,282808.77704793774,9.855855502743529,0.999326868033226,100,0.662,90,0.05696
2056,2071,2021,1,1,18.489,166.526734,0.1,2,0,0,0,75,0,0.0,12000,10400,0,150,16.6526734,0,40,400000,0,-0.0012179066523029186,1,89421.6577578715,847.4614499999999,20,634856.4216878167,9776788.893992377,16.3,1,1,0.18,0.05,0.77,1,52846,276.2436483093009,618585.0,4.403833333333333,869.7532977123088,3131.111871764311,2285483.1180761396,80,1,13394.200784769557,1,1,1,1,10,1,1,1,0.2,108.24237710000001,0.65,0.00113,-0.008221231652302919,3.91210447011552,14770.357469524657,-2.0557723530248087,0.1991,120925.21739130435,0.007003325,0.20405996676311047,2.3,0.1982171002367708,0.7754460038896073,0.7789,0.022,0.02633689587362196,20,80,1.0559246809188647,246313.02279408003,260088,20,3078.9127849260003,1.4,0.023732770198498544,0.08340897001877959,1,1,1,89427.28759818507,16.3,6.236586751423808,67729.375,0.001,4731.8,9,278128,5.629840313567627,4731800.0,12697128.433756333,1,72470.175,438846058.2000002,86986793.1067412,11557842.939362848,633.3697930770841,340301422.1538962,55775.40309102359,1,59937500.0,-310389.6432860868,1,1,1,1,1,1,0.000455,1,1,1,1,1,2706.714616829965,1007.0859283010849,1239.0312376908512,2.40354609929078,0.7340425531914894,1687.9555991730435,0.5964539007092199,1.5,1035,3389,841,114.31951147482582,34969.36906474175,1.0632844781218658,24960.592254732957,1250.6782509624445,438212.64492157585,9232860.0,0.1,0.42534190534150784,0.0258,0.00831,0.0902,102.8219186939494,2.0,0.0016653867020252622,12373.275414434345,0.0104,0.1958,0,1.8986323786339687,88770.91050722558,1.9746580946584922,0.0,0.0033307734040505244,2.6,0.0671,28458.53345319899,2.3,290096.77093808324,10.193665510387493,0.9993338453191899,100,0.662,90,0.05696
2057,2071,2021,1,1,18.489,183.1794074,0.0,2,0,0,0,75,0,0.0,12000,10440,0,150,0.0,0,40,400000,0,-0.0012685459762860965,1,92662.77806888969,847.4614499999999,20,698342.0638565983,10754467.783391614,16.3,1,1,0.18,0.05,0.77,1,53948,275.18161399553065,618585.0,4.495666666666667,956.7286274835396,3444.2230589407427,2514031.429883754,80,1,14733.62086324651,1,1,1,1,10,1,1,1,0.2,119.06661481,0.65,0.00113,-0.008223165976286096,3.91210447011552,15082.124692312625,-2.1386414417339616,0.1991,123547.39130434784,0.00695462,0.20615913217413886,2.3,0.19822363020389197,0.7754715498031716,0.7789,0.022,0.026304819992936466,20,80,0.9903252261409166,270944.325073488,268323,20,3386.8040634186,1.4,0.023227248143778852,0.08351064807390736,1,1,1,92668.3616090247,16.3,6.23286153174807,67729.375,0.001,4731.8,9,284159,5.583540134999425,4731800.0,13966841.277131965,1,72470.175,448094296.09999996,88822878.04659967,11787039.798772072,645.9297809727095,347484378.25462824,56952.68959593357,1,59937500.0,-293432.5306879017,1,1,1,1,1,1,0.000455,1,1,1,1,1,2703.4180910922423,1005.8597548621531,1237.5222133040563,2.40354609929078,0.7340425531914894,1685.8998268200187,0.5964539007092199,1.5,1035,3389,841,113.024058584622,35867.873578607265,1.0351838845780081,25601.930815005882,1247.9194458699208,449472.0999825471,9232860.0,0.1,0.4137721852879794,0.0258,0.00831,0.0902,101.97630444361587,2.0,0.001634818543526373,12271.516780218517,0.0104,0.1958,0,1.9449112588480826,88885.2300187004,1.9862278147120207,0.0,0.003269637087052746,2.6,0.0671,28224.488594502585,2.3,297550.5301884462,10.542282429393655,0.9993460725825895,100,0.662,90,0.05696
2058,2071,2021,1,1,18.489,183.1794074,0.0,2,0,0,0,75,0,0.0,12000,10480,0,150,0.0,0,40,400000,0,-0.0013174790461755624,1,93576.79235540911,847.4614499999999,20,698342.0638565983,10754467.783391614,16.3,1,1,0.18,0.05,0.77,1,61045,272.54989438946865,618585.0,5.087083333333333,956.7286274835396,3444.2230589407427,2514031.429883754,80,1,14733.62086324651,1,1,1,1,10,1,1,1,0.2,119.06661481,0.65,0.00113,-0.008224066046175562,3.91210447011552,15271.97042056935,-2.218320080499617,0.1991,125502.60869565219,0.006906587,0.2029927156793351,2.3,0.19823042339686292,0.7754981254837596,0.7789,0.022,0.026271451119377495,20,80,1.0039110430758222,270944.325073488,272004,20,3386.8040634186,1.4,0.022733880984503116,0.08361668823819268,1,1,1,93582.32996733426,16.3,6.212779917964639,67729.375,0.001,4731.8,9,288656,5.537611925145063,4731800.0,13966841.277131965,1,72470.175,453719118.6000002,89940932.9833295,11919859.646226946,653.2083086132366,351858325.9704438,57669.57962655574,1,59937500.0,-273234.344078877,1,1,1,1,1,1,0.000455,1,1,1,1,1,2699.988680950569,1004.5841538320126,1235.9523594798047,2.40354609929078,0.7340425531914894,1683.7611853782848,0.5964539007092199,1.5,1035,3389,841,112.36963633434846,36786.67978292307,1.0133962500695621,26257.760406457368,1243.3183420415542,460985.9621920184,9232860.0,0.1,0.4019500804004281,0.0258,0.00831,0.0902,101.13748373177026,2.0,0.0016136839176594808,12170.575659659478,0.0104,0.1958,0,1.9921996783982876,88998.25407728502,1.998049919599572,0.0,0.0032273678353189617,2.6,0.0671,27992.324017216797,2.3,305172.7069711162,10.902013951518224,0.9993545264329362,100,0.662,90,0.05696
2059,2071,2021,1,1,18.489,183.1794074,0.0,2,0,0,0,75,0,0.0,12000,10520,0,150,0.0,0,40,400000,0,-0.0013664303631540997,1,95276.48473372038,847.4614499999999,20,698342.0638565983,10754467.783391614,16.3,1,1,0.18,0.05,0.77,1,63418,272.2844761086863,618585.0,5.284833333333333,956.7286274835396,3444.2230589407427,2514031.429883754,80,1,14733.62086324651,1,1,1,1,10,1,1,1,0.2,119.06661481,0.65,0.00113,-0.0082256433631541,3.91210447011552,15624.86865932677,-2.2977112280880383,0.1991,128585.65217391305,0.006859213,0.2015332251280939,2.3,0.19823746968152012,0.7755256912854648,0.7789,0.022,0.02623683903301509,20,80,1.0302153400861653,270944.325073488,279131,20,3386.8040634186,1.4,0.022252390338213104,0.08372696401202133,1,1,1,95281.97678918572,16.3,6.203718380913416,67729.375,0.001,4731.8,9,295747,5.492055465340888,4731800.0,13966841.277131965,1,72470.175,464186968.29999995,92019250.05492797,12178798.768510377,667.3981725143686,359988919.4765616,59002.183902208446,1,59937500.0,-252122.18911154277,1,1,1,1,1,1,0.000455,1,1,1,1,1,2696.431502438505,1003.261028166977,1234.324018144119,2.40354609929078,0.7340425531914894,1681.5428652977853,0.5964539007092199,1.5,1035,3389,841,110.7153443197539,37726.10435285995,0.9880498859439124,26928.30706690354,1268.883008559851,472758.19991052564,9232860.0,0.1,0.4,0.0258,0.00831,0.0902,100.30545256479732,2.0,0.0015863742536112446,12070.451572177777,0.0104,0.1958,0,2.0404983077329018,89110.62371361937,2.0,0.0,0.0031727485072224892,2.6,0.0671,27762.038616008886,2.3,312965.928340768,11.273160903979768,0.9993654502985555,100,0.662,90,0.05696
2060,2071,2021,1,1,18.489,183.1794074,0.0,2,0,0,0,75,0,0.0,12000,10560,0,150,0.0,0,40,400000,0,-0.0014142489098488177,1,96693.05966037471,847.4614499999999,20,698342.0638565983,10754467.783391614,16.3,1,1,0.18,0.05,0.77,1,64687,271.06322801340826,618585.0,5.390583333333334,956.7286274835396,3444.2230589407427,2514031.429883754,80,1,14733.62086324651,1,1,1,1,10,1,1,1,0.2,119.06661481,0.65,0.00113,-0.008226733909848818,3.91210447011552,15919.029848802042,-2.3748706285119794,0.1991,131279.13043478262,0.006812485,0.19943914515996236,2.3,0.19824476814467498,0.7755542436357978,0.7789,0.022,0.02620098821952719,20,80,1.0609781176336903,270944.325073488,287466,20,3386.8040634186,1.4,0.021781060401714472,0.08384149351957075,1,1,1,96698.50652642183,16.3,6.190605480522749,67729.375,0.001,4731.8,9,301942,5.44686604712201,4731800.0,13966841.277131965,1,72470.175,472908561.40000004,93751648.1083748,12390671.646154951,679.0088062092913,366766241.64547026,60112.98700569258,1,59937500.0,-229310.38732235704,1,1,1,1,1,1,0.000455,1,1,1,1,1,2692.7470165614077,1001.8905493422806,1232.6374003277565,2.40354609929078,0.7340425531914894,1679.2451540696973,0.5964539007092199,1.5,1035,3389,841,110.23530578498159,38689.02544036235,0.9744606250405325,27615.625176479185,1301.2699784703327,484824.8802050419,9232860.0,0.1,0.4,0.0258,0.00831,0.0902,99.48012494853606,2.0,0.0015775360602202082,11971.134169498924,0.0104,0.1958,0,2.0899832903211433,89221.33905793913,2.0,0.0,0.0031550721204404164,2.6,0.0671,27533.608589847525,2.3,320954.0706957378,11.656810971522392,0.9993689855759119,100,0.662,90,0.05696
2061,2071,2021,1,1,18.489,183.1794074,0.1,2,0,0,0,75,0,0.0,12000,10600,0,150,18.31794074,0,40,400000,0,-0.0014617540885136166,1,98606.23790594962,847.4614499999999,20,698342.0638565983,10754467.783391614,16.3,1,1,0.18,0.05,0.77,1,66357,270.77121723709,618585.0,5.52975,956.7286274835396,3444.2230589407427,2514031.429883754,80,1,14733.62086324651,1,1,1,1,10,1,1,1,0.2,119.06661481,0.65,0.00113,-0.008228143088513617,3.91210447011552,16316.26128449748,-2.45117199272714,0.1991,134488.26086956522,0.006766389,0.19832326440605325,2.3,0.19825231169739294,0.7755837548021064,0.7789,0.022,0.026163933500500763,20,80,1.0892754440232373,270944.325073488,295133,20,3386.8040634186,1.4,0.021319407852363893,0.08396019879435464,1,1,1,98611.63995191947,16.3,6.193440513637846,67729.375,0.001,4731.8,9,309323,5.402045969854821,4731800.0,13966841.277131965,1,72470.175,484690720.79999983,96091055.85687561,12681415.787320977,694.9415851451895,375918249.15580326,61613.00103663615,1,59937500.0,-205082.05579593522,1,1,1,1,1,1,0.000455,1,1,1,1,1,2688.938802028738,1000.4740484922248,1230.894144228104,2.40354609929078,0.7340425531914894,1676.8702834411854,0.5964539007092199,1.5,1035,3389,841,109.03381794082753,39676.52412570216,0.9547290416098989,28320.486393483643,1334.4835934008095,497199.5504473954,9232860.0,0.1,0.4,0.0258,0.00831,0.0902,98.66154287800781,2.0,0.0015584165543736095,11872.62850517543,0.0104,0.1958,0,2.140683153610427,89331.57436372411,2.0,0.0,0.003116833108747219,2.6,0.0671,27307.045561903484,2.3,329146.1023961758,12.053523023939764,0.9993766333782506,100,0.662,90,0.05696
2062,2071,2021,1,1,18.489,201.49734814,0.0,2,0,0,0,75,0,0.0,12000,10640,0,150,0.0,0,40,400000,0,-0.0015076861392925751,1,102260.99709519054,847.4614499999999,20,768176.2702422582,11829914.561730776,16.3,1,1,0.18,0.05,0.77,1,68338,269.91430715966294,618585.0,5.694833333333333,1052.4014902318936,3788.645364834817,2765434.5728721293,80,1,16206.982949571162,1,1,1,1,10,1,1,1,0.2,130.97327629100002,0.65,0.00113,-0.008228599139292575,3.91210447011552,16677.841209363727,-2.52449848569743,0.1991,137475.65217391305,0.006720913,0.2005549877439339,2.3,0.19826009761420285,0.7756142141220623,0.7789,0.022,0.026125688263734806,20,80,1.0177535380368374,298038.7575808368,303330,20,3725.4844697604603,1.4,0.02086724293925173,0.08408307092972034,1,1,1,102266.3546845601,16.3,6.192880320309682,67729.375,0.001,4731.8,9,316194,5.35758936955926,4731800.0,15363525.404845163,1,72470.175,495412354.79999983,98220501.82193007,12942988.743507579,709.2757831442153,384248864.23456216,62978.388848044735,1,59937500.0,-178940.59084401577,1,1,1,1,1,1,0.000455,1,1,1,1,1,2685.008234741109,999.0120373958537,1229.0948796802513,2.40354609929078,0.7340425531914894,1674.4191114484584,0.5964539007092199,1.5,1035,3389,841,108.36339173825775,40689.22772748658,0.9399026986425864,29043.33848819092,1368.544952638772,509890.07177301473,9232860.0,0.1,0.4,0.0258,0.00831,0.0902,97.84959925502736,2.0,0.0015469460482053776,11774.921691339032,0.0104,0.1958,0,2.1926457126523253,89440.60818166494,2.0,0.0,0.0030938920964107552,2.6,0.0671,27082.319890079772,2.3,337547.22751373576,12.463748633195156,0.9993812215807178,100,0.662,90,0.05696
2063,2071,2021,1,1,18.489,201.49734814,0.0,2,0,0,0,75,0,0.0,12000,10680,0,150,0.0,0,40,400000,0,-0.0015535417057942853,1,103596.83331992434,847.4614499999999,20,768176.2702422582,11829914.561730776,16.3,1,1,0.18,0.05,0.77,1,72112,268.35080065443987,618585.0,6.009333333333333,1052.4014902318936,3788.645364834817,2765434.5728721293,80,1,16206.982949571162,1,1,1,1,10,1,1,1,0.2,130.97327629100002,0.65,0.00113,-0.008229585705794285,3.91210447011552,16955.292103936303,-2.5973580089304438,0.1991,140170.8695652174,0.006676044,0.19811807344966453,2.3,0.1982681164457066,0.7756455846286333,0.7789,0.022,0.026086298925660095,20,80,1.0435119328923044,298038.7575808368,311007,20,3725.4844697604603,1.4,0.020424379362139006,0.08420999527137368,1,1,1,103602.14681538196,16.3,6.1745965328031325,67729.375,0.001,4731.8,9,322393,5.313495457626105,4731800.0,15363525.404845163,1,72470.175,503633615.1,99854488.24461898,13137937.03250944,719.9589493815173,390641189.8228716,64026.09101196866,1,59937500.0,-149144.41115945566,1,1,1,1,1,1,0.000455,1,1,1,1,1,2680.9600850417037,997.5062904267248,1227.241790366282,2.40354609929078,0.7340425531914894,1671.894612962761,0.5964539007092199,1.5,1035,3389,841,107.32228971613603,41727.77957600295,0.9220941505647766,29784.640659763503,1403.4756940099237,522904.50596494914,9232860.0,0.1,0.4,0.0258,0.00831,0.0902,97.0442796766438,2.0,0.0015302297758895689,11678.011994782648,0.0104,0.1958,0,2.245889753339837,89548.97157340319,2.0,0.0,0.0030604595517791378,2.6,0.0671,26859.42758800009,2.3,346162.78294879635,12.887943416316531,0.9993879080896442,100,0.662,90,0.05696
2064,2071,2021,1,1,18.489,201.49734814,0.0,2,0,0,0,75,0,0.0,12000,10720,0,150,0.0,0,40,400000,0,-0.0015984075839125377,1,105466.0865292565,847.4614499999999,20,768176.2702422582,11829914.561730776,16.3,1,1,0.18,0.05,0.77,1,74126,267.8557196187486,618585.0,6.1771666666666665,1052.4014902318936,3788.645364834817,2765434.5728721293,80,1,16206.982949571162,1,1,1,1,10,1,1,1,0.2,130.97327629100002,0.65,0.00113,-0.008230177583912538,3.91210447011552,17343.457714881068,-2.6682173921225836,0.1991,143486.95652173914,0.00663177,0.19667294385535364,2.3,0.19827636670861887,0.7756778605190519,0.7789,0.022,0.026045772772329265,20,80,1.0715753970802848,298038.7575808368,319371,20,3725.4844697604603,1.4,0.01999063421723281,0.08434098333294894,1,1,1,105471.3562891197,16.3,6.169731531422336,67729.375,0.001,4731.8,9,330020,5.269759863211739,4731800.0,15363525.404845163,1,72470.175,515142104.39999986,102140504.799064,13417274.196661916,735.266625977073,399584325.4042739,65491.870933760496,1,59937500.0,-118012.4393440737,1,1,1,1,1,1,0.000455,1,1,1,1,1,2676.795101738021,995.9570861107599,1225.335219061854,2.40354609929078,0.7340425531914894,1669.2972549538304,0.5964539007092199,1.5,1035,3389,841,106.56132828724293,42792.83942190085,0.9069331877488469,30544.86382796331,1439.2980076238332,536251.1205751986,9232860.0,0.1,0.4,0.0258,0.00831,0.0902,96.24550431492209,2.0,0.0015175610248621685,11581.889809256569,0.0104,0.1958,0,2.3004568012296946,89656.29386311932,2.0,0.0,0.003035122049724337,2.6,0.0671,26638.346561290105,2.3,354998.24182078143,13.326586956288503,0.9993929755900551,100,0.662,90,0.05696
2065,2071,2021,1,1,18.489,201.49734814,0.0,2,0,0,0,75,0,0.0,12000,10760,0,150,0.0,0,40,400000,0,-0.001642961143564112,1,107269.56410574925,847.4614499999999,20,768176.2702422582,11829914.561730776,16.3,1,1,0.18,0.05,0.77,1,76577,266.9130896101922,618585.0,6.3814166666666665,1052.4014902318936,3788.645364834817,2765434.5728721293,80,1,16206.982949571162,1,1,1,1,10,1,1,1,0.2,130.97327629100002,0.65,0.00113,-0.008231040143564112,3.91210447011552,17717.990361207114,-2.738206749449539,0.1991,146634.78260869568,0.006588079,0.19505741959756845,2.3,0.19828484204968325,0.7757110169387157,0.7789,0.022,0.02600414101160111,20,80,1.1005145862985215,298038.7575808368,327996,20,3725.4844697604603,1.4,0.019565827943523337,0.08447596993178284,1,1,1,107274.79048656259,16.3,6.167396963766827,67729.375,0.001,4731.8,9,337260,5.226380813348875,4731800.0,15363525.404845163,1,72470.175,526244123.9000001,104346232.98708546,13684526.40442209,749.9120469623305,408213364.5084926,66906.17044294193,1,59937500.0,-85011.258054954,1,1,1,1,1,1,0.000455,1,1,1,1,1,2672.516492146823,994.3656174392881,1223.3766339548706,2.40354609929078,0.7340425531914894,1666.6290375617077,0.5964539007092199,1.5,1035,3389,841,105.60936254039206,43885.08385530544,0.8903739393338632,31324.49093230824,1476.034649970424,549938.3941767599,9232860.0,0.1,0.4,0.0258,0.00831,0.0902,95.45324078885527,2.0,0.0015022184243204673,11486.551238129396,0.0104,0.1958,0,2.3563729845718058,89762.85519140656,2.0,0.0,0.0030044368486409345,2.6,0.0671,26419.067847697606,2.3,364059.21694501507,13.780168893307204,0.9993991126302718,100,0.662,90,0.05696
2066,2071,2021,1,1,18.489,201.49734814,0.1,2,0,0,0,75,0,0.0,12000,10800,0,150,20.149734814000002,0,40,400000,0,-0.001686733851117097,1,108867.86294970613,847.4614499999999,20,768176.2702422582,11829914.561730776,16.3,1,1,0.18,0.05,0.77,1,78574,265.2416563846468,618585.0,6.547833333333333,1052.4014902318936,3788.645364834817,2765434.5728721293,80,1,16206.982949571162,1,1,1,1,10,1,1,1,0.2,130.97327629100002,0.65,0.00113,-0.008231693851117097,3.91210447011552,18049.958536493672,-2.8065409888943864,0.1991,149438.69565217392,0.00654496,0.19303667494341248,2.3,0.1982935397053446,0.7757450430763081,0.7789,0.022,0.02596141721834729,20,80,1.1342048354510217,298038.7575808368,338037,20,3725.4844697604603,1.4,0.019149784269688212,0.0846149473082207,1,1,1,108873.04630441507,16.3,6.164793473548847,67729.375,0.001,4731.8,9,343709,5.183354708932343,4731800.0,15363525.404845163,1,72470.175,536080435.0000001,106301287.02293094,13917407.835628107,762.6739493924202,415861740.14144105,68159.73920918218,1,59937500.0,-50206.64256839141,1,1,1,1,1,1,0.000455,1,1,1,1,1,2668.125651394692,992.7324033426307,1221.3666736813384,2.40354609929078,0.7340425531914894,1663.8908308122582,0.5964539007092199,1.5,1035,3389,841,104.80822302381368,45005.206735628264,0.8753154455461786,32124.01723886448,1513.708958376269,563975.0217497275,9232860.0,0.1,0.4,0.0258,0.00831,0.0902,94.66742336533575,2.0,0.0014890708341688819,11391.988371279875,0.0104,0.1958,0,2.4136772668852133,89868.46455394695,2.0,0.0,0.0029781416683377637,2.6,0.0671,26201.57325394371,2.3,373351.46439831966,14.249200259076998,0.9994043716663324,100,0.662,90,0.05696
2067,2071,2021,1,1,18.489,221.647082954,0.0,2,0,0,0,75,0,0.0,12000,10840,0,150,0.0,0,40,400000,0,-0.0017300835293050298,1,112971.28790043957,847.4614499999999,20,844993.8972664839,13012906.017903851,16.3,1,1,0.18,0.05,0.77,1,80832,264.9360241130493,618585.0,6.736,1157.6416392550827,4167.509901318298,3041978.0301593416,80,1,17827.681244528274,1,1,1,1,10,1,1,1,0.2,144.0706039201,0.65,0.00113,-0.00823248552930503,3.91210447011552,18465.02632115023,-2.8738145706107443,0.1991,153066.95652173914,0.006502402,0.19532704581251975,2.3,0.19830245441827704,0.7757799183646209,0.7789,0.022,0.025917627217102127,20,80,1.0563909778078417,327842.63333892054,346330,20,4098.032916736506,1.4,0.018742330161569093,0.08475786832603972,1,1,1,112976.4285797394,16.3,6.1567901515108465,67729.375,0.001,4731.8,9,352054,5.140679299828839,4731800.0,16899877.945329677,1,72470.175,548383217.8,108745738.05153258,14212791.811055321,778.8609912458315,425424687.9374121,69727.10635294185,1,59937500.0,-13803.771263976349,1,1,1,1,1,1,0.000455,1,1,1,1,1,2663.62523353945,991.0584310223044,1219.306553168214,2.40354609929078,0.7340425531914894,1661.0842898233639,0.5964539007092199,1.5,1035,3389,841,103.90908868431505,46153.91963234844,0.8596588831166329,32943.95065486926,1552.344865829865,578369.9202048676,9232860.0,0.1,0.4,0.0258,0.00831,0.0902,93.88801094852231,2.0,0.0014745766037346786,11298.196263360085,0.0104,0.1958,0,2.4724005523393826,89973.27277697076,2.0,0.0,0.002949153207469357,2.6,0.0671,25985.851405728194,2.3,382880.8871756224,14.734205979921136,0.9994101693585061,100,0.662,90,0.05696
2068,2071,2021,1,1,18.489,221.647082954,0.0,2,0,0,0,75,0,0.0,12000,10880,0,150,0.0,0,40,400000,0,-0.001772769944956878,1,114638.83576792863,847.4614499999999,20,844993.8972664839,13012906.017903851,16.3,1,1,0.18,0.05,0.77,1,83351,263.8134222599912,618585.0,6.945916666666666,1157.6416392550827,4167.509901318298,3041978.0301593416,80,1,17827.681244528274,1,1,1,1,10,1,1,1,0.2,144.0706039201,0.65,0.00113,-0.008233163944956878,3.91210447011552,18811.40142055856,-2.9396256929407416,0.1991,156312.1739130435,0.006460394,0.1932770286071102,2.3,0.1983115828194012,0.7758156296234636,0.7789,0.022,0.025872787557135152,20,80,1.0872868985026,327842.63333892054,356459,20,4098.032916736506,1.4,0.01834329577022496,0.08490471637493274,1,1,1,114643.93411932826,16.3,6.141779549285432,67729.375,0.001,4731.8,9,359518,5.098351399639079,4731800.0,16899877.945329677,1,72470.175,558644315.9,110785638.51919056,14453685.705281798,792.0619766494425,433404991.6755276,71035.07813561897,1,59937500.0,26702.482315763045,1,1,1,1,1,1,0.000455,1,1,1,1,1,2659.0169393946626,989.3443331117486,1217.1970509834039,2.40354609929078,0.7340425531914894,1658.2104752527532,0.5964539007092199,1.5,1035,3389,841,103.09339642866169,47331.952277044504,0.8449119430259177,33784.81205138414,1591.9669161853064,593132.2340481767,9232860.0,0.1,0.4,0.0258,0.00831,0.0902,93.11494534285879,2.0,0.0014613134395993765,11205.16791129468,0.0104,0.1958,0,2.5325812553334677,90077.18186565507,2.0,0.0,0.002922626879198753,2.6,0.0671,25771.886195977764,2.3,392653.53893989295,15.235731523646672,0.9994154746241602,100,0.662,90,0.05696
2069,2071,2021,1,1,18.489,221.647082954,0.0,2,0,0,0,75,0,0.0,12000,10920,0,150,0.0,0,40,400000,0,-0.0018149858472472098,1,116912.65062375051,847.4614499999999,20,844993.8972664839,13012906.017903851,16.3,1,1,0.18,0.05,0.77,1,85487,263.47106272891335,618585.0,7.123916666666666,1157.6416392550827,4167.509901318298,3041978.0301593416,80,1,17827.681244528274,1,1,1,1,10,1,1,1,0.2,144.0706039201,0.65,0.00113,-0.00823391184724721,3.91210447011552,19283.622598398833,-3.0042931653119247,0.1991,160097.82608695654,0.006418926,0.19220476571364115,2.3,0.19832092026335268,0.7758521586796857,0.7789,0.022,0.025826921056961608,20,80,1.1161208543054977,327842.63333892054,365912,20,4098.032916736506,1.4,0.01795251438056593,0.08505545467653647,1,1,1,116917.70699228495,16.3,6.146793400773986,67729.375,0.001,4731.8,9,368225,5.056368534442155,4731800.0,16899877.945329677,1,72470.175,572640959.0000002,113566681.96936886,14789552.842075795,810.4674957457535,444284724.1885556,72818.26629450427,1,59937500.0,68876.2414350913,1,1,1,1,1,1,0.000455,1,1,1,1,1,2654.3031140813728,987.5909819005691,1215.0392406343303,2.40354609929078,0.7340425531914894,1655.2708495598124,0.5964539007092199,1.5,1035,3389,841,102.2283476110137,48540.05302696378,0.8299733176211301,34647.13559418367,1632.6002797540204,608271.3411900223,9232860.0,0.1,0.4,0.0258,0.00831,0.0902,92.34818136530617,2.0,0.001447395125393769,11112.897877894848,0.0104,0.1958,0,2.594253734116519,90180.27526208374,2.0,0.0,0.002894790250787538,2.6,0.0671,25559.665119158148,2.3,402675.62786779477,15.75433895516772,0.9994210419498425,100,0.662,90,0.05696
2070,2071,2021,1,1,18.489,221.647082954,0.0,2,0,0,0,75,0,0.0,12000,10960,0,150,0.0,0,40,400000,0,-0.0018566102265166612,1,118853.25487393777,847.4614499999999,20,844993.8972664839,13012906.017903851,16.3,1,1,0.18,0.05,0.77,1,87896,262.49652118255915,618585.0,7.324666666666666,1157.6416392550827,4167.509901318298,3041978.0301593416,80,1,17827.681244528274,1,1,1,1,10,1,1,1,0.2,144.0706039201,0.65,0.00113,-0.008234596226516662,3.91210447011552,19686.707899842735,-3.0676149855334973,0.1991,163580.4347826087,0.006377986,0.1905319867801769,2.3,0.19833046311743519,0.7758894913217995,0.7789,0.022,0.02578004556076525,20,80,1.146705650120123,327842.63333892054,375939,20,4098.032916736506,1.4,0.017569822360570857,0.0852100630331544,1,1,1,118858.26960168754,16.3,6.141384241232209,67729.375,0.001,4731.8,9,376235,5.01472774978046,4731800.0,16899877.945329677,1,72470.175,584582736.1,115940564.7811704,15070569.57069481,825.8672124740756,453571601.7481348,74340.3855265193,1,59937500.0,113323.77342737625,1,1,1,1,1,1,0.000455,1,1,1,1,1,2649.4855914950103,985.7990595232446,1212.833961608729,2.40354609929078,0.7340425531914894,1652.2665563945004,0.5964539007092199,1.5,1035,3389,841,101.41123563130189,49778.989340424014,0.8156342732345162,35531.469083089614,1674.2707692944616,623796.8589025565,9232860.0,0.1,0.4,0.0258,0.00831,0.0902,91.58766505642993,2.0,0.0014342002756337346,11021.379669847163,0.0104,0.1958,0,2.6574569735670486,90282.50360969476,2.0,0.0,0.0028684005512674693,2.6,0.0671,25349.173240648473,2.3,412953.52059349243,16.290611006251833,0.9994263198897465,100,0.662,90,0.05696
2071,2071,2021,1,1,18.489,221.647082954,0.1,2,0,0,0,75,0,0.0,12000,11000,0,150,22.164708295400004,0,40,400000,0,-0.0018977494115296149,1,120736.28675938118,847.4614499999999,20,844993.8972664839,13012906.017903851,16.3,1,1,0.18,0.05,0.77,1,90349,261.45281919712403,618585.0,7.529083333333333,1157.6416392550827,4167.509901318298,3041978.0301593416,80,1,17827.681244528274,1,1,1,1,10,1,1,1,0.2,144.0706039201,0.65,0.00113,-0.008235314411529615,3.91210447011552,20077.863823811877,-3.129766320554131,0.1991,167092.1739130435,0.006337565,0.18873341706193228,2.3,0.1983402071073115,0.7759276108281514,0.7789,0.022,0.02573218206453707,20,80,1.1803406898576192,327842.63333892054,386966,20,4098.032916736506,1.4,0.017195059111091513,0.08536851113523992,1,1,1,120741.26018585695,16.3,6.131469743333542,67729.375,0.001,4731.8,9,384312,4.973426475774105,4731800.0,16899877.945329677,1,72470.175,596168542.2,118244192.13081199,15340717.469040053,840.6713173033949,462583632.600148,75817.45738316426,1,59937500.0,159711.8680290638,1,1,1,1,1,1,0.000455,1,1,1,1,1,2644.5665294508326,983.9693685992492,1210.5822016725394,2.40354609929078,0.7340425531914894,1649.198941408967,0.5964539007092199,1.5,1035,3389,841,100.57044544048777,51049.54826434899,0.8013099834360383,36438.37429996639,1717.0048564099336,639718.6499291853,9232860.0,0.1,0.4,0.0258,0.00831,0.0902,90.83334948062158,2.0,0.0014207136288915678,10930.607639063968,0.0104,0.1958,0,2.7222281200057106,90383.91484532606,2.0,0.0,0.0028414272577831357,2.6,0.0671,25140.397569847126,2.3,423493.74625312065,16.845149130061902,0.9994317145484434,100,0.662,90,0.05696
