time,FINAL TIME,INITIAL TIME,SAVEPER,TIME STEP,Number of Bus Routes,Road available,Number of Railway Lines,ITBR,Number of Trips per Bus Route,Number of Trips per Railway line,ILRR,construction,increasing railway trips,increaing bus trips,ITRR,Land Use for mobility,daily railway capacity,Daily railway trips,road construiction,increasing railway lines,increasing bus routes,RCR,IRBR,gdp growth rate,WELL TO TANK CO2 EMISSION RAILWAY ELECTRICITY,"""emissions of greenhouse gases (GHG) mobility""",railway electricity co2 emission,number of trains,bus electricity activity,bus natural gas activity,AVERAGE DISTANCE RAILWAY TRIP,ENERGY INTENSITY PER KM RAILWAY ELECTRICITY,TANK TO WHEEL CO2 EMISSION RAILWAY ELECTRICITY,PERCENTAGE BUS DIESEL,PERCENTAGE BUS ELECTRICITY,PERCENTAGE BUS NATURAL GAS,GHC CORRECTION BUS ELECTRICITY,DAILY CHOSEN RAILWAY,"""Motorization rate number of motorized vehicles per 1000 inhabitants.""",railway activity per year,Railway Daily Occupancy rate 0,bus electricity co2 emission,bus diesel co2 emission,bus diesel activity,MAX CAPACITY RAILWAY,ENERGY INTENSITY PER KM BUS NATURAL GAS,bus natural gas co2 emission,GHC CORRECTION RAILWAY ELECTRICITY,WELL TO TANK CO2 EMISSION NATURAL GAS,TANK TO WHEEL CO2 EMISSION BUS NATURAL GAS,ENERGY INTENSITY PER KM BUS ELECTRICITY,VEHICLES PER LINE,WELL TO TANK CO2 EMISSION BUS ELECTRICITY,GHC CORRECTION BUS NATURAL GAS,TANK TO WHEEL CO2 EMISSION BUS ELECTRICITY,business income multiplier,number of bus,VEHICLES PER ROUTE,CO2 CAPTURE PER GREEN AREA,business growth,DIESEL PETROL RATIO,car diesel co2 emissions,increase amount,INITIAL RATIO CAR PETROL,number of mototized private vehicles,GDPGN,Emissions of greenhouse gases,TPC,percentage car diesel,percentafe car petrol,INITIAL RATIO CAR DIESEL,INITIAL RATIO CAR ELECTRICITY,percentage car eletricity,PRIVATE PARKING CONSTRUCTION,MAX CAPACITY BUS,BUS Daily Occupancy rate,daily bus capacity,DAILY CHOSEN BUS,PEDESTRIAN SIDEWALK CONSTRUCTION,Daily bus trips,ticket fare pt 10 km,Mobility space usage,Affordability of public transport for the poorest group,GHC CORRECTION CAR DIESEL,GHC CORRECTION CAR ELECTRICITY,GHC CORRECTION CAR PETROL,ghg emissions,AVERAGE DISTANCE BUS ROUTES,AVERAGE DISTANCE CAR,co2 capture green spaces,CO2 CAPTURE PER M2 BODY OF WATER,"""co2 capture sea/river""",CO2 TECHNOLOGIES CAPTURE,DAILY CHOSEN CAR,"""emissions of greenhouse gases (GHG) business""",BODY OF WATER M2,bus activity per year,WELL TO TANK CO2 EMISSION CAR DIESEL,capture,car activity per year,car diesel activity,car electricity activity,car electricity co2 emission,car petrol activity,car petrol co2 emission,ENERGY INTENSITY PER KM CAR PETROL,GREEN AREA,Total GHG,WELL TO TANK CO2 EMISSION BUS DIESEL,GHC CORRECTION BUS DIESEL,ENERGY INTENSITY PER KM BUS DIESEL,ENERGY INTENSITY PER KM CAR DIESEL,ENERGY INTENSITY PER KM CAR ELECTRICITY,TANK TO WHEEL CO2 EMISSION CAR ELECTRICITY,EpB,TANK TO WHEEL CO2 EMISSION BUS DIESEL,WELL TO TANK CO2 EMISSION CAR ELECTRICITY,TANK TO WHEEL CO2 EMISSION CAR DIESEL,TANK TO WHEEL CO2 EMISSION CAR PETROL,WELL TO TANK CO2 EMISSION CAR PETROL,average monthly income 95,average monthly income 25,average monthly income 50,income 95 multiplier,income 50 multiplier,average monthly income,income 25 multiplier,labor force income multiplier,IMI50,IMI95,IMI25,housing construction,net births,business construction,outmigration,inmigration,Population,AREA,attractiveness from jobs multiplier,attractiveness from housing multiplier,BCN,BDN,BN,business demolition,business labor force multiplier,business land multiplier,Business structures,DN,HCN,HDN,households to housing ratio,Housing,housing availability multiplier,housing demolition,housing land multiplier,HS,IMN,jobs,JPBS,labor force,labor to job ratio,land fraction occupied,LPBS,LPF,LPH,OMN
2021,2071,2021,1,1,94,400000,2,0,18.489,75,0,40,0,0.0,0,9000,12000,150,0,0,0,0,0,0.05,1,82413.42197298408,847.4614499999999,20,358359.89937000006,5518742.450298001,16.3,1,1,0.18,0.05,0.77,1,91670,381.728318276353,618585.0,7.639166666666667,490.95306213690003,1767.43102369284,1290095.637732,80,1,7560.677156908261,1,1,1,1,10,1,1,1,0.2,61.1,0.65,0.00113,0.0,3.91210447011552,14910.51447838656,70.5,0.1991,63161.739130434784,0.05,0.4974403016326186,2.3,0.1991,0.7788999999999999,0.7789,0.022,0.022,20,80,0.6593195724197136,139037.28,91670,20,1737.9660000000001,1.4,0.05432322317790855,0.09984568766356959,1,1,1,82420.75566298408,16.3,12.0,67729.375,0.001,4731.8,9,145272,7.33369,4731800.0,7167197.987400001,1,72470.175,441045792.0,87812217.1872,9703007.423999999,531.7248068352,343530567.38879997,56304.65999502431,1,59937500.0,300.0,1,1,1,1,1,1,0.000455,1,1,1,1,1,2261.0,841.2982269503547,1035.0,2.40354609929078,0.7340425531914894,1410.0,0.5964539007092199,1.5,1035,3389,841,5643.595395411603,13220.865000000002,205.54500946185684,9436.848,1232.6636443989873,165675.0,9232860.0,0.1,1.1088303073022072,0.0258,0.00831,0.0902,133.94057999999998,2.0,0.24714173073132262,16118.0,0.0104,0.1958,0,0.854892923597057,74537.0,0.7823393853955855,0.0,0.49428346146264523,2.6,0.0671,37071.399999999994,2.3,109676.85,2.958530025842024,0.901143307707471,100,0.662,90,0.05696
2022,2071,2021,1,1,94,400000,2,0,18.489,75,0,40,0,0.0,0,9040,12000,150,0,0,0,0,0,0.052461443,1,46237.112847188044,847.4614499999999,20,358359.89937000006,5518742.450298001,16.3,1,1,0.18,0.05,0.77,1,7909,308.0930827350323,618585.0,0.6590833333333334,490.95306213690003,1767.43102369284,1290095.637732,80,1,7560.677156908261,1,1,1,1,10,1,1,1,0.2,61.1,0.65,0.00113,0.0,3.91210447011552,7389.513692032082,77.6691663615,0.1991,52507.82608695653,0.052461443,0.27088088108707276,2.3,0.19887606339468303,0.778023936605317,0.7789,0.022,0.0231,20,80,0.7108884753786898,139037.28,98840,20,1737.9660000000001,1.4,0.052960987705270655,0.09509273629268393,1,1,1,46244.479117203446,16.3,7.161817700052994,67729.375,0.001,4731.8,9,120768,7.366270015405145,4731800.0,7167197.987400001,1,72470.175,218824355.20000002,43518926.33705584,5054842.60512,277.005374760576,170250586.25782418,27904.071087657383,1,59937500.0,10250.58066298408,1,1,1,1,1,1,0.000455,1,1,1,1,1,2374.0499999999997,883.3482269503547,1086.75,2.40354609929078,0.7340425531914894,1480.5,0.5964539007092199,1.5,1035,3389,841,2461.780407438868,13621.196115423041,89.9469174828901,9722.598129504966,1301.006168153995,170691.680644399,9232860.0,0.1,1.1359114595189619,0.0258,0.00831,0.0902,134.53561280882803,2.0,0.10767139636763987,16189.604429461857,0.0104,0.1958,0,0.818784720641384,80180.5953954116,0.7281770809620759,0.0,0.21534279273527973,2.6,0.0671,37236.09018776227,2.3,112997.89258659213,3.0346336582815874,0.9569314414529441,100,0.662,90,0.05696
2023,2071,2021,1,1,94,400000,2,0,18.489,75,0,40,0,0.0,0,9080,12000,150,0,0,0,0,0,0.07271763930573626,1,47704.42168622529,847.4614499999999,20,358359.89937000006,5518742.450298001,16.3,1,1,0.18,0.05,0.77,1,8150,308.70978588722676,618585.0,0.6791666666666667,490.95306213690003,1767.43102369284,1290095.637732,80,1,7560.677156908261,1,1,1,1,10,1,1,1,0.20444251330573626,61.1,0.65,0.00113,0.004442513305736248,3.91210447011552,7691.115257902129,113.3063834167953,0.1991,54218.26086956522,0.068275126,0.2712153802326422,2.3,0.19862935460811856,0.7770587860585814,0.7789,0.022,0.0243118593333,20,80,0.7302645736452842,139037.28,101534,20,1737.9660000000001,1.4,0.05162279649275112,0.09035422364722769,1,1,1,47711.76766838432,16.3,7.227935397988807,67729.375,0.001,4731.8,9,124702,7.345982159031843,4731800.0,7167197.987400001,1,72470.175,228038514.00000006,45295142.86161442,5544040.274942764,303.8134070668635,177199330.86344287,29042.970328518288,1,59937500.0,-15975.115219812476,1,1,1,1,1,1,0.000455,1,1,1,1,1,2505.5182760082985,929.6743041915047,1143.76247318025,2.40354609929078,0.7340425531914894,1558.1691663615,0.5964539007092199,1.5,1035,3389,841,1151.5941808617374,14036.124526917993,40.72643976112001,10018.76758212091,1340.8068244813642,175891.28479847105,9232860.0,0.1,1.1360550338487057,0.0258,0.00831,0.0902,134.1650807506695,2.0,0.04888642423091702,16145.015734135919,0.0104,0.1958,0,0.8185932882017257,82642.37580285047,0.7278899323025885,0.0,0.09777284846183404,2.6,0.0671,37133.53618851261,2.3,116440.03053658784,3.1357108018333295,0.9804454303076332,100,0.662,90,0.05696
2024,2071,2021,1,1,94,400000,2,0,18.489,75,0,40,0,0.0,0,9120,12000,150,0,0,0,0,0,0.019858218052570226,1,49829.652495466704,847.4614499999999,20,358359.89937000006,5518742.450298001,16.3,1,1,0.18,0.05,0.77,1,7966,312.99772587272656,618585.0,0.6638333333333334,490.95306213690003,1767.43102369284,1290095.637732,80,1,7560.677156908261,1,1,1,1,10,1,1,1,0.2,61.1,0.65,0.00113,-0.002754155947429775,3.91210447011552,8127.452923907725,33.19252593703709,0.1991,56649.56521739131,0.022612374,0.27492305708638226,2.3,0.19826944756041504,0.7756507920884343,0.7789,0.022,0.026079760351150706,20,80,0.743404934273743,139037.28,103361,20,1737.9660000000001,1.4,0.05031739446418797,0.08423110162594143,1,1,1,49836.955963044085,16.3,7.323455416212565,67729.375,0.001,4731.8,9,130294,7.303467577381599,4731800.0,7167197.987400001,1,72470.175,241413181.89999998,47864858.20911498,6295997.929560753,345.0206865399292,187252325.76132426,30690.656192281047,1,59937500.0,-40733.52255142816,1,1,1,1,1,1,0.000455,1,1,1,1,1,2680.2880979068973,997.2563385557067,1226.9341801564083,2.40354609929078,0.7340425531914894,1671.4755497782953,0.5964539007092199,1.5,1035,3389,841,573.1127296269037,14463.705995706412,19.342163762190932,10323.96859041901,1369.480179896913,181249.4485677495,9232860.0,0.1,1.1260470498137116,0.0258,0.00831,0.0902,133.38860564404632,2.0,0.023352729314444237,16051.57709314637,0.0104,0.1958,0,0.831937266915051,83793.9699837122,0.7479059003725764,0.0,0.046705458628888474,2.6,0.0671,36918.62731423665,2.3,119987.13495185017,3.2500432351010096,0.9906589082742223,100,0.662,90,0.05696
2025,2071,2021,1,1,94,400000,2,0,18.489,75,0,40,0,0.0,0,9160,12000,150,0,0,0,0,0,-0.003851801509684636,1,52260.26897191859,847.4614499999999,20,358359.89937000006,5518742.450298001,16.3,1,1,0.18,0.05,0.77,1,7997,316.9692383936697,618585.0,0.6664166666666667,490.95306213690003,1767.43102369284,1290095.637732,80,1,7560.677156908261,1,1,1,1,10,1,1,1,0.2,61.1,0.65,0.00113,-0.005787460509684636,3.91210447011552,8630.323219314347,-6.5660430675515205,0.1991,59115.65217391305,0.001935659,0.2798278122693565,2.3,0.19816401463019892,0.7752383274508384,0.7789,0.022,0.026597657918962632,20,80,0.7553369858788952,139037.28,105020,20,1737.9660000000001,1.4,0.049047255416244065,0.08259147262675824,1,1,1,52267.52054836491,16.3,7.456134621890768,67729.375,0.001,4731.8,9,135966,7.2515764463253545,4731800.0,7167197.987400001,1,72470.175,256486542.40000004,50826402.94060274,6821941.315572706,373.8423840933843,198838198.14382458,32589.58067577285,1,59937500.0,-63366.74158838408,1,1,1,1,1,1,0.000455,1,1,1,1,1,2733.513843398841,1017.0541501252445,1251.2989066421057,2.40354609929078,0.7340425531914894,1704.6680757153324,0.5964539007092199,1.5,1035,3389,841,320.26612532732594,14903.34155900412,10.258595455790719,10637.77362407111,1392.8129308217087,186758.66615293382,9232860.0,0.1,1.1114489155379739,0.0258,0.00831,0.0902,132.44087971200813,2.0,0.012474328288588077,15937.530651264515,0.0104,0.1958,0,0.8514014459493682,84367.0827133391,0.7771021689240522,0.0,0.024948656577176154,2.6,0.0671,36656.32049790838,2.3,123634.23699324219,3.372794522578904,0.9950102686845648,100,0.662,90,0.05696
2026,2071,2021,1,1,94,400000,2,0,18.489,75,0,40,0,0.0,0,9200,12000,150,0,0,0,0,0,0.0017610888326253116,1,53688.52152745195,847.4614499999999,20,358359.89937000006,5518742.450298001,16.3,1,1,0.18,0.05,0.77,1,8373,317.28077829223264,618585.0,0.69775,490.95306213690003,1767.43102369284,1290095.637732,80,1,7560.677156908261,1,1,1,1,10,1,1,1,0.2,61.1,0.65,0.00113,-0.007104999167374688,3.91210447011552,8926.99006755225,2.990508526354349,0.1991,60969.130434782615,0.008866088,0.27902164781812416,2.3,0.19818487104714802,0.7753199199328157,0.7789,0.022,0.026495209020036298,20,80,0.7784962421589375,139037.28,108240,20,1737.9660000000001,1.4,0.04781281150784135,0.08291073467628875,1,1,1,53695.71751095894,16.3,7.477191593750223,67729.375,0.001,4731.8,9,140229,7.195983506988775,4731800.0,7167197.987400001,1,72470.175,265275332.29999998,52573557.523864836,7028525.377148086,385.1631906677151,205673249.39898705,33709.84557649398,1,59937500.0,-83569.39604001917,1,1,1,1,1,1,0.000455,1,1,1,1,1,2722.984890650094,1013.1378081253786,1246.4791516244347,2.40354609929078,0.7340425531914894,1698.1020326477808,0.5964539007092199,1.5,1035,3389,841,214.5247915692392,15354.880352091346,6.510592388729803,10960.074998184498,1413.2455463725469,192417.04701868852,9232860.0,0.1,1.0945902112843717,0.0258,0.00831,0.0902,131.42554492983894,2.0,0.007977963442311609,15815.348367008297,0.0104,0.1958,0,0.8738797182875043,84687.34883866642,0.8108195774312564,0.0,0.015955926884623217,2.6,0.0671,36375.30124411908,2.3,127380.0851263718,3.501829009511386,0.9968088146230754,100,0.662,90,0.05696
2027,2071,2021,1,1,94,400000,2,0,18.489,75,0,40,0,0.0,0,9240,12000,150,0,0,0,0,0,0.0011218463396911174,1,54469.473334215865,847.4614499999999,20,358359.89937000006,5518742.450298001,16.3,1,1,0.18,0.05,0.77,1,8643,314.5294031566952,618585.0,0.72025,490.95306213690003,1767.43102369284,1290095.637732,80,1,7560.677156908261,1,1,1,1,10,1,1,1,0.2,61.1,0.65,0.00113,-0.007666324660308882,3.91210447011552,9088.889004467703,1.908364440792065,0.1991,62266.52173913044,0.008788171,0.2747859575101955,2.3,0.19817537197867197,0.7752827585845685,0.7789,0.022,0.026541869436759558,20,80,0.8080422747050288,139037.28,112348,20,1737.9660000000001,1.4,0.04661367353077158,0.08276502102688318,1,1,1,54476.61248141945,16.3,7.454533457158218,67729.375,0.001,4731.8,9,143213,7.139147203582571,4731800.0,7167197.987400001,1,72470.175,270099283.29999995,53527025.93915019,7168939.91231093,392.8579071946389,209403317.44853884,34321.20372981552,1,59937500.0,-102343.85352906023,1,1,1,1,1,1,0.000455,1,1,1,1,1,2727.780308932425,1014.9215086010269,1248.674312138461,2.40354609929078,0.7340425531914894,1701.0925411741352,0.5964539007092199,1.5,1035,3389,841,172.68887674825055,15818.362813933642,4.964995588631331,11290.901577464412,1431.8594805324133,198225.09791896792,9232860.0,0.1,1.0765128993922313,0.0258,0.00831,0.0902,130.38750167422234,2.0,0.0061324529539252826,15690.433414467188,0.0104,0.1958,0,0.8979828008103582,84901.87363023567,0.8469742012155372,0.0,0.012264905907850565,2.6,0.0671,36087.99685327453,2.3,131225.01482235678,3.6362510048947136,0.9975470188184299,100,0.662,90,0.05696
2028,2071,2021,1,1,94,400000,2,0,18.489,75,0,40,0,0.0,0,9280,12000,150,0,0,0,0,0,0.0008132749136233203,1,55613.674730173865,847.4614499999999,20,358359.89937000006,5518742.450298001,16.3,1,1,0.18,0.05,0.77,1,8859,312.9769326689486,618585.0,0.73825,490.95306213690003,1767.43102369284,1290095.637732,80,1,7560.677156908261,1,1,1,1,10,1,1,1,0.2,61.1,0.65,0.00113,-0.00789833708637668,3.91210447011552,9326.208564703082,1.3850079144144163,0.1991,63823.913043478264,0.008711612,0.2723698267560992,2.3,0.19816931023889067,0.7752590444252736,0.7789,0.022,0.026571645335835746,20,80,0.8367971525334787,139037.28,116346,20,1737.9660000000001,1.4,0.045449109496179814,0.08267230265934462,1,1,1,55620.75681013718,16.3,7.46275622466705,67729.375,0.001,4731.8,9,146795,7.082079963313626,4731800.0,7167197.987400001,1,72470.175,277160310.8999999,54924667.636649475,7364605.4824047685,403.5803804357813,214871037.7809457,35217.363092297,1,59937500.0,-120337.41604764079,1,1,1,1,1,1,0.000455,1,1,1,1,1,2730.840459287482,1016.059760015712,1250.0751328449999,2.40354609929078,0.7340425531914894,1703.0009056149272,0.5964539007092199,1.5,1035,3389,841,156.79906788441394,16293.916607150373,4.272946999188938,11630.344485504826,1449.094974280148,204184.41863596957,9232860.0,0.1,1.0576737652953376,0.0258,0.00831,0.0902,129.34524064865107,2.0,0.005320205097144315,15565.010908381597,0.0104,0.1958,0,0.923101646272883,85074.56250698392,0.8846524694093245,0.0,0.01064041019428863,2.6,0.0671,35799.52508927767,2.3,135170.08513701186,3.775750789987343,0.9978719179611423,100,0.662,90,0.05696
2029,2071,2021,1,1,94,400000,2,0,18.489,75,0,40,0,0.0,0,9320,12000,150,0,0,0,0,0,0.000642810572422511,1,56887.26797083423,847.4614499999999,20,358359.89937000006,5518742.450298001,16.3,1,1,0.18,0.05,0.77,1,9308,311.68645036516415,618585.0,0.7756666666666666,490.95306213690003,1767.43102369284,1290095.637732,80,1,7560.677156908261,1,1,1,1,10,1,1,1,0.2,61.1,0.65,0.00113,-0.007993565427577488,3.91210447011552,9590.397993319977,1.0955972847046604,0.1991,65465.65217391305,0.008636376,0.27050906470172864,2.3,0.1981649108917887,0.7752418337198103,0.7789,0.022,0.02659325538840108,20,80,0.866077069401818,139037.28,120417,20,1737.9660000000001,1.4,0.044318255612357534,0.08260514168829229,1,1,1,56894.29314290394,16.3,7.481873003433595,67729.375,0.001,4731.8,9,150571,7.025172069703121,4731800.0,7167197.987400001,1,72470.175,285017934.29999995,56480553.55312118,7579554.717114418,415.3595984978701,220957826.02976435,36214.98768627838,1,59937500.0,-137186.83423750362,1,1,1,1,1,1,0.000455,1,1,1,1,1,2733.0613833261286,1016.8858533887776,1251.091787590687,2.40354609929078,0.7340425531914894,1704.3859135293417,0.5964539007092199,1.5,1035,3389,841,150.59031616795272,16781.707441405244,3.8924419365087513,11978.522003288754,1465.081026236535,210297.08573189526,9232860.0,0.1,1.0382593946253724,0.0258,0.00831,0.0902,128.30588988842405,2.0,0.0048857008523461865,15439.938614732135,0.0104,0.1958,0,0.9489874738328369,85231.36157486832,0.9234812107492554,0.0,0.009771401704692373,2.6,0.0671,35511.858813883904,2.3,139216.67075451466,3.920286783188206,0.9980457196590615,100,0.662,90,0.05696
2030,2071,2021,1,1,94,400000,2,0,18.489,75,0,40,0,0.0,0,9360,12000,150,0,0,0,0,0,0.0005269495830126439,1,57758.34966589999,847.4614499999999,20,358359.89937000006,5518742.450298001,16.3,1,1,0.18,0.05,0.77,1,9841,308.7722029005323,618585.0,0.8200833333333334,490.95306213690003,1767.43102369284,1290095.637732,80,1,7560.677156908261,1,1,1,1,10,1,1,1,0.2,61.1,0.65,0.00113,-0.008035477416987355,3.91210447011552,9771.081794823265,0.8987027709592356,0.1991,66788.26086956522,0.008562427,0.2667017095770714,2.3,0.19816143083027477,0.7752282193556053,0.7789,0.022,0.026610349814119874,20,80,0.9009238385561052,139037.28,125262,20,1737.9660000000001,1.4,0.043220209997017936,0.08255209189357725,1,1,1,57765.31822985087,16.3,7.472008228470244,67729.375,0.001,4731.8,9,153613,6.968563950885,4731800.0,7167197.987400001,1,72470.175,290392792.7999999,57544651.32404749,7727453.799907228,423.46446823491607,225120687.67604515,36897.2807101038,1,59937500.0,-152762.7160945997,1,1,1,1,1,1,0.000455,1,1,1,1,1,2734.81822407841,1017.5393266628462,1251.8960026188213,2.40354609929078,0.7340425531914894,1705.4815108140463,0.5964539007092199,1.5,1035,3389,841,147.66883288642114,17281.915105260614,3.6231709028267405,12335.562461098301,1479.8006767003194,216565.35219624828,9232860.0,0.1,1.0183374731029882,0.0258,0.00831,0.0902,127.2720141359436,2.0,0.004584660963318499,15315.525166780219,0.0104,0.1958,0,0.9755500358626823,85381.95189103628,0.9633250537940234,0.0,0.009169321926636997,2.6,0.0671,35225.7078835945,2.3,143366.26315391637,4.069932778290189,0.9981661356146726,100,0.662,90,0.05696
2031,2071,2021,1,1,94,400000,2,0,18.489,75,0,40,0,0.0,0,9400,12000,150,0,0,0,0,0,0.00043183716398100674,1,58868.021149813976,847.4614499999999,20,358359.89937000006,5518742.450298001,16.3,1,1,0.18,0.05,0.77,1,10156,306.6728827517581,618585.0,0.8463333333333334,490.95306213690003,1767.43102369284,1290095.637732,80,1,7560.677156908261,1,1,1,1,10,1,1,1,0.2,61.1,0.65,0.00113,-0.008057897836018993,3.91210447011552,10001.278811125625,0.7368783921078533,0.1991,68304.34782608696,0.008489735,0.2639922135746863,2.3,0.1981585761856263,0.7752170516875155,0.7789,0.022,0.026624372126858246,20,80,0.9329152584112693,139037.28,129710,20,1737.9660000000001,1.4,0.042154072094368215,0.08250862674989419,1,1,1,58874.93345354119,16.3,7.478392743475495,67729.375,0.001,4731.8,9,157100,6.912303727213931,4731800.0,7167197.987400001,1,72470.175,297238441.50000006,58900346.35527459,7913786.876903387,433.67552085430555,230424308.26782212,37766.54412509604,1,59937500.0,-167467.57286474883,1,1,1,1,1,1,0.000455,1,1,1,1,1,2736.2593354012038,1018.075361436163,1252.5556886953764,2.40354609929078,0.7340425531914894,1706.3802135850055,0.5964539007092199,1.5,1035,3389,841,145.866147756439,17794.72214026545,3.397514530089417,12701.596154254636,1492.1383694549006,222991.5055171109,9232860.0,0.1,0.9972367124453008,0.0258,0.00831,0.0902,126.24449224867641,2.0,0.004334112748445584,15191.876323547101,0.0104,0.1958,0,1.0027632875546992,85529.62072392271,1.0048357532207237,0.0,0.008668225496891169,2.6,0.0671,34941.31554415833,2.3,147620.37665232742,4.224808778758399,0.9982663549006218,100,0.662,90,0.05696
2032,2071,2021,1,1,94,400000,2,0,18.489,75,0,40,0,0.0,0,9440,12000,150,0,0,0,0,0,0.00034483450570722135,1,60027.30889018756,847.4614499999999,20,358359.89937000006,5518742.450298001,16.3,1,1,0.18,0.05,0.77,1,10566,304.1315322162699,618585.0,0.8805,490.95306213690003,1767.43102369284,1290095.637732,80,1,7560.677156908261,1,1,1,1,10,1,1,1,0.2,61.1,0.65,0.00113,-0.00807343149429278,3.91210447011552,10241.777338067877,0.588672878596277,0.1991,69740.4347826087,0.008418266,0.2614694375371902,2.3,0.19815623556086517,0.7752078949189246,0.7789,0.022,0.026635869520210284,20,80,0.9657553715089938,139037.28,134276,20,1737.9660000000001,1.4,0.04111914286989725,0.08247302226660566,1,1,1,60034.16529853991,16.3,7.50061532514978,67729.375,0.001,4731.8,9,160403,6.856408352351974,4731800.0,7167197.987400001,1,72470.175,304389663.6,60316709.88261411,8107683.362950303,444.30104828967654,235965270.35443562,38674.707811092,1,59937500.0,-181062.81441120763,1,1,1,1,1,1,0.000455,1,1,1,1,1,2737.4409538725204,1018.5148754274841,1253.096588791711,2.40354609929078,0.7340425531914894,1707.1170919771134,0.5964539007092199,1.5,1035,3389,841,145.1322277281297,18320.226235831615,3.1925003024707426,13076.692811941963,1493.2932620134825,229576.7698725766,9232860.0,0.1,0.9693813146863284,0.0258,0.00831,0.0902,125.22363386383495,2.0,0.004105782760169818,15069.029345828514,0.0104,0.1958,0,1.0306186853136716,85675.48687167915,1.0535826992989255,0.0,0.008211565520339636,2.6,0.0671,34658.76749540558,2.3,151979.82165564573,4.385032493604755,0.9983576868959321,100,0.662,90,0.05696
2033,2071,2021,1,1,94,400000,2,0,18.489,75,0,40,0,0.0,0,9480,12000,150,0,0,0,0,0,0.000261630217819768,1,61162.5997105092,847.4614499999999,20,358359.89937000006,5518742.450298001,16.3,1,1,0.18,0.05,0.77,1,10933,302.5963075359259,618585.0,0.9110833333333334,490.95306213690003,1767.43102369284,1290095.637732,80,1,7560.677156908261,1,1,1,1,10,1,1,1,0.2,61.1,0.65,0.00113,-0.008086359782180232,3.91210447011552,10477.303299419975,0.4467874312312728,0.1991,71426.52173913045,0.00834799,0.2588196388241821,2.3,0.1981543656969492,0.7752005798159404,0.7789,0.022,0.026645054487110367,20,80,1.002853335450751,139037.28,139434,20,1737.9660000000001,1.4,0.0401161851796116,0.08244460084781464,1,1,1,61169.400594695784,16.3,7.492044119526908,67729.375,0.001,4731.8,9,164281,6.800884186581553,4731800.0,7167197.987400001,1,72470.175,311392526.5,61703788.57137794,8297070.835471459,454.6794817838359,241391667.0931506,39564.09423656738,1,59937500.0,-193498.8241126677,1,1,1,1,1,1,0.000455,1,1,1,1,1,2738.384917970751,1018.8659916621646,1253.5286997345104,2.40354609929078,0.7340425531914894,1707.7057648557097,0.5964539007092199,1.5,1035,3389,841,143.62502308406246,18857.825005366685,2.9873004544458404,13460.422459971005,1492.002709439284,236313.59655847974,9232860.0,0.1,0.9409323099276938,0.0258,0.00831,0.0902,124.20955514394001,2.0,0.003873247245877731,14946.99821226715,0.0104,0.1958,0,1.0590676900723062,85820.61909940728,1.103368457626536,0.0,0.007746494491755462,2.6,0.0671,34378.09588821444,2.3,156439.6009217136,4.5505603751412105,0.9984507011016489,100,0.662,90,0.05696
2034,2071,2021,1,1,94,400000,2,0,18.489,75,0,40,0,0.0,0,9520,12000,150,0,0,0,0,0,0.00018073639042476448,1,62084.59818490852,847.4614499999999,20,358359.89937000006,5518742.450298001,16.3,1,1,0.18,0.05,0.77,1,11366,298.77264592154404,618585.0,0.9471666666666667,490.95306213690003,1767.43102369284,1290095.637732,80,1,7560.677156908261,1,1,1,1,10,1,1,1,0.2,61.1,0.65,0.00113,-0.008098141609575235,3.91210447011552,10668.580609775225,0.30872532659519053,0.1991,72581.3043478261,0.008278878,0.2552789140019141,2.3,0.19815294651878398,0.7751950278426963,0.7789,0.022,0.02665202563851965,20,80,1.0419363785022262,139037.28,144868,20,1737.9660000000001,1.4,0.03914425368527177,0.08242304280116415,1,1,1,62091.34391296922,16.3,7.50749923623882,67729.375,0.001,4731.8,9,166937,6.745728060697834,4731800.0,7167197.987400001,1,72470.175,317079688.2,62830274.4980873,8450815.979360215,463.1047156689398,245798597.72255248,40286.39016672635,1,59937500.0,-204799.59851797193,1,1,1,1,1,1,0.000455,1,1,1,1,1,2739.101362213314,1019.1324797683103,1253.8566607212651,2.40354609929078,0.7340425531914894,1708.152552286941,0.5964539007092199,1.5,1035,3389,841,142.03598292307188,19407.599544702516,2.796524302377066,13852.842983286406,1488.085957386912,243203.0018133147,9232860.0,0.1,0.9118776412579335,0.0258,0.00831,0.0902,123.20219820747032,2.0,0.0036555393502157862,14825.775957577656,0.0104,0.1958,0,1.0881223587420665,85964.24412249135,1.1542141277986164,0.0,0.0073110787004315725,2.6,0.0671,34099.28470242861,2.3,161000.38720041435,4.721518020257698,0.9985377842599137,100,0.662,90,0.05696
2035,2071,2021,1,1,94,400000,2,0,18.489,75,0,40,0,0.0,0,9560,12000,150,0,0,0,0,0,0.0001007605578873267,1,63419.40132427184,847.4614499999999,20,358359.89937000006,5518742.450298001,16.3,1,1,0.18,0.05,0.77,1,11777,297.4232250913106,618585.0,0.9814166666666667,490.95306213690003,1767.43102369284,1290095.637732,80,1,7560.677156908261,1,1,1,1,10,1,1,1,0.2,61.1,0.65,0.00113,-0.008110140442112673,3.91210447011552,10945.51656129875,0.17214551146123483,0.1991,74347.82608695653,0.008210901,0.25342838956439884,2.3,0.19815196588188166,0.7751911914886873,0.7789,0.022,0.026656842629431063,20,80,1.0757258772611202,139037.28,149566,20,1737.9660000000001,1.4,0.038202432593894727,0.08240815300749761,1,1,1,63426.092267750915,16.3,7.519406432748537,67729.375,0.001,4731.8,9,171000,6.690943479071016,4731800.0,7167197.987400001,1,72470.175,325312080.49999994,64461228.27619993,8671792.935341308,475.21425285670364,252179059.2884587,41332.14781737838,1,59937500.0,-215178.42960500272,1,1,1,1,1,1,0.000455,1,1,1,1,1,2739.5964175065283,1019.3166201936057,1254.083278248234,2.40354609929078,0.7340425531914894,1708.4612776135361,0.5964539007092199,1.5,1035,3389,841,140.49094137764328,19969.618377703,2.6212227314002163,14254.003293157426,1481.3691574348152,250245.84433211773,9232860.0,0.1,0.8822139157751521,0.0258,0.00831,0.0902,122.20162705731899,2.0,0.003454444815974289,14705.370283672562,0.0104,0.1958,0,1.117786084224848,86106.28010541442,1.206125647393484,0.0,0.006908889631948578,2.6,0.0671,33822.351652446894,2.3,165662.74894786195,4.898025739019747,0.9986182220736103,100,0.662,90,0.05696
2036,2071,2021,1,1,94,400000,2,0,18.489,75,0,40,0,0.0,0,9600,12000,150,0,0,0,0,0,2.265683047109404e-05,1,64682.514462359526,847.4614499999999,20,358359.89937000006,5518742.450298001,16.3,1,1,0.18,0.05,0.77,1,12352,295.495797394674,618585.0,1.0293333333333334,490.95306213690003,1767.43102369284,1290095.637732,80,1,7560.677156908261,1,1,1,1,10,1,1,1,0.2,61.1,0.65,0.00113,-0.008121374169528905,3.91210447011552,11207.585187324099,0.03871221780498816,0.1991,75992.17391304349,0.008144031,0.2512500146949806,2.3,0.19815141907788936,0.7751890523343448,0.7789,0.022,0.026659528587765918,20,80,1.1126728025749641,139037.28,154703,20,1737.9660000000001,1.4,0.037289832671477556,0.08239985278151402,1,1,1,64689.15099675463,16.3,7.532860935336591,67729.375,0.001,4731.8,9,174782,6.636534395102722,4731800.0,7167197.987400001,1,72470.175,333101950.5,66004624.189187855,8880340.971995337,486.6426852653444,258216985.33881682,42321.76389703208,1,59937500.0,-224222.5123372518,1,1,1,1,1,1,0.000455,1,1,1,1,1,2739.8724607699423,1019.4192970554063,1254.2096403789874,2.40354609929078,0.7340425531914894,1708.6334231249973,0.5964539007092199,1.5,1035,3389,841,139.00062255734315,20543.937720213034,2.4600780815974335,14663.943515580628,1471.6763177061569,257442.82857409812,9232860.0,0.1,0.8519399471224358,0.0258,0.00831,0.0902,121.2079138973706,2.0,0.003268656151519944,14585.789879346643,0.0104,0.1958,0,1.1480600528775642,86246.77104679207,1.2591050925357374,0.0,0.006537312303039888,2.6,0.0671,33547.31672249728,2.3,170427.15251605297,5.080202208892679,0.998692537539392,100,0.662,90,0.05696
2037,2071,2021,1,1,94,400000,2,0,18.489,75,0,40,0,0.0,0,9640,12000,150,0,0,0,0,0,-5.35086474957782e-05,1,65763.02212772853,847.4614499999999,20,358359.89937000006,5518742.450298001,16.3,1,1,0.18,0.05,0.77,1,12836,293.3144638078485,618585.0,1.0696666666666668,490.95306213690003,1767.43102369284,1290095.637732,80,1,7560.677156908261,1,1,1,1,10,1,1,1,0.2,61.1,0.65,0.00113,-0.008131750647495778,3.91210447011552,11431.773465865797,-0.09142873497591662,0.1991,77586.95652173914,0.008078242,0.24835494072623468,2.3,0.19815129611217816,0.7751885712796363,0.7789,0.022,0.02666013260818557,20,80,1.1531943087494232,139037.28,160337,20,1737.9660000000001,1.4,0.03640559011948797,0.08239798645045117,1,1,1,65769.60463185834,16.3,7.525613897450268,67729.375,0.001,4731.8,9,178450,6.582504129806546,4731800.0,7167197.987400001,1,72470.175,339765287.4000001,67324932.07223673,9058187.617742285,496.3886814522772,263382167.71002108,43168.33728767245,1,59937500.0,-232003.53634049717,1,1,1,1,1,1,0.000455,1,1,1,1,1,2739.9345375957982,1019.4423871087212,1254.2380567941846,2.40354609929078,0.7340425531914894,1708.6721353428022,0.5964539007092199,1.5,1035,3389,841,137.55971356280855,21130.60102789565,2.311641418246417,15082.694668533031,1458.8275159017671,264794.49909643666,9232860.0,0.1,0.8210554105619059,0.0258,0.00831,0.0902,120.22111938174152,2.0,0.003096642157864593,14467.04204353087,0.0104,0.1958,0,1.178944589438094,86385.77166934941,1.3131530315166648,0.0,0.006193284315729186,2.6,0.0671,33274.196700121,2.3,175293.95840184108,5.268164998291413,0.9987613431368542,100,0.662,90,0.05696
2038,2071,2021,1,1,94,400000,2,0,18.489,75,0,40,0,0.0,0,9680,12000,150,0,0,0,0,0,-0.00012783034258157487,1,66802.23113049174,847.4614499999999,20,358359.89937000006,5518742.450298001,16.3,1,1,0.18,0.05,0.77,1,12983,290.5262835354583,618585.0,1.0819166666666666,490.95306213690003,1767.43102369284,1290095.637732,80,1,7560.677156908261,1,1,1,1,10,1,1,1,0.2,61.1,0.65,0.00113,-0.008141337342581574,3.91210447011552,11647.40095338251,-0.2184084570539477,0.1991,79029.56521739131,0.008013507,0.24532474716129604,2.3,0.19815158652693757,0.7751897074125148,0.7789,0.022,0.026658706060547648,20,80,1.197599665355939,139037.28,166511,20,1737.9660000000001,1.4,0.03554886584375472,0.08240239440124986,1,1,1,66808.75998580907,16.3,7.527587914264336,67729.375,0.001,4731.8,9,181768,6.528855317333156,4731800.0,7167197.987400001,1,72470.175,346173473.79999995,68594823.04701124,9228536.883992892,505.72382124281046,268350113.86899582,43982.58366312841,1,59937500.0,-238704.10670863884,1,1,1,1,1,1,0.000455,1,1,1,1,1,2739.7879274044644,1019.3878540831079,1254.170944212128,2.40354609929078,0.7340425531914894,1708.5807066078264,0.5964539007092199,1.5,1035,3389,841,135.64306404369708,21729.638391141747,2.1746306466402117,15510.278230068092,1447.407417676157,272301.2329717011,9232860.0,0.1,0.7921705009210558,0.0258,0.00831,0.0902,119.24129161986488,2.0,0.0029370419840554773,14349.132565567375,0.0104,0.1958,0,1.210439332105259,86523.33138291222,1.3630491651315737,0.0,0.005874083968110955,2.6,0.0671,33003.00490080496,2.3,180263.4162272661,5.462030405081975,0.9988251832063778,100,0.662,90,0.05696
2039,2071,2021,1,1,94,400000,2,0,18.489,75,0,40,0,0.0,0,9720,12000,150,0,0,0,0,0,-0.00020041226465413071,1,67927.51944136593,847.4614499999999,20,358359.89937000006,5518742.450298001,16.3,1,1,0.18,0.05,0.77,1,13665,288.0818827047279,618585.0,1.13875,490.95306213690003,1767.43102369284,1290095.637732,80,1,7560.677156908261,1,1,1,1,10,1,1,1,0.2,61.1,0.65,0.00113,-0.00815021326465413,3.91210447011552,11880.897129093924,-0.34237675702213155,0.1991,80572.60869565218,0.007949801,0.24262601192926417,2.3,0.19815228028081625,0.7751924214501646,0.7789,0.022,0.026655298269019145,20,80,1.2394373652879285,139037.28,172328,20,1737.9660000000001,1.4,0.034718253446427115,0.08241292619180912,1,1,1,67933.99503135252,16.3,7.531416977395494,67729.375,0.001,4731.8,9,185317,6.475589986590339,4731800.0,7167197.987400001,1,72470.175,353111998.8000002,69969947.75673689,9412305.650383536,515.7943496410178,273729745.3928798,44864.305269893,1,59937500.0,-244365.52172282978,1,1,1,1,1,1,0.000455,1,1,1,1,1,2739.437699375104,1019.2575835069501,1254.0106231106734,2.40354609929078,0.7340425531914894,1708.3622981507724,0.5964539007092199,1.5,1035,3389,841,133.39649237212222,22341.446443925983,2.057224453363902,15946.977311353681,1442.8871210609623,279968.0005504509,9232860.0,0.1,0.768071129687587,0.0258,0.00831,0.0902,118.26846766717739,2.0,0.0028013284384661996,14232.06590459415,0.0104,0.1958,0,1.2425718270832173,86658.97444695592,1.4032147838540219,0.0,0.005602656876932399,2.6,0.0671,32733.751580566543,2.3,185338.8163643985,5.662009620505304,0.9988794686246135,100,0.662,90,0.05696
2040,2071,2021,1,1,94,400000,2,0,18.489,75,0,40,0,0.0,0,9760,12000,150,0,0,0,0,0,-0.0002713486336227769,1,69172.87700875371,847.4614499999999,20,358359.89937000006,5518742.450298001,16.3,1,1,0.18,0.05,0.77,1,14201,286.08636013877464,618585.0,1.1834166666666666,490.95306213690003,1767.43102369284,1290095.637732,80,1,7560.677156908261,1,1,1,1,10,1,1,1,0.2,61.1,0.65,0.00113,-0.008158448633622776,3.91210447011552,12139.314816598635,-0.4634688718706769,0.1991,82256.08695652174,0.0078871,0.24034603725545425,2.3,0.1981533678083156,0.7751966759713563,0.7789,0.022,0.02664995622032802,20,80,1.2801314870371456,139037.28,177986,20,1737.9660000000001,1.4,0.03391180799544277,0.0824294412292125,1,1,1,69179.29972262464,16.3,7.537696166267596,67729.375,0.001,4731.8,9,189189,6.422713870928053,4731800.0,7167197.987400001,1,72470.175,360790447.6,71491842.26500963,9615049.63325255,526.9047199022397,279683555.7017378,45840.13477951483,1,59937500.0,-248901.70169147727,1,1,1,1,1,1,0.000455,1,1,1,1,1,2738.8886824618926,1019.0533715547122,1253.7593040017955,2.40354609929078,0.7340425531914894,1708.0199213937503,0.5964539007092199,1.5,1035,3389,841,132.39668985662018,22966.867472965918,1.9645816741912023,16393.393123560632,1435.7416468807328,287805.35680408415,9232860.0,0.1,0.7434553739842693,0.0258,0.00831,0.0902,117.3027522360706,2.0,0.0026972003589470495,14115.854661380337,0.0104,0.1958,0,1.2753928346876409,86792.37093932804,1.4442410433595512,0.0,0.005394400717894099,2.6,0.0671,32466.465721174773,2.3,190527.14620430372,5.8684289149478035,0.9989211198564212,100,0.662,90,0.05696
2041,2071,2021,1,1,94,400000,2,0,18.489,75,0,40,0,0.0,0,9800,12000,150,0,0,0,0,0,-0.00034007145257509974,1,70682.48561063991,847.4614499999999,20,358359.89937000006,5518742.450298001,16.3,1,1,0.18,0.05,0.77,1,14719,285.138273355658,618585.0,1.2265833333333334,490.95306213690003,1767.43102369284,1290095.637732,80,1,7560.677156908261,1,1,1,1,10,1,1,1,0.2,61.1,0.65,0.00113,-0.0081654514525751,3.91210447011552,12452.57041798298,-0.5806912031631,0.1991,84266.95652173914,0.00782538,0.23894186463335543,2.3,0.1981548399735048,0.7752024352353737,0.7789,0.022,0.026642724791121526,20,80,1.3239902276569278,139037.28,184084,20,1737.9660000000001,1.4,0.033128861459484314,0.08245180786708271,1,1,1,70688.85584564324,16.3,7.5476363936557735,67729.375,0.001,4731.8,9,193814,6.3702350033223984,4731800.0,7167197.987400001,1,72470.175,370097912.8,73336692.68541214,9860416.836498894,540.3508426401394,286900803.278089,47023.04165727879,1,59937500.0,-252192.57696885263,1,1,1,1,1,1,0.000455,1,1,1,1,1,2738.145488760262,1018.7769337382276,1253.4190981277627,2.40354609929078,0.7340425531914894,1707.5564525218797,0.5964539007092199,1.5,1035,3389,841,131.21192407981988,23606.002909469542,1.8738277793857179,16849.598066709084,1425.8316305777664,295814.57280037017,9232860.0,0.1,0.718333564797613,0.0258,0.00831,0.0902,116.34429203870138,2.0,0.002593796584031416,14000.516490818458,0.0104,0.1958,0,1.3088885802698493,86924.76762918466,1.4861107253373118,0.0,0.005187593168062832,2.6,0.0671,32201.18792888245,2.3,195829.24719384505,6.081429282247021,0.9989624813663874,100,0.662,90,0.05696
2042,2071,2021,1,1,94,400000,2,0,18.489,75,0,40,0,0.0,0,9840,12000,150,0,0,0,0,0,-0.0004062054614783362,1,71799.94373619872,847.4614499999999,20,358359.89937000006,5518742.450298001,16.3,1,1,0.18,0.05,0.77,1,15384,282.0431919651664,618585.0,1.282,490.95306213690003,1767.43102369284,1290095.637732,80,1,7560.677156908261,1,1,1,1,10,1,1,1,0.2,61.1,0.65,0.00113,-0.008170824461478337,3.91210447011552,12684.469065786878,-0.6933828768588036,0.1991,85659.13043478261,0.007764619,0.23618650441673714,2.3,0.19815668448438103,0.7752096511546177,0.7789,0.022,0.02663366436100125,20,80,1.3693953161339174,139037.28,190397,20,1737.9660000000001,1.4,0.03236876078900025,0.08247984869823122,1,1,1,71806.2618871408,16.3,7.563169996345476,67729.375,0.001,4731.8,9,197016,6.31815094208441,4731800.0,7167197.987400001,1,72470.175,376986571.50000006,74702409.10357407,10040533.813935602,550.221253003671,292243628.5824904,47898.730724670175,1,59937500.0,-253973.8961232094,1,1,1,1,1,1,0.000455,1,1,1,1,1,2737.214323646538,1018.4305782049935,1252.9928460743772,2.40354609929078,0.7340425531914894,1706.9757613187166,0.5964539007092199,1.5,1035,3389,841,130.07847082764349,24258.945380041932,1.788268970510075,17315.65825623043,1412.9847019659337,303996.8092737084,9232860.0,0.1,0.692701159179542,0.0258,0.00831,0.0902,115.39304248070647,2.0,0.0024957698779909387,13886.046026559143,0.0104,0.1958,0,1.343065121093944,87055.97955326448,1.52883140136743,0.0,0.0049915397559818775,2.6,0.0671,31937.905861086027,2.3,201245.88773919496,6.301161028356533,0.9990016920488036,100,0.662,90,0.05696
2043,2071,2021,1,1,94,400000,2,0,18.489,75,0,40,0,0.0,0,9880,12000,150,0,0,0,0,0,-0.00047136509626393916,1,72919.99686939304,847.4614499999999,20,358359.89937000006,5518742.450298001,16.3,1,1,0.18,0.05,0.77,1,15953,279.64664538246376,618585.0,1.3294166666666667,490.95306213690003,1767.43102369284,1290095.637732,80,1,7560.677156908261,1,1,1,1,10,1,1,1,0.2,61.1,0.65,0.00113,-0.00817616009626394,3.91210447011552,12916.915492091122,-0.8042819575677094,0.1991,87267.39130434784,0.007704795,0.23345374603866229,2.3,0.19815888694973746,0.7752182674291839,0.7789,0.022,0.026622845621078632,20,80,1.4159583674249094,139037.28,196871,20,1737.9660000000001,1.4,0.03163087095290466,0.08251335625929794,1,1,1,72926.26333016319,16.3,7.559746406596419,67729.375,0.001,4731.8,9,200715,6.266460770137271,4731800.0,7167197.987400001,1,72470.175,383890688.50000006,76071351.5435284,10220262.535305088,560.0703869347188,297599074.42116654,48776.4882976292,1,59937500.0,-254637.80923606857,1,1,1,1,1,1,0.000455,1,1,1,1,1,2736.1024522390353,1018.0170072834061,1252.4838735371084,2.40354609929078,0.7340425531914894,1706.2823784418579,0.5964539007092199,1.5,1035,3389,841,128.94770603427014,24925.77587173897,1.7069466842806653,17791.63149942671,1397.0289042256036,312353.0810994858,9232860.0,0.1,0.6665566678991093,0.0258,0.00831,0.0902,114.44898681283674,2.0,0.002401924356812135,13772.441253048946,0.0104,0.1958,0,1.3779244428011876,87186.05802409213,1.5724055535014847,0.0,0.00480384871362427,2.6,0.0671,31676.614882012575,2.3,206777.7396878596,6.52777263157868,0.9990392302572751,100,0.662,90,0.05696
2044,2071,2021,1,1,94,400000,2,0,18.489,75,0,40,0,0.0,0,9920,12000,150,0,0,0,0,0,-0.0005353332742956771,1,73961.88427821161,847.4614499999999,20,358359.89937000006,5518742.450298001,16.3,1,1,0.18,0.05,0.77,1,16363,277.2481885528035,618585.0,1.3635833333333334,490.95306213690003,1767.43102369284,1290095.637732,80,1,7560.677156908261,1,1,1,1,10,1,1,1,0.2,61.1,0.65,0.00113,-0.008181218274295677,3.91210447011552,13133.15295826693,-0.9129991736304938,0.1991,88883.47826086957,0.007645885,0.2304939655641078,2.3,0.19816144167557143,0.7752282617835389,0.7789,0.022,0.026610296540889634,20,80,1.469188695290932,139037.28,204272,20,1737.9660000000001,1.4,0.030914573914790435,0.0825522571126175,1,1,1,73968.0994413535,16.3,7.546451142678251,67729.375,0.001,4731.8,9,204432,6.215163141878778,4731800.0,7167197.987400001,1,72470.175,390312233.3,77344834.85433999,10386324.271649897,569.1705700864144,302581074.1740101,49593.038057120255,1,59937500.0,-254181.7209059054,1,1,1,1,1,1,0.000455,1,1,1,1,1,2734.812749043247,1017.5372901725448,1251.8934963554896,2.40354609929078,0.7340425531914894,1705.47809648429,0.5964539007092199,1.5,1035,3389,841,127.5649899435843,25606.56349920669,1.6297847244153048,18277.567129258307,1377.786869523549,320884.25437602366,9232860.0,0.1,0.6398985327735667,0.0258,0.00831,0.0902,113.51210045936844,2.0,0.0023122745813825007,13659.69921292039,0.0104,0.1958,0,1.4134686229685778,87315.0057301264,1.613468622968578,0.0,0.0046245491627650015,2.6,0.0671,31417.308189716896,2.3,212425.37639692766,6.761412375438835,0.999075090167447,100,0.662,90,0.05696
2045,2071,2021,1,1,94,400000,2,0,18.489,75,0,40,0,0.0,0,9960,12000,150,0,0,0,0,0,-0.0005981917031885062,1,75456.89915171737,847.4614499999999,20,358359.89937000006,5518742.450298001,16.3,1,1,0.18,0.05,0.77,1,17171,275.178348438927,618585.0,1.4309166666666666,490.95306213690003,1767.43102369284,1290095.637732,80,1,7560.677156908261,1,1,1,1,10,1,1,1,0.2,61.1,0.65,0.00113,-0.008186060703188506,3.91210447011552,13443.420039304632,-1.0196566987559452,0.1991,90615.21739130435,0.007587869,0.22894099213870672,2.3,0.19816434173139555,0.775239607104892,0.7789,0.022,0.02659605116371242,20,80,1.5158955928942224,139037.28,210766,20,1737.9660000000001,1.4,0.0302192683152369,0.0825964607870954,1,1,1,75463.0634084056,16.3,7.57699637742005,67729.375,0.001,4731.8,9,208415,6.164256688219374,4731800.0,7167197.987400001,1,72470.175,399527404.0999999,79172085.03712974,10625851.280748805,582.2966501850345,309729467.78212136,50764.65976948969,1,59937500.0,-252683.79646455188,1,1,1,1,1,1,0.000455,1,1,1,1,1,2733.3487127797166,1016.9927282540885,1251.2233161110162,2.40354609929078,0.7340425531914894,1704.5650973106597,0.5964539007092199,1.5,1035,3389,841,126.14450180726988,26301.364801716554,1.5610467218550568,18773.505502578628,1355.0700852666323,329591.0376154956,9232860.0,0.1,0.6127225218702426,0.0258,0.00831,0.0902,112.58235841561098,2.0,0.0022330419488536535,13547.816897185437,0.0104,0.1958,0,1.4497033041730099,87442.57072006998,1.64970330417301,0.0,0.004466083897707307,2.6,0.0671,31159.978863526503,2.3,218189.26690145812,7.002227692678375,0.9991067832204585,100,0.662,90,0.05696
2046,2071,2021,1,1,94,400000,2,0,18.489,75,0,40,0,0.0,0,10000,12000,150,0,0,0,0,0,-0.0006599606316006167,1,76492.4089370888,847.4614499999999,20,358359.89937000006,5518742.450298001,16.3,1,1,0.18,0.05,0.77,1,17956,272.42289071456514,618585.0,1.4963333333333333,490.95306213690003,1767.43102369284,1290095.637732,80,1,7560.677156908261,1,1,1,1,10,1,1,1,0.2,61.1,0.65,0.00113,-0.008190686631600616,3.91210447011552,13658.354435685165,-1.1242729249465828,0.1991,92126.95652173914,0.007530726,0.22599200055202873,2.3,0.19816758057479567,0.7752522777986356,0.7789,0.022,0.02658014162656871,20,80,1.5670473415475332,139037.28,217878,20,1737.9660000000001,1.4,0.0295443696560656,0.08264588437201156,1,1,1,76498.5226790802,16.3,7.571693126687176,67729.375,0.001,4731.8,9,211892,6.113741991398715,4731800.0,7167197.987400001,1,72470.175,405908443.5999997,80437894.20309284,10789103.918308072,591.2428947232823,314681445.4785988,51576.28891394234,1,59937500.0,-249690.9080561463,1,1,1,1,1,1,0.000455,1,1,1,1,1,2731.7136462578114,1016.3845500387314,1250.4748447044826,2.40354609929078,0.7340425531914894,1703.5454406119038,0.5964539007092199,1.5,1035,3389,841,125.22526369502413,27010.222566592038,1.5011560405529834,19279.477160314313,1328.6909341890873,338473.9669999002,9232860.0,0.1,0.5850273639097693,0.0258,0.00831,0.0902,111.65977131543588,2.0,0.0021651122950741564,13436.795585491682,0.0104,0.1958,0,1.486630181453641,87568.71522187725,1.686630181453641,0.0,0.004330224590148313,2.6,0.0671,30904.629846630865,2.3,224069.76615393392,7.250362397670372,0.9991339550819703,100,0.662,90,0.05696
2047,2071,2021,1,1,94,400000,2,0,18.489,75,0,40,0,0.0,0,10040,12000,150,0,0,0,0,0,-0.0007203360354391354,1,77743.37005004482,847.4614499999999,20,358359.89937000006,5518742.450298001,16.3,1,1,0.18,0.05,0.77,1,18387,270.36066164133115,618585.0,1.53225,490.95306213690003,1767.43102369284,1290095.637732,80,1,7560.677156908261,1,1,1,1,10,1,1,1,0.2,61.1,0.65,0.00113,-0.008194775035439136,3.91210447011552,13918.003795481538,-1.2263153145792862,0.1991,93878.26086956523,0.007474439,0.22370042506073745,2.3,0.1981711517217781,0.7752662484987091,0.7789,0.022,0.026562599779512808,20,80,1.6184580135629811,139037.28,225026,20,1737.9660000000001,1.4,0.028889309354148705,0.08270044739696,1,1,1,77749.43366986627,16.3,7.5715612263801395,67729.375,0.001,4731.8,9,215920,6.063619821448643,4731800.0,7167197.987400001,1,72470.175,413617429.49999994,81967042.37621635,10986754.241639353,602.0741324418366,320663632.8821442,52556.769429383436,1,59937500.0,-245662.56037706608,1,1,1,1,1,1,0.000455,1,1,1,1,1,2729.9108227944753,1015.7139730671852,1249.6495805361708,2.40354609929078,0.7340425531914894,1702.4211676869572,0.5964539007092199,1.5,1035,3389,841,124.12179024771329,27733.165586561292,1.4414782063269131,19795.502654267304,1298.4742877870642,347533.403340367,9232860.0,0.1,0.5568193008634376,0.0258,0.00831,0.0902,110.7443532225016,2.0,0.0020962245926001155,13326.6369702168,0.0104,0.1958,0,1.5242409321820833,87693.94048557228,1.7242409321820833,0.0,0.004192449185200231,2.6,0.0671,30651.265031498635,2.3,230067.11301132297,7.505958164365991,0.99916151016296,100,0.662,90,0.05696
2048,2071,2021,1,1,94,400000,2,0,18.489,75,0,40,0,0.0,0,10080,12000,150,0,0,0,0,0,-0.0007792942055741313,1,78808.66000835251,847.4614499999999,20,358359.89937000006,5518742.450298001,16.3,1,1,0.18,0.05,0.77,1,19082,267.50496017459284,618585.0,1.5901666666666667,490.95306213690003,1767.43102369284,1290095.637732,80,1,7560.677156908261,1,1,1,1,10,1,1,1,0.2,61.1,0.65,0.00113,-0.008198280205574131,3.91210447011552,14139.138353168215,-1.325731291006334,0.1991,95356.52173913045,0.007418986,0.22089514672287397,2.3,0.19817504699679364,0.7752814872215097,0.7789,0.022,0.02654346578169668,20,80,1.6770753858245788,139037.28,233176,20,1737.9660000000001,1.4,0.02825353303470179,0.08276004493586309,1,1,1,78814.67389536584,16.3,7.572469451030459,67729.375,0.001,4731.8,9,219320,6.0138870133162845,4731800.0,7167197.987400001,1,72470.175,420180882.00000006,83269366.03750421,11153056.86349013,611.1875161192592,325758459.0990057,53391.81144632703,1,59937500.0,-240383.30170719983,1,1,1,1,1,1,0.000455,1,1,1,1,1,2727.9443696552808,1014.9825325143049,1248.7494129116392,2.40354609929078,0.7340425531914894,1701.194852372378,0.5964539007092199,1.5,1035,3389,841,123.1082338054956,28470.20933672376,1.3852101425131476,20321.59303032312,1264.2227924746203,356769.5405604481,9232860.0,0.1,0.528096545525581,0.0258,0.00831,0.0902,109.83604633111719,2.0,0.0020310569141465673,13217.334095200626,0.0104,0.1958,0,1.5625379392992254,87818.06227581999,1.7625379392992253,0.0,0.004062113828293135,2.6,0.0671,30399.868418961436,2.3,236181.43585101663,7.769159806747789,0.9991875772343414,100,0.662,90,0.05696
2049,2071,2021,1,1,94,400000,2,0,18.489,75,0,40,0,0.0,0,10120,12000,150,0,0,0,0,0,-0.0008374848110217718,1,80245.74537261842,847.4614499999999,20,358359.89937000006,5518742.450298001,16.3,1,1,0.18,0.05,0.77,1,19688,265.4801237806794,618585.0,1.6406666666666667,490.95306213690003,1767.43102369284,1290095.637732,80,1,7560.677156908261,1,1,1,1,10,1,1,1,0.2,61.1,0.65,0.00113,-0.008201834811021772,3.91210447011552,14437.429739639509,-1.4236145696305778,0.1991,97133.04347826088,0.00736435,0.21914147110867216,2.3,0.19817925805728825,0.7752979613300945,0.7789,0.022,0.026522780612617147,20,80,1.72775963396292,139037.28,240223,20,1737.9660000000001,1.4,0.027636501814792706,0.0828245706790422,1,1,1,80251.70991450126,16.3,7.590644387348592,67729.375,0.001,4731.8,9,223406,5.96454188285047,4731800.0,7167197.987400001,1,72470.175,429036261.4999999,85026087.98374268,11379234.638621937,623.5820581964822,332630938.87763524,54518.21088204442,1,59937500.0,-234038.802811834,1,1,1,1,1,1,0.000455,1,1,1,1,1,2725.8184984148797,1014.1917949144919,1247.776269729943,2.40354609929078,0.7340425531914894,1699.8691210813715,0.5964539007092199,1.5,1035,3389,841,122.03961355411207,29221.353896814006,1.3308655020527234,20857.748345395055,1227.6093556475673,366182.3796593233,9232860.0,0.1,0.4996204736192588,0.0258,0.00831,0.0902,108.9348198823899,2.0,0.0019675182534190094,13108.883259012022,0.0104,0.1958,0,1.6015181055229648,87941.17050962549,1.8011385791422236,0.0,0.003935036506838019,2.6,0.0671,30150.431495727647,2.3,242412.73533447203,8.040108327100466,0.9992129926986324,100,0.662,90,0.05696
2050,2071,2021,1,1,94,400000,2,0,18.489,75,0,40,0,0.0,0,10160,12000,150,0,0,0,0,0,-0.0008946844632300123,1,81483.08265637986,847.4614499999999,20,358359.89937000006,5518742.450298001,16.3,1,1,0.18,0.05,0.77,1,20458,263.29051101447374,618585.0,1.7048333333333334,490.95306213690003,1767.43102369284,1290095.637732,80,1,7560.677156908261,1,1,1,1,10,1,1,1,0.2,61.1,0.65,0.00113,-0.008205197463230013,3.91210447011552,14694.285913961256,-1.5195728063188831,0.1991,98856.52173913045,0.007310513,0.2168408952481195,2.3,0.19818378003479184,0.7753156517785001,0.7789,0.022,0.02650056818670802,20,80,1.7868373144238725,139037.28,248437,20,1737.9660000000001,1.4,0.027037557047412446,0.08289397270817742,1,1,1,81488.99823846346,16.3,7.5908255266745845,67729.375,0.001,4731.8,9,227370,5.915582083607417,4731800.0,7167197.987400001,1,72470.175,436659278.00000006,86538786.30130303,11571718.970997695,634.1301996106737,338548772.72769934,55488.14385006992,1,59937500.0,-226257.26789733273,1,1,1,1,1,1,0.000455,1,1,1,1,1,2723.535666824855,1013.3426744513292,1246.7312760564907,2.40354609929078,0.7340425531914894,1698.4455065117409,0.5964539007092199,1.5,1035,3389,841,120.41232635373068,29986.73284639791,1.2794019465589825,21404.063946501563,1234.7569768415035,375773.5945663898,9232860.0,0.1,0.48970293780939655,0.0258,0.00831,0.0902,108.0406310214893,2.0,0.0019070901244763738,13001.279304631686,0.0104,0.1958,0,1.6411882487624139,88063.2101231796,1.8308911865718103,0.0,0.0038141802489527477,2.6,0.0671,29902.942400652875,2.3,248762.11960295006,8.318984676154104,0.9992371639502095,100,0.662,90,0.05696
2051,2071,2021,1,1,94,400000,2,0,18.489,75,0,40,0,0.0,0,10200,12000,150,0,0,0,0,0,-0.0009510190581235121,1,82803.54192528951,847.4614499999999,20,358359.89937000006,5518742.450298001,16.3,1,1,0.18,0.05,0.77,1,21251,260.97208173754643,618585.0,1.7709166666666667,490.95306213690003,1767.43102369284,1290095.637732,80,1,7560.677156908261,1,1,1,1,10,1,1,1,0.2,61.1,0.65,0.00113,-0.008208476058123512,3.91210447011552,14968.401590833846,-1.6138089031778917,0.1991,100547.39130434784,0.007257457,0.2147444767518971,2.3,0.19818860681459013,0.7753345346453252,0.7789,0.022,0.026476858540084604,20,80,1.8413694514161958,139037.28,256019,20,1737.9660000000001,1.4,0.026452898172467786,0.08296818120483924,1,1,1,82809.40893101388,16.3,7.6022105085639895,67729.375,0.001,4731.8,9,231259,5.867005724378323,4731800.0,7167197.987400001,1,72470.175,444794138.7999999,88153130.6880674,11776751.492466355,645.3659817871562,344864256.6194661,56523.251659930494,1,59937500.0,-217238.44465886927,1,1,1,1,1,1,0.000455,1,1,1,1,1,2721.098961778694,1012.4363193235887,1245.61584495398,2.40354609929078,0.7340425531914894,1696.925933705422,0.5964539007092199,1.5,1035,3389,841,119.77937229385371,30770.16343136159,1.239892682105113,21963.26452444055,1240.769107349557,385591.02044312767,9232860.0,0.1,0.4795584414871216,0.0258,0.00831,0.0902,107.15344520787663,2.0,0.0018634994969934926,12894.518075556754,0.0104,0.1958,0,1.6817662340515136,88183.62244953333,1.8613246755386352,0.0,0.003726998993986985,2.6,0.0671,29657.391573780533,2.3,255261.25553335052,8.607002908476332,0.9992546002012026,100,0.662,90,0.05696
2052,2071,2021,1,1,94,400000,2,0,18.489,75,0,40,0,0.0,0,10240,12000,150,0,0,0,0,0,-0.0010064281495770844,1,83851.0382603139,847.4614499999999,20,358359.89937000006,5518742.450298001,16.3,1,1,0.18,0.05,0.77,1,22106,257.812666438395,618585.0,1.8421666666666667,490.95306213690003,1767.43102369284,1290095.637732,80,1,7560.677156908261,1,1,1,1,10,1,1,1,0.2,61.1,0.65,0.00113,-0.008211594149577084,3.91210447011552,15185.889361117064,-1.7062098447203178,0.1991,101919.56521739131,0.007205166,0.21193841933722526,2.3,0.19819373292646825,0.775354588530518,0.7789,0.022,0.026451678543013744,20,80,1.9051940601829955,139037.28,264893,20,1737.9660000000001,1.4,0.025882200853323843,0.083047137350718,1,1,1,83856.85707537188,16.3,7.608634259753006,67729.375,0.001,4731.8,9,234415,5.818815057979097,4731800.0,7167197.987400001,1,72470.175,451245234.00000024,89433977.39173771,11936193.873835022,654.1034242861591,349875062.7344275,57344.522782172666,1,59937500.0,-206899.2107278554,1,1,1,1,1,1,0.000455,1,1,1,1,1,2718.5111448070024,1011.473756708289,1244.4312405463281,2.40354609929078,0.7340425531914894,1695.3121248022442,0.5964539007092199,1.5,1035,3389,841,118.60170416613984,31571.967338900387,1.1959756602295681,22535.579694533404,1245.5695923293224,395638.68845739827,9232860.0,0.1,0.4691878138602048,0.0258,0.00831,0.0902,106.27330358638746,2.0,0.001812380923260637,12788.604523030983,0.0104,0.1958,0,1.7232487445591809,88303.40182182718,1.8924365584193856,0.0,0.003624761846521274,2.6,0.0671,29413.79040297126,2.3,261912.81175879767,8.904422319278522,0.9992750476306957,100,0.662,90,0.05696
2053,2071,2021,1,1,94,400000,2,0,18.489,75,0,40,0,0.0,0,10280,12000,150,0,0,0,0,0,-0.0010602204259551416,1,85331.61690659363,847.4614499999999,20,358359.89937000006,5518742.450298001,16.3,1,1,0.18,0.05,0.77,1,23158,255.93300662671672,618585.0,1.9298333333333333,490.95306213690003,1767.43102369284,1290095.637732,80,1,7560.677156908261,1,1,1,1,10,1,1,1,0.2,61.1,0.65,0.00113,-0.008213843425955141,3.91210447011552,15493.254648797683,-1.7955955845564133,0.1991,103807.39130434784,0.007153623,0.2102174841604393,2.3,0.19819915254122833,0.7753757906296472,0.7789,0.022,0.02642505682912449,20,80,1.9624664694246032,139037.28,272856,20,1737.9660000000001,1.4,0.02532514694447717,0.08313077783746241,1,1,1,85337.3879114674,16.3,7.621255921292363,67729.375,0.001,4731.8,9,238757,5.7710048737726956,4731800.0,7167197.987400001,1,72470.175,460365934.60000014,91244138.09657057,12165195.983998012,666.652739923091,356956600.5194316,58505.186825134835,1,59937500.0,-195512.5286524835,1,1,1,1,1,1,0.000455,1,1,1,1,1,2715.7751586659297,1010.4560811909771,1243.1788099156292,2.40354609929078,0.7340425531914894,1693.605914957524,0.5964539007092199,1.5,1035,3389,841,117.75478669846775,32392.46752638875,1.1566571989024914,23121.239978735626,1249.059585405382,405920.6456940946,9232860.0,0.1,0.4585846309706609,0.0258,0.00831,0.0902,105.4001109913211,2.0,0.001767318888761804,12683.527195104825,0.0104,0.1958,0,1.7656614761173566,88422.00352599332,1.9242461070880172,0.0,0.003534637777523608,2.6,0.0671,29172.112548741097,2.3,268719.4674494906,9.211518946408528,0.9992930724444953,100,0.662,90,0.05696
2054,2071,2021,1,1,94,400000,2,0,18.489,75,0,40,0,0.0,0,10320,12000,150,0,0,0,0,0,-0.0011136691443597215,1,86703.15874571502,847.4614499999999,20,358359.89937000006,5518742.450298001,16.3,1,1,0.18,0.05,0.77,1,23613,254.06028000593673,618585.0,1.96775,490.95306213690003,1767.43102369284,1290095.637732,80,1,7560.677156908261,1,1,1,1,10,1,1,1,0.2,61.1,0.65,0.00113,-0.008216481144359722,3.91210447011552,15778.007536802119,-1.88411695079504,0.1991,105720.00000000001,0.007102812,0.20820037587828044,2.3,0.19820485608136632,0.7753981034745165,0.7789,0.022,0.026397040444117226,20,80,2.023277497948752,139037.28,281311,20,1737.9660000000001,1.4,0.024781425615246596,0.08321898226186193,1,1,1,86708.88231981732,16.3,7.62069658984356,67729.375,0.001,4731.8,9,243156,5.723574102297145,4731800.0,7167197.987400001,1,72470.175,468813579.3000002,92921128.01414675,12375291.013533464,678.1659475416337,363517160.27232003,59580.46256863325,1,59937500.0,-182645.31574101612,1,1,1,1,1,1,0.000455,1,1,1,1,1,2712.8958383704107,1009.3850912004723,1241.8607663482421,2.40354609929078,0.7340425531914894,1691.8103193729676,0.5964539007092199,1.5,1035,3389,841,116.44627868319124,33231.98643960682,1.116642232928947,23720.47553383464,1251.1469739291983,416440.9328271531,9232860.0,0.1,0.4477467055443006,0.0258,0.00831,0.0902,104.53384789030609,2.0,0.0017203168158347326,12579.283741312407,0.0104,0.1958,0,1.8090131778227976,88539.75831269179,1.9522532944556994,0.0,0.0034406336316694652,2.6,0.0671,28932.352605018536,2.3,275683.8975315754,9.528568288074712,0.9993118732736661,100,0.662,90,0.05696
2055,2071,2021,1,1,94,400000,2,0,18.489,75,0,40,0,0.0,0,10360,12000,150,0,0,0,0,0,-0.001166088345339861,1,87687.18242057117,847.4614499999999,20,358359.89937000006,5518742.450298001,16.3,1,1,0.18,0.05,0.77,1,24603,251.20039023569547,618585.0,2.05025,490.95306213690003,1767.43102369284,1290095.637732,80,1,7560.677156908261,1,1,1,1,10,1,1,1,0.2,61.1,0.65,0.00113,-0.008218806345339861,3.91210447011552,15982.360745708573,-1.970603249128946,0.1991,107232.60869565218,0.007052718,0.20525853323349472,2.3,0.19821084080128093,0.7754215163240469,0.7789,0.022,0.026367642874672196,20,80,2.0937693832905824,139037.28,291112,20,1737.9660000000001,1.4,0.024250732497023867,0.08331173655949577,1,1,1,87692.8589398449,16.3,7.610279562916859,67729.375,0.001,4731.8,9,246635,5.676519273723039,4731800.0,7167197.987400001,1,72470.175,474871208.8999999,94124621.58838971,12521234.447739055,686.1636477361002,368225352.86387116,60352.135334388484,1,59937500.0,-168406.6084211988,1,1,1,1,1,1,0.000455,1,1,1,1,1,2709.8745699833553,1008.2613022957781,1240.477744331169,2.40354609929078,0.7340425531914894,1689.9262024221725,0.5964539007092199,1.5,1035,3389,841,114.70591585060437,34090.84653840699,1.0833296906078267,24333.51652666243,1251.7242029767372,427203.59070685453,9232860.0,0.1,0.4366678674490223,0.0258,0.00831,0.0902,103.67445091129329,2.0,0.0016828299169349692,12475.86653565503,0.0104,0.1958,0,1.8533285302039109,88656.20459137498,1.9633321325509776,0.0,0.0033656598338699384,2.6,0.0671,28694.493032006565,2.3,282808.77704793774,9.855855502743529,0.999326868033226,100,0.662,90,0.05696
2056,2071,2021,1,1,94,400000,2,0,18.489,75,0,40,0,0.0,0,10400,12000,150,0,0,0,0,0,-0.0012179066523029186,1,89006.61080543406,847.4614499999999,20,358359.89937000006,5518742.450298001,16.3,1,1,0.18,0.05,0.77,1,25456,248.18458116057815,618585.0,2.1213333333333333,490.95306213690003,1767.43102369284,1290095.637732,80,1,7560.677156908261,1,1,1,1,10,1,1,1,0.2,61.1,0.65,0.00113,-0.008221231652302919,3.91210447011552,16256.325412658616,-2.0557723530248087,0.1991,108676.52173913045,0.007003325,0.2031128308069773,2.3,0.1982171002367708,0.7754460038896073,0.7789,0.022,0.02633689587362196,20,80,2.162031650791788,139037.28,300603,20,1737.9660000000001,1.4,0.023732770198498544,0.08340897001877959,1,1,1,89012.24064574763,16.3,7.637645425594905,67729.375,0.001,4731.8,9,249956,5.629840313567627,4731800.0,7167197.987400001,1,72470.175,482996050.90000004,95738076.63520975,12720616.699923912,697.0897951558303,374537357.56486636,61386.6729048816,1,59937500.0,-153183.9244813539,1,1,1,1,1,1,0.000455,1,1,1,1,1,2706.714616829965,1007.0859283010849,1239.0312376908512,2.40354609929078,0.7340425531914894,1687.9555991730435,0.5964539007092199,1.5,1035,3389,841,114.31951147482582,34969.36906474175,1.0632844781218658,24960.592254732957,1250.6782509624445,438212.64492157585,9232860.0,0.1,0.42534190534150784,0.0258,0.00831,0.0902,102.8219186939494,2.0,0.0016653867020252622,12373.275414434345,0.0104,0.1958,0,1.8986323786339687,88770.91050722558,1.9746580946584922,0.0,0.0033307734040505244,2.6,0.0671,28458.53345319899,2.3,290096.77093808324,10.193665510387493,0.9993338453191899,100,0.662,90,0.05696
2057,2071,2021,1,1,94,400000,2,0,18.489,75,0,40,0,0.0,0,10440,12000,150,0,0,0,0,0,-0.0012685459762860965,1,90401.00457910495,847.4614499999999,20,358359.89937000006,5518742.450298001,16.3,1,1,0.18,0.05,0.77,1,25940,246.45097912581468,618585.0,2.1616666666666666,490.95306213690003,1767.43102369284,1290095.637732,80,1,7560.677156908261,1,1,1,1,10,1,1,1,0.2,61.1,0.65,0.00113,-0.008223165976286096,3.91210447011552,16545.85975264428,-2.1386414417339616,0.1991,110691.7391304348,0.00695462,0.2011270656902068,2.3,0.19822363020389197,0.7754715498031716,0.7789,0.022,0.026304819992936466,20,80,2.230027802615241,139037.28,310057,20,1737.9660000000001,1.4,0.023227248143778852,0.08351064807390736,1,1,1,90406.58811923995,16.3,7.631899792215747,67729.375,0.001,4731.8,9,254591,5.583540134999425,4731800.0,7167197.987400001,1,72470.175,491582288.9999998,97443225.86951871,12930983.623860667,708.6179025875645,381208079.50662047,62480.00423113509,1,59937500.0,-136641.85883560625,1,1,1,1,1,1,0.000455,1,1,1,1,1,2703.4180910922423,1005.8597548621531,1237.5222133040563,2.40354609929078,0.7340425531914894,1685.8998268200187,0.5964539007092199,1.5,1035,3389,841,113.024058584622,35867.873578607265,1.0351838845780081,25601.930815005882,1247.9194458699208,449472.0999825471,9232860.0,0.1,0.4137721852879794,0.0258,0.00831,0.0902,101.97630444361587,2.0,0.001634818543526373,12271.516780218517,0.0104,0.1958,0,1.9449112588480826,88885.2300187004,1.9862278147120207,0.0,0.003269637087052746,2.6,0.0671,28224.488594502585,2.3,297550.5301884462,10.542282429393655,0.9993460725825895,100,0.662,90,0.05696
2058,2071,2021,1,1,94,400000,2,0,18.489,75,0,40,0,0.0,0,10480,12000,150,0,0,0,0,0,-0.0013174790461755624,1,91549.17034236316,847.4614499999999,20,358359.89937000006,5518742.450298001,16.3,1,1,0.18,0.05,0.77,1,27083,243.5182424439811,618585.0,2.2569166666666667,490.95306213690003,1767.43102369284,1290095.637732,80,1,7560.677156908261,1,1,1,1,10,1,1,1,0.2,61.1,0.65,0.00113,-0.008224066046175562,3.91210447011552,16784.312226036334,-2.218320080499617,0.1991,112177.39130434784,0.006906587,0.19859426935050442,2.3,0.19823042339686292,0.7754981254837596,0.7789,0.022,0.026271451119377495,20,80,2.3025335363292494,139037.28,320138,20,1737.9660000000001,1.4,0.022733880984503116,0.08361668823819268,1,1,1,91554.7079542883,16.3,7.63909413661592,67729.375,0.001,4731.8,9,258008,5.537611925145063,4731800.0,7167197.987400001,1,72470.175,498649692.2000001,98847539.6115214,13100251.014324937,717.8937555850065,386701901.5741538,63380.441668003805,1,59937500.0,-118705.4457163663,1,1,1,1,1,1,0.000455,1,1,1,1,1,2699.988680950569,1004.5841538320126,1235.9523594798047,2.40354609929078,0.7340425531914894,1683.7611853782848,0.5964539007092199,1.5,1035,3389,841,112.36963633434846,36786.67978292307,1.0133962500695621,26257.760406457368,1243.3183420415542,460985.9621920184,9232860.0,0.1,0.4019500804004281,0.0258,0.00831,0.0902,101.13748373177026,2.0,0.0016136839176594808,12170.575659659478,0.0104,0.1958,0,1.9921996783982876,88998.25407728502,1.998049919599572,0.0,0.0032273678353189617,2.6,0.0671,27992.324017216797,2.3,305172.7069711162,10.902013951518224,0.9993545264329362,100,0.662,90,0.05696
2059,2071,2021,1,1,94,400000,2,0,18.489,75,0,40,0,0.0,0,10520,12000,150,0,0,0,0,0,-0.0013664303631540997,1,92939.41585150725,847.4614499999999,20,358359.89937000006,5518742.450298001,16.3,1,1,0.18,0.05,0.77,1,27885,241.5055068685445,618585.0,2.32375,490.95306213690003,1767.43102369284,1290095.637732,80,1,7560.677156908261,1,1,1,1,10,1,1,1,0.2,61.1,0.65,0.00113,-0.0082256433631541,3.91210447011552,17073.013180867318,-2.2977112280880383,0.1991,114092.60869565218,0.006859213,0.19658974898605036,2.3,0.19823746968152012,0.7755256912854648,0.7789,0.022,0.02623683903301509,20,80,2.3739028841761,139037.28,330061,20,1737.9660000000001,1.4,0.022252390338213104,0.08372696401202133,1,1,1,92944.90790697258,16.3,7.639780422463822,67729.375,0.001,4731.8,9,262413,5.492055465340888,4731800.0,7167197.987400001,1,72470.175,507208758.0999997,100547780.80605017,13307554.54240518,729.2539889238038,393353422.75154436,64470.62598897812,1,59937500.0,-99620.912762078,1,1,1,1,1,1,0.000455,1,1,1,1,1,2696.431502438505,1003.261028166977,1234.324018144119,2.40354609929078,0.7340425531914894,1681.5428652977853,0.5964539007092199,1.5,1035,3389,841,110.7153443197539,37726.10435285995,0.9880498859439124,26928.30706690354,1268.883008559851,472758.19991052564,9232860.0,0.1,0.4,0.0258,0.00831,0.0902,100.30545256479732,2.0,0.0015863742536112446,12070.451572177777,0.0104,0.1958,0,2.0404983077329018,89110.62371361937,2.0,0.0,0.0031727485072224892,2.6,0.0671,27762.038616008886,2.3,312965.928340768,11.273160903979768,0.9993654502985555,100,0.662,90,0.05696
2060,2071,2021,1,1,94,400000,2,0,18.489,75,0,40,0,0.0,0,10560,12000,150,0,0,0,0,0,-0.0014142489098488177,1,94382.77496182808,847.4614499999999,20,358359.89937000006,5518742.450298001,16.3,1,1,0.18,0.05,0.77,1,28870,239.42444133202176,618585.0,2.4058333333333333,490.95306213690003,1767.43102369284,1290095.637732,80,1,7560.677156908261,1,1,1,1,10,1,1,1,0.2,61.1,0.65,0.00113,-0.008226733909848818,3.91210447011552,17372.750621220897,-2.3748706285119794,0.1991,115997.82608695653,0.006812485,0.19467395097774637,2.3,0.19824476814467498,0.7755542436357978,0.7789,0.022,0.02620098821952719,20,80,2.4459411173751384,139037.28,340077,20,1737.9660000000001,1.4,0.021781060401714472,0.08384149351957075,1,1,1,94388.2218278752,16.3,7.645941265765853,67729.375,0.001,4731.8,9,266795,5.44686604712201,4731800.0,7167197.987400001,1,72470.175,516094421.7000002,102313018.97067666,13522183.863125404,741.0156756992722,400259218.8661982,65602.48597216989,1,59937500.0,-79146.17985510542,1,1,1,1,1,1,0.000455,1,1,1,1,1,2692.7470165614077,1001.8905493422806,1232.6374003277565,2.40354609929078,0.7340425531914894,1679.2451540696973,0.5964539007092199,1.5,1035,3389,841,110.23530578498159,38689.02544036235,0.9744606250405325,27615.625176479185,1301.2699784703327,484824.8802050419,9232860.0,0.1,0.4,0.0258,0.00831,0.0902,99.48012494853606,2.0,0.0015775360602202082,11971.134169498924,0.0104,0.1958,0,2.0899832903211433,89221.33905793913,2.0,0.0,0.0031550721204404164,2.6,0.0671,27533.608589847525,2.3,320954.0706957378,11.656810971522392,0.9993689855759119,100,0.662,90,0.05696
2061,2071,2021,1,1,94,400000,2,0,18.489,75,0,40,0,0.0,0,10600,12000,150,0,0,0,0,0,-0.0014617540885136166,1,95822.35469739354,847.4614499999999,20,358359.89937000006,5518742.450298001,16.3,1,1,0.18,0.05,0.77,1,29948,236.5217168811378,618585.0,2.4956666666666667,490.95306213690003,1767.43102369284,1290095.637732,80,1,7560.677156908261,1,1,1,1,10,1,1,1,0.2,61.1,0.65,0.00113,-0.008228143088513617,3.91210447011552,17671.718578453863,-2.45117199272714,0.1991,117517.39130434784,0.006766389,0.19272413784600095,2.3,0.19825231169739294,0.7755837548021064,0.7789,0.022,0.026163933500500763,20,80,2.5246753964116673,139037.28,351024,20,1737.9660000000001,1.4,0.021319407852363893,0.08396019879435464,1,1,1,95827.7567433634,16.3,7.676660623774467,67729.375,0.001,4731.8,9,270290,5.402045969854821,4731800.0,7167197.987400001,1,72470.175,524955923.80000013,104073725.43259048,13734911.88099715,752.6731710786437,407147286.4864125,66731.44025512302,1,59937500.0,-57228.13302723023,1,1,1,1,1,1,0.000455,1,1,1,1,1,2688.938802028738,1000.4740484922248,1230.894144228104,2.40354609929078,0.7340425531914894,1676.8702834411854,0.5964539007092199,1.5,1035,3389,841,109.03381794082753,39676.52412570216,0.9547290416098989,28320.486393483643,1334.4835934008095,497199.5504473954,9232860.0,0.1,0.4,0.0258,0.00831,0.0902,98.66154287800781,2.0,0.0015584165543736095,11872.62850517543,0.0104,0.1958,0,2.140683153610427,89331.57436372411,2.0,0.0,0.003116833108747219,2.6,0.0671,27307.045561903484,2.3,329146.1023961758,12.053523023939764,0.9993766333782506,100,0.662,90,0.05696
2062,2071,2021,1,1,94,400000,2,0,18.489,75,0,40,0,0.0,0,10640,12000,150,0,0,0,0,0,-0.0015076861392925751,1,97070.62651507788,847.4614499999999,20,358359.89937000006,5518742.450298001,16.3,1,1,0.18,0.05,0.77,1,31216,234.03214108964482,618585.0,2.6013333333333333,490.95306213690003,1767.43102369284,1290095.637732,80,1,7560.677156908261,1,1,1,1,10,1,1,1,0.2,61.1,0.65,0.00113,-0.008228599139292575,3.91210447011552,17931.00047482326,-2.52449848569743,0.1991,119249.56521739131,0.006720913,0.19037559640559218,2.3,0.19826009761420285,0.7756142141220623,0.7789,0.022,0.026125688263734806,20,80,2.6023308281059583,139037.28,361821,20,1737.9660000000001,1.4,0.02086724293925173,0.08408307092972034,1,1,1,97075.98410444743,16.3,7.675847874752984,67729.375,0.001,4731.8,9,274274,5.35758936955926,4731800.0,7167197.987400001,1,72470.175,532637231.5,105600709.51014876,13915514.26782775,762.5701818769606,413121007.7220235,67710.53316563964,1,59937500.0,-33870.55128386684,1,1,1,1,1,1,0.000455,1,1,1,1,1,2685.008234741109,999.0120373958537,1229.0948796802513,2.40354609929078,0.7340425531914894,1674.4191114484584,0.5964539007092199,1.5,1035,3389,841,108.36339173825775,40689.22772748658,0.9399026986425864,29043.33848819092,1368.544952638772,509890.07177301473,9232860.0,0.1,0.4,0.0258,0.00831,0.0902,97.84959925502736,2.0,0.0015469460482053776,11774.921691339032,0.0104,0.1958,0,2.1926457126523253,89440.60818166494,2.0,0.0,0.0030938920964107552,2.6,0.0671,27082.319890079772,2.3,337547.22751373576,12.463748633195156,0.9993812215807178,100,0.662,90,0.05696
2063,2071,2021,1,1,94,400000,2,0,18.489,75,0,40,0,0.0,0,10680,12000,150,0,0,0,0,0,-0.0015535417057942853,1,98345.31911929147,847.4614499999999,20,358359.89937000006,5518742.450298001,16.3,1,1,0.18,0.05,0.77,1,32143,231.3994128409455,618585.0,2.6785833333333335,490.95306213690003,1767.43102369284,1290095.637732,80,1,7560.677156908261,1,1,1,1,10,1,1,1,0.2,61.1,0.65,0.00113,-0.008229585705794285,3.91210447011552,18195.77949583548,-2.5973580089304438,0.1991,120918.69565217392,0.006676044,0.1880751035751902,2.3,0.1982681164457066,0.7756455846286333,0.7789,0.022,0.026086298925660095,20,80,2.6849921114682336,139037.28,373314,20,1737.9660000000001,1.4,0.020424379362139006,0.08420999527137368,1,1,1,98350.63261474909,16.3,7.681362971166396,67729.375,0.001,4731.8,9,278113,5.313495457626105,4731800.0,7167197.987400001,1,72470.175,540480585.6999999,107160067.70221129,14099138.122086046,772.6327690903153,419221379.8757026,68710.38416162766,1,59937500.0,-9264.742179419409,1,1,1,1,1,1,0.000455,1,1,1,1,1,2680.9600850417037,997.5062904267248,1227.241790366282,2.40354609929078,0.7340425531914894,1671.894612962761,0.5964539007092199,1.5,1035,3389,841,107.32228971613603,41727.77957600295,0.9220941505647766,29784.640659763503,1403.4756940099237,522904.50596494914,9232860.0,0.1,0.4,0.0258,0.00831,0.0902,97.0442796766438,2.0,0.0015302297758895689,11678.011994782648,0.0104,0.1958,0,2.245889753339837,89548.97157340319,2.0,0.0,0.0030604595517791378,2.6,0.0671,26859.42758800009,2.3,346162.78294879635,12.887943416316531,0.9993879080896442,100,0.662,90,0.05696
2064,2071,2021,1,1,94,400000,2,0,18.489,75,0,40,0,0.0,0,10720,12000,150,0,0,0,0,0,-0.0015984075839125377,1,99908.3372805723,847.4614499999999,20,358359.89937000006,5518742.450298001,16.3,1,1,0.18,0.05,0.77,1,33270,229.38030916214728,618585.0,2.7725,490.95306213690003,1767.43102369284,1290095.637732,80,1,7560.677156908261,1,1,1,1,10,1,1,1,0.2,61.1,0.65,0.00113,-0.008230177583912538,3.91210447011552,18520.40939300852,-2.6682173921225836,0.1991,122924.34782608696,0.00663177,0.18630886434961239,2.3,0.19827636670861887,0.7756778605190519,0.7789,0.022,0.026045772772329265,20,80,2.765869700558009,139037.28,384559,20,1737.9660000000001,1.4,0.01999063421723281,0.08434098333294894,1,1,1,99913.60704043551,16.3,7.690519442852796,67729.375,0.001,4731.8,9,282726,5.269759863211739,4731800.0,7167197.987400001,1,72470.175,550100379.4,109071904.55246477,14327789.483824518,785.1628637135835,426700685.3637107,69936.24233111218,1,59937500.0,16615.71543532968,1,1,1,1,1,1,0.000455,1,1,1,1,1,2676.795101738021,995.9570861107599,1225.335219061854,2.40354609929078,0.7340425531914894,1669.2972549538304,0.5964539007092199,1.5,1035,3389,841,106.56132828724293,42792.83942190085,0.9069331877488469,30544.86382796331,1439.2980076238332,536251.1205751986,9232860.0,0.1,0.4,0.0258,0.00831,0.0902,96.24550431492209,2.0,0.0015175610248621685,11581.889809256569,0.0104,0.1958,0,2.3004568012296946,89656.29386311932,2.0,0.0,0.003035122049724337,2.6,0.0671,26638.346561290105,2.3,354998.24182078143,13.326586956288503,0.9993929755900551,100,0.662,90,0.05696
2065,2071,2021,1,1,94,400000,2,0,18.489,75,0,40,0,0.0,0,10760,12000,150,0,0,0,0,0,-0.001642961143564112,1,101046.12850855861,847.4614499999999,20,358359.89937000006,5518742.450298001,16.3,1,1,0.18,0.05,0.77,1,34394,226.47717021247976,618585.0,2.8661666666666665,490.95306213690003,1767.43102369284,1290095.637732,80,1,7560.677156908261,1,1,1,1,10,1,1,1,0.2,61.1,0.65,0.00113,-0.008231040143564112,3.91210447011552,18756.806735542334,-2.738206749449539,0.1991,124467.39130434784,0.006588079,0.18374081456855076,2.3,0.19828484204968325,0.7757110169387157,0.7789,0.022,0.02600414101160111,20,80,2.8613045364523817,139037.28,397828,20,1737.9660000000001,1.4,0.019565827943523337,0.08447596993178284,1,1,1,101051.35488937196,16.3,7.691796000349319,67729.375,0.001,4731.8,9,286275,5.226380813348875,4731800.0,7167197.987400001,1,72470.175,557098131.7000003,110464115.0503082,14486858.374026334,793.879838896643,432147158.27566576,70828.91924138162,1,59937500.0,44059.14747576519,1,1,1,1,1,1,0.000455,1,1,1,1,1,2672.516492146823,994.3656174392881,1223.3766339548706,2.40354609929078,0.7340425531914894,1666.6290375617077,0.5964539007092199,1.5,1035,3389,841,105.60936254039206,43885.08385530544,0.8903739393338632,31324.49093230824,1476.034649970424,549938.3941767599,9232860.0,0.1,0.4,0.0258,0.00831,0.0902,95.45324078885527,2.0,0.0015022184243204673,11486.551238129396,0.0104,0.1958,0,2.3563729845718058,89762.85519140656,2.0,0.0,0.0030044368486409345,2.6,0.0671,26419.067847697606,2.3,364059.21694501507,13.780168893307204,0.9993991126302718,100,0.662,90,0.05696
2066,2071,2021,1,1,94,400000,2,0,18.489,75,0,40,0,0.0,0,10800,12000,150,0,0,0,0,0,-0.001686733851117097,1,102397.15508230813,847.4614499999999,20,358359.89937000006,5518742.450298001,16.3,1,1,0.18,0.05,0.77,1,35773,224.09605636214621,618585.0,2.9810833333333333,490.95306213690003,1767.43102369284,1290095.637732,80,1,7560.677156908261,1,1,1,1,10,1,1,1,0.2,61.1,0.65,0.00113,-0.008231693851117097,3.91210447011552,19037.472232713317,-2.8065409888943864,0.1991,126303.47826086957,0.00654496,0.18156328052370452,2.3,0.1982935397053446,0.7757450430763081,0.7789,0.022,0.02596141721834729,20,80,2.9477633624593347,139037.28,409849,20,1737.9660000000001,1.4,0.019149784269688212,0.0846149473082207,1,1,1,102402.33843701707,16.3,7.6930643240228855,67729.375,0.001,4731.8,9,290498,5.183354708932343,4731800.0,7167197.987400001,1,72470.175,565409409.4000001,112117033.17263436,14678829.576612733,804.3998607983777,438613546.650753,71888.76029605842,1,59937500.0,72640.32736513714,1,1,1,1,1,1,0.000455,1,1,1,1,1,2668.125651394692,992.7324033426307,1221.3666736813384,2.40354609929078,0.7340425531914894,1663.8908308122582,0.5964539007092199,1.5,1035,3389,841,104.80822302381368,45005.206735628264,0.8753154455461786,32124.01723886448,1513.708958376269,563975.0217497275,9232860.0,0.1,0.4,0.0258,0.00831,0.0902,94.66742336533575,2.0,0.0014890708341688819,11391.988371279875,0.0104,0.1958,0,2.4136772668852133,89868.46455394695,2.0,0.0,0.0029781416683377637,2.6,0.0671,26201.57325394371,2.3,373351.46439831966,14.249200259076998,0.9994043716663324,100,0.662,90,0.05696
2067,2071,2021,1,1,94,400000,2,0,18.489,75,0,40,0,0.0,0,10840,12000,150,0,0,0,0,0,-0.0017300835293050298,1,103787.00635094913,847.4614499999999,20,358359.89937000006,5518742.450298001,16.3,1,1,0.18,0.05,0.77,1,36632,221.20905798848034,618585.0,3.0526666666666666,490.95306213690003,1767.43102369284,1290095.637732,80,1,7560.677156908261,1,1,1,1,10,1,1,1,0.2,61.1,0.65,0.00113,-0.00823248552930503,3.91210447011552,19326.21083512744,-2.8738145706107443,0.1991,127859.56521739131,0.006502402,0.17944744829431336,2.3,0.19830245441827704,0.7757799183646209,0.7789,0.022,0.025917627217102127,20,80,3.040134271901752,139037.28,422692,20,1737.9660000000001,1.4,0.018742330161569093,0.08475786832603972,1,1,1,103792.14703024896,16.3,7.71435032321467,67729.375,0.001,4731.8,9,294077,5.140679299828839,4731800.0,7167197.987400001,1,72470.175,573959089.0000001,113817496.08437833,14875657.706569545,815.186042320011,445265935.20905226,72979.08678076367,1,59937500.0,102572.4908021542,1,1,1,1,1,1,0.000455,1,1,1,1,1,2663.62523353945,991.0584310223044,1219.306553168214,2.40354609929078,0.7340425531914894,1661.0842898233639,0.5964539007092199,1.5,1035,3389,841,103.90908868431505,46153.91963234844,0.8596588831166329,32943.95065486926,1552.344865829865,578369.9202048676,9232860.0,0.1,0.4,0.0258,0.00831,0.0902,93.88801094852231,2.0,0.0014745766037346786,11298.196263360085,0.0104,0.1958,0,2.4724005523393826,89973.27277697076,2.0,0.0,0.002949153207469357,2.6,0.0671,25985.851405728194,2.3,382880.8871756224,14.734205979921136,0.9994101693585061,100,0.662,90,0.05696
2068,2071,2021,1,1,94,400000,2,0,18.489,75,0,40,0,0.0,0,10880,12000,150,0,0,0,0,0,-0.001772769944956878,1,105488.92753622946,847.4614499999999,20,358359.89937000006,5518742.450298001,16.3,1,1,0.18,0.05,0.77,1,38444,218.9742147900899,618585.0,3.203666666666667,490.95306213690003,1767.43102369284,1290095.637732,80,1,7560.677156908261,1,1,1,1,10,1,1,1,0.2,61.1,0.65,0.00113,-0.008233163944956878,3.91210447011552,19679.73326807788,-2.9396256929407416,0.1991,129799.56521739131,0.006460394,0.17785060645964018,2.3,0.1983115828194012,0.7758156296234636,0.7789,0.022,0.025872787557135152,20,80,3.1305776407593706,139037.28,435267,20,1737.9660000000001,1.4,0.01834329577022496,0.08490471637493274,1,1,1,105494.02588762909,16.3,7.737699262072963,67729.375,0.001,4731.8,9,298539,5.098351399639079,4731800.0,7167197.987400001,1,72470.175,584431265.0000001,115899489.21129493,15120865.961092759,828.6234546678832,453410909.8276124,74314.04812074568,1,59937500.0,133894.46283240317,1,1,1,1,1,1,0.000455,1,1,1,1,1,2659.0169393946626,989.3443331117486,1217.1970509834039,2.40354609929078,0.7340425531914894,1658.2104752527532,0.5964539007092199,1.5,1035,3389,841,103.09339642866169,47331.952277044504,0.8449119430259177,33784.81205138414,1591.9669161853064,593132.2340481767,9232860.0,0.1,0.4,0.0258,0.00831,0.0902,93.11494534285879,2.0,0.0014613134395993765,11205.16791129468,0.0104,0.1958,0,2.5325812553334677,90077.18186565507,2.0,0.0,0.002922626879198753,2.6,0.0671,25771.886195977764,2.3,392653.53893989295,15.235731523646672,0.9994154746241602,100,0.662,90,0.05696
2069,2071,2021,1,1,94,400000,2,0,18.489,75,0,40,0,0.0,0,10920,12000,150,0,0,0,0,0,-0.0018149858472472098,1,106689.45208209769,847.4614499999999,20,358359.89937000006,5518742.450298001,16.3,1,1,0.18,0.05,0.77,1,39168,216.37764017257518,618585.0,3.264,490.95306213690003,1767.43102369284,1290095.637732,80,1,7560.677156908261,1,1,1,1,10,1,1,1,0.2,61.1,0.65,0.00113,-0.00823391184724721,3.91210447011552,19929.21074341982,-3.0042931653119247,0.1991,131535.21739130435,0.006418926,0.17539779512441012,2.3,0.19832092026335268,0.7758521586796857,0.7789,0.022,0.025826921056961608,20,80,3.230536443175528,139037.28,449165,20,1737.9660000000001,1.4,0.01795251438056593,0.08505545467653647,1,1,1,106694.50845063213,16.3,7.7320291143717474,67729.375,0.001,4731.8,9,302531,5.056368534442155,4731800.0,7167197.987400001,1,72470.175,591812160.4999998,117368732.29340294,15284685.949783387,837.6007900481295,459158742.25681347,75256.11785589173,1,59937500.0,166918.31372003225,1,1,1,1,1,1,0.000455,1,1,1,1,1,2654.3031140813728,987.5909819005691,1215.0392406343303,2.40354609929078,0.7340425531914894,1655.2708495598124,0.5964539007092199,1.5,1035,3389,841,102.2283476110137,48540.05302696378,0.8299733176211301,34647.13559418367,1632.6002797540204,608271.3411900223,9232860.0,0.1,0.4,0.0258,0.00831,0.0902,92.34818136530617,2.0,0.001447395125393769,11112.897877894848,0.0104,0.1958,0,2.594253734116519,90180.27526208374,2.0,0.0,0.002894790250787538,2.6,0.0671,25559.665119158148,2.3,402675.62786779477,15.75433895516772,0.9994210419498425,100,0.662,90,0.05696
2070,2071,2021,1,1,94,400000,2,0,18.489,75,0,40,0,0.0,0,10960,12000,150,0,0,0,0,0,-0.0018566102265166612,1,108222.30808237204,847.4614499999999,20,358359.89937000006,5518742.450298001,16.3,1,1,0.18,0.05,0.77,1,40689,214.57761003465393,618585.0,3.39075,490.95306213690003,1767.43102369284,1290095.637732,80,1,7560.677156908261,1,1,1,1,10,1,1,1,0.2,61.1,0.65,0.00113,-0.008234596226516662,3.91210447011552,20247.678490692568,-3.0676149855334973,0.1991,133771.73913043478,0.006377986,0.17348966500531462,2.3,0.19833046311743519,0.7758894913217995,0.7789,0.022,0.02578004556076525,20,80,3.328797859106565,139037.28,462827,20,1737.9660000000001,1.4,0.017569822360570857,0.0852100630331544,1,1,1,108227.32281012181,16.3,7.7238777931258635,67729.375,0.001,4731.8,9,307675,5.01472774978046,4731800.0,7167197.987400001,1,72470.175,601240357.3000001,119244278.50820121,15500003.80416478,849.40020846823,466496074.98763406,76458.70669047322,1,59937500.0,201142.6471706644,1,1,1,1,1,1,0.000455,1,1,1,1,1,2649.4855914950103,985.7990595232446,1212.833961608729,2.40354609929078,0.7340425531914894,1652.2665563945004,0.5964539007092199,1.5,1035,3389,841,101.41123563130189,49778.989340424014,0.8156342732345162,35531.469083089614,1674.2707692944616,623796.8589025565,9232860.0,0.1,0.4,0.0258,0.00831,0.0902,91.58766505642993,2.0,0.0014342002756337346,11021.379669847163,0.0104,0.1958,0,2.6574569735670486,90282.50360969476,2.0,0.0,0.0028684005512674693,2.6,0.0671,25349.173240648473,2.3,412953.52059349243,16.290611006251833,0.9994263198897465,100,0.662,90,0.05696
2071,2071,2021,1,1,94,400000,2,0,18.489,75,0,40,0,0.0,0,11000,12000,150,0,0,0,0,0,-0.0018977494115296149,1,109483.9300826812,847.4614499999999,20,358359.89937000006,5518742.450298001,16.3,1,1,0.18,0.05,0.77,1,42059,211.44725449052743,618585.0,3.5049166666666665,490.95306213690003,1767.43102369284,1290095.637732,80,1,7560.677156908261,1,1,1,1,10,1,1,1,0.2,61.1,0.65,0.00113,-0.008235314411529615,3.91210447011552,20509.86811862659,-3.129766320554131,0.1991,135185.65217391305,0.006337565,0.1711438772260285,2.3,0.1983402071073115,0.7759276108281514,0.7789,0.022,0.02573218206453707,20,80,3.434632783380112,139037.28,477542,20,1737.9660000000001,1.4,0.017195059111091513,0.08536851113523992,1,1,1,109488.90350915697,16.3,7.74168438250779,67729.375,0.001,4731.8,9,310927,4.973426475774105,4731800.0,7167197.987400001,1,72470.175,608995971.0999999,120788387.03549227,15670795.204914752,858.7595772293283,472536788.85959285,77448.77969408726,1,59937500.0,236899.79498078622,1,1,1,1,1,1,0.000455,1,1,1,1,1,2644.5665294508326,983.9693685992492,1210.5822016725394,2.40354609929078,0.7340425531914894,1649.198941408967,0.5964539007092199,1.5,1035,3389,841,100.57044544048777,51049.54826434899,0.8013099834360383,36438.37429996639,1717.0048564099336,639718.6499291853,9232860.0,0.1,0.4,0.0258,0.00831,0.0902,90.83334948062158,2.0,0.0014207136288915678,10930.607639063968,0.0104,0.1958,0,2.7222281200057106,90383.91484532606,2.0,0.0,0.0028414272577831357,2.6,0.0671,25140.397569847126,2.3,423493.74625312065,16.845149130061902,0.9994317145484434,100,0.662,90,0.05696
