time,FINAL TIME,INITIAL TIME,SAVEPER,TIME STEP,daily walk trips,daily chosen car,CAR COST KM,daily chosen bus,daily chosen railway,emissions per year,enviromental impact on economy,business construction,emission per car petrol,emission per car,Number of Bus Routes,Road available,Number of Railway Lines,ITBR,Number of Trips per Bus Route,Number of Trips per Railway line,ILRR,construction,increasing railway trips,increaing bus trips,ITRR,Land Use for mobility,daily railway capacity,Daily railway trips,road construiction,increasing railway lines,increasing bus routes,RCR,IRBR,gdp growth rate,WELL TO TANK CO2 EMISSION RAILWAY ELECTRICITY,"""emissions of greenhouse gases (GHG) mobility""",railway electricity co2 emission,number of trains,bus electricity activity,bus natural gas activity,AVERAGE DISTANCE RAILWAY TRIP,ENERGY INTENSITY PER KM RAILWAY ELECTRICITY,TANK TO WHEEL CO2 EMISSION RAILWAY ELECTRICITY,PERCENTAGE BUS DIESEL,PERCENTAGE BUS ELECTRICITY,PERCENTAGE BUS NATURAL GAS,GHC CORRECTION BUS ELECTRICITY,"""Motorization rate number of motorized vehicles per 1000 inhabitants.""",railway activity per year,Railway Daily Occupancy rate,bus electricity co2 emission,bus diesel co2 emission,bus diesel activity,MAX CAPACITY RAILWAY,ENERGY INTENSITY PER KM BUS NATURAL GAS,bus natural gas co2 emission,GHC CORRECTION RAILWAY ELECTRICITY,WELL TO TANK CO2 EMISSION NATURAL GAS,TANK TO WHEEL CO2 EMISSION BUS NATURAL GAS,ENERGY INTENSITY PER KM BUS ELECTRICITY,VEHICLES PER LINE,WELL TO TANK CO2 EMISSION BUS ELECTRICITY,GHC CORRECTION BUS NATURAL GAS,TANK TO WHEEL CO2 EMISSION BUS ELECTRICITY,business income multiplier,number of bus,VEHICLES PER ROUTE,CO2 CAPTURE PER GREEN AREA,business growth,DIESEL PETROL RATIO,car diesel co2 emissions,increase amount,INITIAL RATIO CAR PETROL,number of mototized private vehicles,GDPGN,Emissions of greenhouse gases,TPC,percentage car diesel,percentage car petrol,INITIAL RATIO CAR DIESEL,INITIAL RATIO CAR ELECTRICITY,percentage car eletricity,PRIVATE PARKING CONSTRUCTION,MAX CAPACITY BUS,BUS Daily Occupancy rate,daily bus capacity,PEDESTRIAN SIDEWALK CONSTRUCTION,Daily bus trips,ticket fare pt 10 km,Mobility space usage,Affordability of public transport for the poorest group,GHC CORRECTION CAR DIESEL,GHC CORRECTION CAR ELECTRICITY,GHC CORRECTION CAR PETROL,AVERAGE DISTANCE BUS ROUTES,AVERAGE DISTANCE CAR,co2 capture green spaces,CO2 CAPTURE PER M2 BODY OF WATER,"""co2 capture sea/river""",CO2 TECHNOLOGIES CAPTURE,"""emissions of greenhouse gases (GHG) business""",BODY OF WATER M2,bus activity per year,WELL TO TANK CO2 EMISSION CAR DIESEL,car activity per year,car diesel activity,car electricity activity,car electricity co2 emission,car petrol activity,car petrol co2 emission,ENERGY INTENSITY PER KM CAR PETROL,GREEN AREA,WELL TO TANK CO2 EMISSION BUS DIESEL,GHC CORRECTION BUS DIESEL,ENERGY INTENSITY PER KM BUS DIESEL,ENERGY INTENSITY PER KM CAR DIESEL,ENERGY INTENSITY PER KM CAR ELECTRICITY,TANK TO WHEEL CO2 EMISSION CAR ELECTRICITY,EpB,TANK TO WHEEL CO2 EMISSION BUS DIESEL,WELL TO TANK CO2 EMISSION CAR ELECTRICITY,TANK TO WHEEL CO2 EMISSION CAR DIESEL,TANK TO WHEEL CO2 EMISSION CAR PETROL,WELL TO TANK CO2 EMISSION CAR PETROL,average monthly income 95,average monthly income 25,average monthly income 50,income 95 multiplier,income 50 multiplier,average monthly income,income 25 multiplier,labor force income multiplier,IMI50,IMI95,IMI25,housing construction,net births,outmigration,inmigration,Population,AREA,attractiveness from jobs multiplier,attractiveness from housing multiplier,BCN,BDN,BN,business demolition,business labor force multiplier,business land multiplier,Business structures,DN,HCN,HDN,households to housing ratio,Housing,housing availability multiplier,housing demolition,housing land multiplier,HS,IMN,jobs,JPBS,labor force,labor to job ratio,land fraction occupied,LPBS,LPF,LPH,OMN
2021,2071,2021,1,1,3333,3333,0.268,33333,3333,6923.071607879511,0.9988461547320201,1288.3996120902839,0.14281,0.04000000000000001,94,400000.0,2,0,18.489,75,0,40.0,0,0.0,0,9000.0,12000,150,0.0,0,0,0.0,0,0.025,0.5,23963.444607879504,66.931875,20,517001.43585,7961822.11209,16.3,0.15,0,0.18,0.05,0.77,0.1,9.236338824702633,892425.0,0.27775,124.08034460400002,6154.633253047608,1861205.16906,80,0.5,15256.841622292462,0.1,1,2.75,1.2,10,0.2,0.03,0,0.0,61.1,0.65,0.00113,0.0,3.91210447011552,615.1323780822528,35.25,0.1991,1449.1304347826087,0.05,0.14464128328280976,2.3,0.1991,0.7788999999999999,0.7789,0.022,0.022,20,80,0.23974145639212735,139037.28,20,1737.9660000000001,1.4,0.05432322317790855,0.11402016108403816,0.01,0.1,0.02,16.3,12.8,67729.375,0.001,4731.8,9,55429.802,4731800.0,10340028.717,0.6,15571776.0,3100340.6016,342579.072,13.703162880000002,12128856.326399999,1732.121971973184,0.05,59937500.0,0.6,0.01,1,0.06,0.2,0,3.439,2.68,0.2,2.68,2.31,0.5,3389.0,736.7118165890687,1035.0,2.40354609929078,0.7340425531914894,1410.0,0.5964539007092199,-0.07396325064605061,1035,3389,841,109.61610716710783,-308.1555000000001,3562.0125,12345.000902927126,165675.0,22814900.0,0.9999995069116624,1.1088303073022072,0.0284,0.0145,0.00844,233.711,2.0,1.408939990970813,16118.0,0.0103,0.001462,0,0.854892923597057,74537.0,0.7823393853955855,0.0,1.2857599638832518,2.6,0.0672,37071.399999999994,2.3,109676.85,2.958530025842024,0.31787998194162587,80,0.662,80,0.0215
2022,2071,2021,1,1,3333,163909,0.268,44630,8366,79574.57805123604,0.986737570324794,1358.0305885489972,0.14281000000000002,0.04000000000000001,94,400000.0,2,0,18.489,75,0,40.0,0,0.0,0,9040.0,12000,150,0.0,0,0,0.0,0,0.0262307215,0.5,92987.87691425756,66.931875,20,517001.43585,7961822.11209,16.3,0.15,0,0.18,0.05,0.77,0.1,409.68102822392365,892425.0,0.6971666666666667,124.08034460400002,6154.633253047608,1861205.16906,80,0.5,15256.841622292462,0.1,1,2.75,1.2,10,0.2,0.03,0,0.0,61.1,0.65,0.00113,0.0,3.91210447011552,18571.29741606791,37.909950247875,0.1991,71264.78260869566,0.052461443,0.5339532939207007,2.3,0.19798031697341512,0.7745196830265849,0.7789,0.022,0.027499999999999997,20,80,0.3209930458938782,139037.28,20,1737.9660000000001,1.4,0.05190932342173987,0.11102849509833315,0.01,0.1,0.02,16.3,7.902516030236294,67729.375,0.001,4731.8,9,59056.87613697849,4731800.0,10340028.717,0.6,472782127.50000024,93601555.46181561,13001508.506250005,520.0603402500003,366179063.5319346,52294.03206299559,0.05,59937500.0,0.6,0.01,1,0.06,0.2,0,3.439,2.68,0.2,2.68,2.31,0.5,3473.725,756.5625376224798,1060.875,2.40354609929078,0.7340425531914894,1445.25,0.5964539007092199,-0.0729717781543125,1035,3389,841,119.4577735723291,-323.91868919944454,3744.221407412933,12604.241263223044,174149.83290292713,22814900.0,0.999999513521479,1.0770220226744491,0.0284,0.0145,0.00844,249.00398487530916,2.0,1.4109812968178819,17172.688612090285,0.0103,0.001462,0,0.8973039697674012,74646.61610716711,0.8459559546511017,0.0,1.2939251872715278,2.6,0.0672,39497.183807807654,2.3,115287.18938173776,2.9188711261724998,0.32196259363576396,80,0.662,80,0.0215
2023,2071,2021,1,1,3333,172304,0.268,47073,8624,86661.9136389889,0.9855563477268352,1446.2068890942696,0.14281000000000002,0.04000000000000001,94,400000.0,2,0,18.489,75,0,40.0,0,0.0,0,9080.0,12000,150,0.0,0,0,0.0,0,0.06685528889931398,0.5,96261.2700119766,66.931875,20,517001.43585,7961822.11209,16.3,0.15,0,0.18,0.05,0.77,0.1,410.5181003160821,892425.0,0.7186666666666667,124.08034460400002,6154.633253047608,1861205.16906,80,0.5,15256.841622292462,0.1,1,2.75,1.2,10,0.2,0.03,0,0.01635886294965699,61.1,0.65,0.00113,0.06543545179862796,3.91210447011552,19384.513002084605,99.15708695771384,0.1991,74914.78260869566,0.068275126,0.5269221765882401,2.3,0.19651181229148387,0.7687747392960161,0.7789,0.022,0.0347134484125,20,80,0.3385638729411277,139037.28,20,1737.9660000000001,1.4,0.049702786622552876,0.10797052453658981,0.01,0.1,0.02,16.3,7.905308640542296,67729.375,0.001,4731.8,9,62870.818627012304,4731800.0,10340028.717,0.6,497172449.49999994,97700259.07264124,17258570.17783451,690.3428071133806,382213620.2495242,54583.927107834555,0.05,59937500.0,0.6,0.01,1,0.06,0.2,0,3.439,2.68,0.2,2.68,2.31,0.5,3589.106123401112,777.9901075828661,1088.7025166713124,2.40354609929078,0.7340425531914894,1483.159950247875,0.5964539007092199,-0.0719048745216914,1035,3389,841,129.51754020419327,-339.7958373693404,3927.747582495062,12830.936815416393,182685.9340695378,22814900.0,0.9999995206341699,1.0451633961542335,0.0284,0.0145,0.00844,265.0848706285776,2.0,1.4131351250218118,18281.715215763972,0.0103,0.001462,0,0.9397821384610221,74766.07388073944,0.9096732076915331,0.0,1.3025405000872476,2.6,0.0672,42047.94499625713,2.3,120938.08835403403,2.876194980867656,0.3262702500436238,80,0.662,80,0.0215
2024,2071,2021,1,1,3333,180985,0.268,49439,9046,92989.254074869,0.9845017909875219,1540.4950632506498,0.14281000000000002,0.04,94,400000.0,2,0,18.489,75,0,40.0,0,0.0,0,9120.0,12000,150,0.0,0,0,0.0,0,0.04359660548732079,0.5,98526.73182635318,66.931875,20,517001.43585,7961822.11209,16.3,0.15,0,0.18,0.05,0.77,0.1,411.8719342903893,892425.0,0.7538333333333334,124.08034460400002,6154.633253047608,1861205.16906,80,0.5,15256.841622292462,0.1,1,2.75,1.2,10,0.2,0.03,0,0.016145209243660395,61.1,0.65,0.00113,0.06458083697464158,3.91210447011552,19842.515289565683,68.98365162691834,0.1991,78689.13043478261,0.022612374,0.5151742656158518,2.3,0.19178720263297933,0.7502915727314294,0.7789,0.022,0.0579212246355912,20,80,0.3555808916860284,139037.28,20,1737.9660000000001,1.4,0.0476864422002464,0.10097393113343638,0.01,0.1,0.02,16.3,7.893733734839905,67729.375,0.001,4731.8,9,66932.69724851582,4731800.0,10340028.717,0.6,521456301.00000006,100008645.26413088,30203387.54786546,1208.1355019146185,391244268.1880037,55873.593939928825,0.05,59937500.0,0.6,0.01,1,0.06,0.2,0,3.439,2.68,0.2,2.68,2.31,0.5,3828.71878227233,831.8978874754768,1161.4880379487834,2.40354609929078,0.7340425531914894,1582.3170372055888,0.5964539007092199,-0.0707072469636285,1035,3389,841,139.7817976710503,-355.72374908506714,4111.8605404994305,13024.167848279832,191249.3274650898,22814900.0,0.9999995286183536,1.0134002324616493,0.0284,0.0145,0.00844,282.21113989633017,2.0,1.415432990993032,19462.837234229664,0.0103,0.001462,0,0.9821330233844675,74895.59142094363,0.9731995350767013,0.0,1.311731963972129,2.6,0.0672,44764.52563872823,2.3,126607.05478188946,2.8282898785451396,0.33086598198606454,80,0.662,80,0.0215
2025,2071,2021,1,1,3333,189720,0.268,51319,9446,99724.23249307553,0.9833792945844875,1641.055953595902,0.14281,0.04000000000000001,94,400000.0,2,0,18.489,75,0,40.0,0,0.0,0,9160.0,12000,150,0.0,0,0,0.0,0,0.03327119941157245,0.5,100934.47183214419,66.931875,20,517001.43585,7961822.11209,16.3,0.15,0,0.18,0.05,0.77,0.1,413.24131052314135,892425.0,0.7871666666666667,124.08034460400002,6154.633253047608,1861205.16906,80,0.5,15256.841622292462,0.1,1,2.75,1.2,10,0.2,0.03,0,0.016151684955786224,61.1,0.65,0.00113,0.0646067398231449,3.91210447011552,20311.895003226884,54.940754506613295,0.1991,82486.95652173914,0.001935659,0.505162591611861,2.3,0.18664649604755737,0.7301805915190479,0.7789,0.022,0.08317291243339475,20,80,0.36910244504207795,139037.28,20,1737.9660000000001,1.4,0.04584448955020947,0.09651297132585944,0.01,0.1,0.02,16.3,7.920734239932532,67729.375,0.001,4731.8,9,71259.93566093133,4731800.0,10340028.717,0.6,548493420.5,102374375.04146448,45619795.23353966,1824.791809341587,400499250.22499585,57195.29792463166,0.05,59937500.0,0.6,0.01,1,0.06,0.2,0,3.439,2.68,0.2,2.68,2.31,0.5,3995.648617892846,870.3493307276641,1212.1249737174787,2.40354609929078,0.7340425531914894,1651.3006888325071,0.5964539007092199,-0.0693849443321633,1035,3389,841,151.10503630422468,-371.63899450424043,4295.82708701138,13102.520178040408,199805.91102378513,22814900.0,0.9999995374337044,0.9758373415036741,0.0284,0.0145,0.00844,300.45625678496776,2.0,1.417884136027243,20721.121157583984,0.0103,0.001462,0,1.024162658496326,75035.37321861468,1.0422846523685705,0.0,1.3215365441089721,2.6,0.0672,47658.57866244316,2.3,132271.51309774577,2.775397773286532,0.33576827205448606,80,0.662,80,0.0215
2026,2071,2021,1,1,3333,198186,0.268,53687,9684,105959.16136235667,0.9823401397729405,1748.6008369438514,0.14281000000000002,0.04,94,400000.0,2,0,18.489,75,0,40040.0,0,0.0,0,9200.0,12000,150,40000.0,0,0,0.1,0,0.03675833933621521,0.5,102559.07834409253,66.931875,20,517001.43585,7961822.11209,16.3,0.15,0,0.18,0.05,0.77,0.1,414.17847846184713,892425.0,0.807,124.08034460400002,6154.633253047608,1861205.16906,80,0.5,15256.841622292462,0.1,1,2.75,1.2,10,0.2,0.03,0,0.016162647668107606,61.1,0.65,0.00113,0.06465059067243042,3.91210447011552,20550.96979215338,62.718601963773004,0.1991,86167.82608695653,0.008866088,0.49250193536530945,2.3,0.18101293802360177,0.7081415239908762,0.7789,0.022,0.11084553798552206,20,80,0.3861338484182084,139037.28,20,1737.9660000000001,1.4,0.0441795877899661,0.09314635330582832,0.01,0.1,0.02,16.3,7.910386202859941,67729.375,0.001,4731.8,9,75870.25801826412,4731800.0,10340028.717,0.6,572220647.0000001,103579340.51123632,63428105.46313852,2537.124218525541,405213201.0256253,57868.49723846956,0.05,59937500.0,0.6,0.01,1,0.06,0.2,0,3.439,2.68,0.2,2.68,2.31,0.5,4128.607344871427,901.8066410415659,1252.45382542978,2.40354609929078,0.7340425531914894,1706.2414433391205,0.5964539007092199,-0.0679198854547743,1035,3389,841,163.13662575713698,-387.32819512377654,4477.180750086663,13080.639289809873,208240.9651203099,22814900.0,0.9999995472007637,0.9347462369380628,0.0284,0.0145,0.00844,319.8949523887264,2.0,1.4204994527423986,22061.72085439492,0.0103,0.001462,0,1.0652537630619372,75186.47825491891,1.11419408535839,0.0,1.331997810969595,2.6,0.0672,50741.95796510831,2.3,137855.51890964515,2.716795418190972,0.3409989054847975,80,0.662,80,0.0215
2027,2071,2021,1,1,3333,206528,0.268,55579,10133,111499.69488076282,0.9814167175198729,1863.7437236740054,0.14281000000000002,0.04000000000000001,94,440000.0,2,0,18.489,75,0,40.0,0,0.0,0,49240.0,12000,150,0.0,0,0,0.0,0,0.036742713902287796,0.5,103186.29232551363,66.931875,20,517001.43585,7961822.11209,16.3,0.15,0,0.18,0.05,0.77,0.1,415.2133817358082,892425.0,0.8444166666666667,124.08034460400002,6154.633253047608,1861205.16906,80,0.5,15256.841622292462,0.1,1,2.75,1.2,10,0.2,0.03,0,0.0161743142011439,61.1,0.65,0.00113,0.0646972568045756,3.91210447011552,20432.750643393858,64.99639284914227,0.1991,89794.78260869566,0.008788171,0.47670552034290575,2.3,0.17271812686075752,0.6756913561619489,0.7789,0.022,0.1515905169772936,20,80,0.399741709561637,139037.28,20,1737.9660000000001,1.4,0.22748157039731914,0.08957029358875124,0.01,0.1,0.02,16.3,7.909662128137592,67729.375,0.001,4731.8,9,80783.57755524921,4731800.0,10340028.717,0.6,596251845.5000002,102983501.89202984,90386125.50801042,3615.4450203204174,402882218.09995997,57535.609566855295,0.05,59937500.0,0.6,0.01,1,0.06,0.2,0,3.439,2.68,0.2,2.68,2.31,0.5,4280.388732271009,937.8109263063665,1298.4919481478685,2.40354609929078,0.7340425531914894,1768.9600453028934,0.5964539007092199,-0.0663057332610466,1035,3389,841,175.12306051479484,-402.6101975647315,4653.827552495551,13020.249102444657,216457.09546490933,22814900.0,0.9999995579617783,0.8951140738170396,0.0284,0.0145,0.00844,340.61118771477567,2.0,1.4232903350347816,23490.426738950046,0.0103,0.001462,0,1.1048859261829604,75349.61488067605,1.1835503708201809,0.0,1.3431613401391271,2.6,0.0672,54027.9814995851,2.3,143294.59719777,2.652229330441864,0.3465806700695636,80,0.662,80,0.0215
2028,2071,2021,1,1,3333,216032,0.268,56953,10328,116819.98187594507,0.9805300030206758,1986.9447419223545,0.14281000000000002,0.04,94,440000.0,2,0,18.489,75,0,40.0,0,0.0,0,49280.0,12000,150,0.0,0,0,0.0,0,0.03673555311910365,0.5,103268.52652953207,66.931875,20,517001.43585,7961822.11209,16.3,0.15,0,0.18,0.05,0.77,0.1,418.8917060132606,892425.0,0.8606666666666667,124.08034460400002,6154.633253047608,1861205.16906,80,0.5,15256.841622292462,0.1,1,2.75,1.2,10,0.2,0.03,0,0.016189873559551822,61.1,0.65,0.00113,0.06475949423820729,3.91210447011552,20041.67724670991,67.37140415185623,0.1991,93926.95652173914,0.008711612,0.4601555532150371,2.3,0.1613791029668589,0.6313319100998815,0.7789,0.022,0.2072889869332596,20,80,0.40962395121653705,139037.28,20,1737.9660000000001,1.4,0.21958738469994687,0.08611218074981133,0.01,0.1,0.02,16.3,7.9381012998074345,67729.375,0.001,4731.8,9,86021.630346413,4731800.0,10340028.717,0.6,625932623.4999999,101012445.2981226,129748939.41379237,5189.957576551696,395171238.7880849,56434.40461132641,0.05,59937500.0,0.6,0.01,1,0.06,0.2,0,3.439,2.68,0.2,2.68,2.31,0.5,4437.690366036945,975.4717540373523,1346.20206630309,2.40354609929078,0.7340425531914894,1833.9564381520356,0.5964539007092199,-0.06455917641561842,1035,3389,841,187.03495260808856,-417.4228866801664,4825.049496571814,12926.289786750303,224420.9068172937,22814900.0,0.9999995696054905,0.8571197233616539,0.0284,0.0145,0.00844,362.6966094861845,2.0,1.4262677850283807,25013.559274909276,0.0103,0.001462,0,1.1428802766383461,75524.73794119085,1.2500404841171058,0.0,1.3550711401135231,2.6,0.0672,57531.18633229133,2.3,148566.64031304844,2.582367056624737,0.35253557005676156,80,0.662,80,0.0215
2029,2071,2021,1,1,3333,225207,0.268,57779,10763,120134.95534090495,0.9799775074431825,2119.4827278522844,0.14281000000000002,0.04,94,440000.0,2,0,18.489,75,0,40.0,0,0.0,0,49320.0,12000,150,0.0,0,0,0.0,0,0.03673847037472773,0.5,100997.71066704397,66.931875,20,517001.43585,7961822.11209,16.3,0.15,0,0.18,0.05,0.77,0.1,422.21108288731307,892425.0,0.8969166666666667,124.08034460400002,6154.633253047608,1861205.16906,80,0.5,15256.841622292462,0.1,1,2.75,1.2,10,0.2,0.03,0,0.016210141187363865,61.1,0.65,0.00113,0.06484056474945546,3.91210447011552,18869.618256070786,69.85187660712653,0.1991,97916.08695652174,0.008636376,0.4351385393214524,2.3,0.14587683578826027,0.5706854213735607,0.7789,0.022,0.283437742838179,20,80,0.41556480391446093,139037.28,20,1737.9660000000001,1.4,0.2124902893104573,0.08277130863378289,0.01,0.1,0.02,16.3,7.931272118539832,67729.375,0.001,4731.8,9,91607.41967386099,4731800.0,10340028.717,0.6,651954970.0,95105128.10003015,184788645.1289327,7391.545805157309,372061196.7710371,53134.05951087182,0.05,59937500.0,0.6,0.01,1,0.06,0.2,0,3.439,2.68,0.2,2.68,2.31,0.5,4600.749911609687,1014.8444115056025,1395.6555438188143,2.40354609929078,0.7340425531914894,1901.3278423038919,0.5964539007092199,-0.0626982858564509,1035,3389,841,198.8496840665657,-431.71478705067324,4990.2515707470275,12804.076022993742,232104.724220792,22814900.0,0.9999995820114276,0.8209092936913736,0.0284,0.0145,0.00844,386.248207406509,2.0,1.4294433993594438,26637.807407345445,0.0103,0.001462,0,1.1790907063086264,75711.77289379893,1.3134087360400963,0.0,1.3677735974377752,2.6,0.0672,61266.95703689452,2.3,153653.32743416433,2.507931434258036,0.3588867987188876,80,0.662,80,0.0215
2030,2071,2021,1,1,3333,233230,0.268,59562,10972,121008.90114834665,0.9798318498086089,2262.4036052191045,0.14281,0.04,94,440000.0,2,0,18.489,75,0,40.0,0,0.0,0,49360.0,12000,150,0.0,0,0,0.0,0,0.03674856679796563,0.5,95911.06295867263,66.931875,20,517001.43585,7961822.11209,16.3,0.15,0,0.18,0.05,0.77,0.1,423.7621174381591,892425.0,0.9143333333333333,124.08034460400002,6154.633253047608,1861205.16906,80,0.5,15256.841622292462,0.1,1,2.75,1.2,10,0.2,0.03,0,0.016233676648982814,61.1,0.65,0.00113,0.06493470659593126,3.91210447011552,16726.55277924255,72.43802957119667,0.1991,101404.34782608696,0.008562427,0.4004857444661563,2.3,0.12467804170378664,0.48775352427463303,0.7789,0.022,0.38756843402158037,20,80,0.42838870265586326,139037.28,20,1737.9660000000001,1.4,0.20610736381232006,0.07954636609812657,0.01,0.1,0.02,16.3,7.942916863182267,67729.375,0.001,4731.8,9,97568.013189674,4731800.0,10340028.717,0.6,676172172.5000001,84303822.32189503,262062990.02479497,10482.5196009918,329805360.1533102,47099.50348349423,0.05,59937500.0,0.6,0.01,1,0.06,0.2,0,3.439,2.68,0.2,2.68,2.31,0.5,4769.8208185635085,1055.9878988862863,1446.9297936687262,2.40354609929078,0.7340425531914894,1971.1797189110184,0.5964539007092199,-0.06074024215470271,1035,3389,841,209.52520110333015,-445.44551102793787,5148.9669285487425,12713.008176920437,239486.83388598805,22814900.0,0.9999995950650523,0.7899463316458347,0.0284,0.0145,0.00844,411.3801079529727,2.0,1.4328308070702158,28371.04192779122,0.0103,0.001462,0,1.213404891138887,75910.62257786549,1.366756113923609,0.0,1.3813232282808636,2.6,0.0672,65253.3964339198,2.3,158540.2840325241,2.4296096861881082,0.3656616141404318,80,0.662,80,0.0215
2031,2071,2021,1,1,3333,241532,0.268,60310,11176,118739.83600682921,0.9802100273321951,2417.019473970714,0.14281000000000002,0.04,94,440000.0,2,0,18.489,75,0,44040.0,0,0.0,0,49400.0,12000,150,44000.0,0,0,0.1,0,0.0367782230788047,0.5,87276.32801005698,66.931875,20,517001.43585,7961822.11209,16.3,0.15,0,0.18,0.05,0.77,0.1,426.1666630941651,892425.0,0.9313333333333333,124.08034460400002,6154.633253047608,1861205.16906,80,0.5,15256.841622292462,0.1,1,2.75,1.2,10,0.2,0.03,0,0.01626667778940235,61.1,0.65,0.00113,0.0650667111576094,3.91210447011552,13314.373229822138,75.1606294414835,0.1991,105013.91304347827,0.008489735,0.3539108126830943,2.3,0.09568316878714847,0.3743225523270214,0.7789,0.022,0.5299942788858302,20,80,0.4337685547358234,139037.28,20,1737.9660000000001,1.4,0.20032000137001918,0.07643778971639202,0.01,0.1,0.02,16.3,7.955334696851762,67729.375,0.001,4731.8,9,103933.68299677223,4731800.0,10340028.717,0.6,701335783.4999999,67106030.1490975,371703952.83291113,14868.158113316447,262525800.51799124,37491.309571974336,0.05,59937500.0,0.6,0.01,1,0.06,0.2,0,3.439,2.68,0.2,2.68,2.31,0.5,4945.172339245099,1098.9328748471944,1500.1023898433282,2.40354609929078,0.7340425531914894,2043.6177484822151,0.5964539007092199,-0.058714944554935915,1035,3389,841,218.6368154982261,-458.6860990993973,5302.0167369016335,12685.358492936135,246605.42962333182,22814900.0,0.9999996085670363,0.7654749931821715,0.0284,0.0145,0.00844,438.2199486633316,2.0,1.4364434438967975,30222.06542505735,0.0103,0.001462,0,1.2460333424237713,76120.14777896882,1.4075416780297143,0.0,1.3957737755871902,2.6,0.0672,69510.7504776319,2.3,163252.79441064567,2.3485977821974364,0.37288688779359513,80,0.662,80,0.0215
2032,2071,2021,1,1,3333,249894,0.268,61250,11666,111795.48905371926,0.9813674184910468,2585.2305918331567,0.14281000000000002,0.04,94,484000.0,2,0,18.489,75,0,40.0,0,0.0,0,93440.0,12000,150,0.0,0,0,0.0,0,0.03683083758838414,0.5,73526.88948941493,66.931875,20,517001.43585,7961822.11209,16.3,0.15,0,0.18,0.05,0.77,0.1,428.8669137518496,892425.0,0.9721666666666666,124.08034460400002,6154.633253047608,1861205.16906,80,0.5,15256.841622292462,0.1,1,2.75,1.2,10,0.2,0.03,0,0.016310852294192067,61.1,0.65,0.00113,0.06524340917676827,3.91210447011552,8080.9105129383415,78.03638232308774,0.1991,108649.56521739131,0.008418266,0.29001248277155756,2.3,0.05600109781748344,0.2190821451031535,0.7789,0.022,0.7249167570793631,20,80,0.44052933141384815,139037.28,20,1737.9660000000001,1.4,0.3685558654575688,0.07344481072871813,0.01,0.1,0.02,16.3,7.973626417601063,67729.375,0.001,4731.8,9,110738.77456430432,4731800.0,10340028.717,0.6,727284911.0,40728753.44209074,527221019.1548732,21088.840766194928,159335138.4030361,22754.651115337587,0.05,59937500.0,0.6,0.01,1,0.06,0.2,0,3.439,2.68,0.2,2.68,2.31,0.5,5127.140586686593,1143.7159299146322,1555.2734901780343,2.40354609929078,0.7340425531914894,2118.778377923699,0.5964539007092199,-0.05665420205672607,1035,3389,841,227.85165476199248,-471.5659586212966,5450.896833525738,12641.363163144717,253530.0852802669,22814900.0,0.9999996223053196,0.7419852918180794,0.0284,0.0145,0.00844,466.9125417802886,2.0,1.4402960776419476,32200.864950364732,0.0103,0.001462,0,1.2773529442425609,76338.78459446704,1.4466911803032012,0.0,1.4111843105677906,2.6,0.0672,74061.98938583888,2.3,167836.9164555367,2.2661680822690426,0.3805921552838953,80,0.662,80,0.0215
2033,2071,2021,1,1,3333,257816,0.268,62276,11782,97953.99753815508,0.9836743337436408,2769.6631014421764,0.14281000000000002,0.04000000000000001,94,484000.0,2,0,18.489,75,0,40.0,0,0.0,0,93480.0,12000,150,0.0,0,0,0.0,0,0.03691165699425179,0.5,52400.50219971894,66.931875,20,517001.43585,7961822.11209,16.3,0.15,0,0.18,0.05,0.77,0.1,431.0295879262083,892425.0,0.9818333333333333,124.08034460400002,6154.633253047608,1861205.16906,80,0.5,15256.841622292462,0.1,1,2.75,1.2,10,0.2,0.03,0,0.016368830997125897,61.1,0.65,0.00113,0.06547532398850359,3.91210447011552,245.92884634558803,81.08807291013888,0.1991,112093.91304347827,0.00834799,0.2013475751637932,2.3,0.0016470190157753823,0.006443310453980167,0.7789,0.022,0.9919096705302445,20,80,0.44790864723475604,139037.28,20,1737.9660000000001,1.4,0.3591944835676087,0.07056289801192094,0.01,0.1,0.02,16.3,7.997402411021814,67729.375,0.001,4731.8,9,118023.67033843613,4731800.0,10340028.717,0.6,752578279.5,1239510.7371960205,746489673.2670633,29859.586930682537,4849095.495740757,692.4993277467377,0.05,59937500.0,0.6,0.01,1,0.06,0.2,0,3.439,2.68,0.2,2.68,2.31,0.5,5316.104837398045,1190.4272977253427,1612.5555155003008,2.40354609929078,0.7340425531914894,2196.8147602467866,0.5964539007092199,-0.05456601864145192,1035,3389,841,237.17911728084684,-484.0631133113523,5595.353191502189,12583.540910215017,260248.9856512646,22814900.0,0.9999996362265424,0.7195230395174302,0.0284,0.0145,0.00844,497.62815350605524,2.0,1.4444094767010096,34319.1830004176,0.0103,0.001462,0,1.3073026139767596,76566.63624922904,1.4841282674709497,0.0,1.4276379068040388,2.6,0.0672,78934.12090096048,2.3,172284.82850113718,2.1826407456580768,0.3888189534020194,80,0.662,80,0.0215
2034,2071,2021,1,1,3333,265554,0.268,63301,12042,106749.6794866546,0.9822083867522242,2957.603107530873,0.14281000000000002,0.04,94,484000.0,2,0,18.489,75,0,40.0,0,0.0,0,93520.0,12000,150,0.0,0,0,0.0,0,0.03703169287762255,0.5,53382.65596226616,66.931875,20,517001.43585,7961822.11209,16.3,0.15,0,0.18,0.05,0.77,0.1,433.13219762796723,892425.0,1.0035,124.08034460400002,6154.633253047608,1861205.16906,80,0.5,15256.841622292462,0.1,1,2.75,1.2,10,0.2,0.03,0,0.016446126938811274,61.1,0.65,0.00113,0.0657845077552451,3.91210447011552,253.77155766758392,84.35459812253355,0.1991,115458.26086956523,0.008278878,0.20012008823777958,2.3,0.0016470190157753823,0.006443310453980167,0.7789,0.022,0.9919096705302445,20,80,0.455280770740049,139037.28,20,1737.9660000000001,1.4,0.35058635271399974,0.06778718543812555,0.01,0.1,0.02,16.3,8.011972329545022,67729.375,0.001,4731.8,9,125837.19852438844,4731800.0,10340028.717,0.6,776578124.4999996,1279038.9382866817,770295351.6137898,30811.814064551592,5003733.947923159,714.5832451029065,0.05,59937500.0,0.6,0.01,1,0.06,0.2,0,3.439,2.68,0.2,2.68,2.31,0.5,5512.5071483461215,1239.1722632690378,1672.077611572637,2.40354609929078,0.7340425531914894,2277.9028331569257,0.5964539007092199,-0.052456920139298195,1035,3389,841,246.6345150521281,-496.16078507739905,5735.191870518321,12514.406680092738,266753.1102566661,22814900.0,0.9999996502871991,0.6981225254651698,0.0284,0.0145,0.00844,530.5726602511289,2.0,1.4488087316882625,36591.21794835372,0.0103,0.001462,0,1.3358366327131068,76803.81536650988,1.5197957908913837,0.0,1.4452349267530504,2.6,0.0672,84159.80128121354,2.3,176590.55898991297,2.0982768055719276,0.3976174633765253,80,0.662,80,0.0215
2035,2071,2021,1,1,3333,272520,0.268,63988,12356,116039.32916090947,0.9806601118065151,3143.7945879366844,0.14281000000000002,0.04000000000000001,94,484000.0,2,0,18.489,75,0,40.0,0,0.0,0,93560.0,12000,150,0.0,0,0,0.0,0,0.03720698074197096,0.5,54325.74792832599,66.931875,20,517001.43585,7961822.11209,16.3,0.15,0,0.18,0.05,0.77,0.1,434.2576992828024,892425.0,1.0296666666666667,124.08034460400002,6154.633253047608,1861205.16906,80,0.5,15256.841622292462,0.1,1,2.75,1.2,10,0.2,0.03,0,0.016550765120985477,61.1,0.65,0.00113,0.06620306048394191,3.91210447011552,261.302352052282,87.89246675319262,0.1991,118486.95652173914,0.008210901,0.19896905624700778,2.3,0.0016470190157753823,0.006443310453980167,0.7789,0.022,0.9919096705302445,20,80,0.46022189156749904,139037.28,20,1737.9660000000001,1.4,0.34266522988381565,0.06511468031242956,0.01,0.1,0.02,16.3,8.0388565976809,67729.375,0.001,4731.8,9,134183.7562325835,4731800.0,10340028.717,0.6,799623457.9999995,1316995.040786067,793154240.7730343,31726.16963092138,5152222.186179168,735.7888504082471,0.05,59937500.0,0.6,0.01,1,0.06,0.2,0,3.439,2.68,0.2,2.68,2.31,0.5,5716.89180237281,1290.0316733024868,1733.9974761519434,2.40354609929078,0.7340425531914894,2362.257431279459,0.5964539007092199,-0.0503526772689903,1035,3389,841,254.3847547955689,-507.84726556296346,5870.2775320450055,12436.418803529383,273036.1642811631,22814900.0,0.9999996643154849,0.6778069806828104,0.0284,0.0145,0.00844,565.7646017366852,2.0,1.4465036913995757,39018.24839563346,0.0103,0.001462,0,1.3629240257562527,77050.449881562,1.553655032195316,0.0,1.4534963086004242,2.6,0.0672,89741.97130995695,2.3,180749.94075412996,2.014107090759612,0.40699261720084845,80,0.662,80,0.0215
2036,2071,2021,1,1,3333,279519,0.268,65129,12555,125846.26468906242,0.9790256225518229,3305.76309941118,0.14281000000000002,0.04,94,484000.0,2,0,18.489,75,0,48440.0,0,0.0,0,93600.0,12000,150,48400.0,0,0,0.1,0,0.03723612677261942,0.5,55266.83833393715,66.931875,20,517001.43585,7961822.11209,16.3,0.15,0,0.18,0.05,0.77,0.1,435.7345564880668,892425.0,1.04625,124.08034460400002,6154.633253047608,1861205.16906,80,0.5,15256.841622292462,0.1,1,2.75,1.2,10,0.2,0.03,0,0.01658205563630971,61.1,0.65,0.00113,0.06632822254523885,3.91210447011552,268.8171635416424,91.23409221506438,0.1991,121530.00000000001,0.008144031,0.19802198393021517,2.3,0.0016470190157753823,0.006443310453980167,0.7789,0.022,0.9919096705302445,20,80,0.4684283236841227,139037.28,20,1737.9660000000001,1.4,0.3353703279329193,0.062345866449878884,0.01,0.1,0.02,16.3,8.062969243593459,67729.375,0.001,4731.8,9,143049.60135512525,4731800.0,10340028.717,0.6,822619881.5,1354870.5875853917,815964615.6302937,32638.58462521175,5300395.282120876,756.9494502396824,0.05,59937500.0,0.6,0.01,1,0.06,0.2,0,3.439,2.68,0.2,2.68,2.31,0.5,5929.676752020559,1347.3226820502898,1798.514286853755,2.40354609929078,0.7340425531914894,2450.149898032652,0.5964539007092199,-0.046559919474797186,1035,3389,841,261.38304639664653,-519.1156924139773,6000.530853172316,12351.466129402246,279094.4582870845,22814900.0,0.9999996781336018,0.6585642710149724,0.0284,0.0145,0.00844,603.1460365365851,1.9827995973739858,1.4415377879925995,41596.27838183346,0.0103,0.001462,0,1.3885809719800368,77304.83463635757,1.5857262149750462,0.0,1.4584622120074004,2.6,0.0672,95671.44027821695,2.3,184760.53138604993,1.9311983894959437,0.41692442401480095,80,0.662,80,0.0215
2037,2071,2021,1,1,3333,286370,0.268,65639,12948,136084.6575145723,0.9773192237475713,3466.452174784188,0.14281000000000002,0.04,94,532400.0,2,0,18.489,75,0,40.0,0,0.0,0,142040.0,12000,150,0.0,0,0,0.0,0,0.037075329597314986,0.5,56210.93108022129,66.931875,20,517001.43585,7961822.11209,16.3,0.15,0,0.18,0.05,0.77,0.1,437.2702882414564,892425.0,1.079,124.08034460400002,6154.633253047608,1861205.16906,80,0.5,15256.841622292462,0.1,1,2.75,1.2,10,0.2,0.03,0,0.016518104298657493,61.1,0.65,0.00113,0.06607241719462997,3.91210447011552,276.3559493740093,94.22264907177362,0.1991,124508.69565217392,0.008078242,0.19728236897015994,2.3,0.0016470190157753823,0.006443310453980167,0.7789,0.022,0.9919096705302445,20,80,0.4720964046477319,139037.28,20,1737.9660000000001,1.4,0.49851491782852714,0.05967400100661871,0.01,0.1,0.02,16.3,8.090784649230013,67729.375,0.001,4731.8,9,152343.901434351,4731800.0,10340028.717,0.6,845689669.9999996,1392866.9679348073,838847761.9405308,33553.91047762123,5449041.091534035,778.1775582819757,0.05,59937500.0,0.6,0.01,1,0.06,0.2,0,3.439,2.68,0.2,2.68,2.31,0.5,6150.312422373786,1407.6481982611351,1865.4839928414087,2.40354609929078,0.7340425531914894,2541.383990247716,0.5964539007092199,-0.04256349939134283,1035,3389,841,267.6982208006699,-529.9628768398749,6125.914974224358,12261.490835618662,284926.2778709004,22814900.0,0.999999691455002,0.6403857127735957,0.0284,0.0145,0.00844,642.3339839482668,1.962817496956714,1.436341183827302,44298.895444708054,0.0103,0.001462,0,1.4128190496352058,77566.21768275421,1.612819049635206,0.0,1.463658816172698,2.6,0.0672,101887.45952282852,2.3,188621.1959505361,1.8512699878268566,0.42731763234539627,80,0.662,80,0.0215
2038,2071,2021,1,1,3333,293745,0.268,65675,13400,146839.71453833784,0.9755267142436104,3607.2022847324847,0.14281000000000002,0.04,94,532400.0,2,0,18.489,75,0,40.0,0,0.0,0,142080.0,12000,150,0.0,0,0,0.0,0,0.03649303794672257,0.5,57253.84564570211,66.931875,20,517001.43585,7961822.11209,16.3,0.15,0,0.18,0.05,0.77,0.1,439.8701877959603,892425.0,1.1166666666666667,124.08034460400002,6154.633253047608,1861205.16906,80,0.5,15256.841622292462,0.1,1,2.75,1.2,10,0.2,0.03,0,0.016243142223361283,61.1,0.65,0.00113,0.06497256889344513,3.91210447011552,284.68384891731273,96.18129310132008,0.1991,127715.21739130435,0.008013507,0.19706561464602518,2.3,0.0016470190157753823,0.006443310453980167,0.7789,0.022,0.9919096705302445,20,80,0.472355328009869,139037.28,20,1737.9660000000001,1.4,0.48903409392219704,0.05714495755803148,0.01,0.1,0.02,16.3,8.125342729237946,67729.375,0.001,4731.8,9,162056.04389263573,4731800.0,10340028.717,0.6,871174262.0000002,1434840.5755680855,864126175.1948491,34565.04700779397,5613246.2295830585,801.6276940467567,0.05,59937500.0,0.6,0.01,1,0.06,0.2,0,3.439,2.68,0.2,2.68,2.31,0.5,6377.612590688543,1469.945968805679,1934.647426734519,2.40354609929078,0.7340425531914894,2635.6066393194897,0.5964539007092199,-0.038728044780576044,1035,3389,841,273.4352950872441,-540.3893169911462,6246.435653392278,12168.267781201825,290531.89085545484,22814900.0,0.9999997042398507,0.6232550458831972,0.0284,0.0145,0.00844,683.2836977153877,1.9309206717086407,1.4309204869815797,47123.013635543975,0.0103,0.001462,0,1.4356599388224036,77833.91590355488,1.6356599388224038,0.0,1.4690795130184202,2.6,0.0672,108382.93136175114,2.3,192332.1117463111,1.7745608956115209,0.43815902603684037,80,0.662,80,0.0215
2039,2071,2021,1,1,3333,299691,0.268,66763,13357,157690.67888782095,0.9737182201853631,3701.3457422616207,0.14281000000000002,0.04,94,532400.0,2,0,18.489,75,0,40.0,0,0.0,0,142120.0,12000,150,0.0,0,0,0.0,0,0.03585061842123871,0.5,58049.453974433396,66.931875,20,517001.43585,7961822.11209,16.3,0.15,0,0.18,0.05,0.77,0.1,440.60716415587785,892425.0,1.1130833333333334,124.08034460400002,6154.633253047608,1861205.16906,80,0.5,15256.841622292462,0.1,1,2.75,1.2,10,0.2,0.03,0,0.015937858960619358,61.1,0.65,0.00113,0.06375143584247743,3.91210447011552,291.03695439382415,97.9362867729631,0.1991,130300.4347826087,0.007949801,0.19617045725928908,2.3,0.0016470190157753823,0.006443310453980167,0.7789,0.022,0.9919096705302445,20,80,0.4801805673989019,139037.28,20,1737.9660000000001,1.4,0.4802757558747957,0.05477585212686659,0.01,0.1,0.02,16.3,8.141862785335562,67729.375,0.001,4731.8,9,172111.39991338755,4731800.0,10340028.717,0.6,890615695.0,1466860.9854130081,883410320.5965147,35336.41282386059,5738513.418072311,819.5171012349069,0.05,59937500.0,0.6,0.01,1,0.06,0.2,0,3.439,2.68,0.2,2.68,2.31,0.5,6609.517079836906,1533.522469088153,2005.248588691871,2.40354609929078,0.7340425531914894,2731.7879324208097,0.5964539007092199,-0.03509170604969448,1035,3389,841,279.0590140656953,-550.3988006192684,6362.1366738248735,12073.403461731374,295913.3336662732,22814900.0,0.9999997163609798,0.6071500419522651,0.0284,0.0145,0.00844,725.6805172271356,1.876375590745417,1.4253147575992826,50046.932222561074,0.0103,0.001462,0,1.4571332773969798,78107.35119864212,1.65713327739698,0.0,1.4746852424007173,2.6,0.0672,115107.94411189047,2.3,195894.62688707287,1.7018341209938894,0.4493704848014348,80,0.662,80,0.0215
2040,2071,2021,1,1,3333,306035,0.268,67424,13554,168843.1873209402,0.9718594687798433,3793.0981027372677,0.14281000000000002,0.04,94,532400.0,2,0,18.489,75,0,40.0,0,0.0,0,142160.0,12000,150,0.0,0,0,0.0,0,0.03496786658585226,0.5,58968.64969865905,66.931875,20,517001.43585,7961822.11209,16.3,0.15,0,0.18,0.05,0.77,0.1,442.21588871096634,892425.0,1.1295,124.08034460400002,6154.633253047608,1861205.16906,80,0.5,15256.841622292462,0.1,1,2.75,1.2,10,0.2,0.03,0,0.015512158292926131,61.1,0.65,0.00113,0.062048633171704524,3.91210447011552,298.3769320922429,98.94941897152282,0.1991,133058.69565217392,0.0078871,0.19586085215801052,2.3,0.0016470190157753823,0.006443310453980167,0.7789,0.022,0.9919096705302445,20,80,0.48493468802036405,139037.28,20,1737.9660000000001,1.4,0.47217595934566464,0.05256407783979017,0.01,0.1,0.02,16.3,8.174166680281669,67729.375,0.001,4731.8,9,182344.71262228113,4731800.0,10340028.717,0.6,913077101.5000002,1503855.3490395693,905690006.9175758,36227.60027670304,5883239.233384862,840.1853949196923,0.05,59937500.0,0.6,0.01,1,0.06,0.2,0,3.439,2.68,0.2,2.68,2.31,0.5,6845.267739125302,1598.049532154321,2077.137990684791,2.40354609929078,0.7340425531914894,2829.724219193773,0.5964539007092199,-0.031717054158983626,1035,3389,841,284.5557218147478,-559.9980150756226,6473.095335551549,11978.435770218115,301074.20165356045,22814900.0,0.9999997276098195,0.5920486706254873,0.0284,0.0145,0.00844,768.8276629901357,1.8257558123847544,1.4196084442004069,53022.59744759556,0.0103,0.001462,0,1.477268439166017,78386.41021270782,1.677268439166017,0.0,1.480391555799593,2.6,0.0672,121951.97412946977,2.3,199311.12149465704,1.6343410831796725,0.46078311159918606,80,0.662,80,0.0215
2041,2071,2021,1,1,3333,312123,0.268,67648,13871,180069.2089198987,0.9699884651800169,3867.049020785048,0.14281000000000002,0.04,94,532400.0,2,0,18.489,75,0,53280.0,0,0.0,0,142200.0,12000,150,53240.0,0,0,0.1,0,0.0336414375264374,0.5,59794.20525532717,66.931875,20,517001.43585,7961822.11209,16.3,0.15,0,0.18,0.05,0.77,0.1,443.7192159905133,892425.0,1.1559166666666667,124.08034460400002,6154.633253047608,1861205.16906,80,0.5,15256.841622292462,0.1,1,2.75,1.2,10,0.2,0.03,0,0.014864373763218698,61.1,0.65,0.00113,0.059457495052874794,3.91210447011552,304.96917269459607,98.52479123366193,0.1991,135705.65217391305,0.00782538,0.1953934198432564,2.3,0.0016470190157753823,0.006443310453980167,0.7789,0.022,0.9919096705302445,20,80,0.4865457667181061,139037.28,20,1737.9660000000001,1.4,0.46467620370680734,0.050507335113470345,0.01,0.1,0.02,16.3,8.191803231418383,67729.375,0.001,4731.8,9,192745.17866457152,4731800.0,10340028.717,0.6,933250323.0000001,1537081.0284595178,925700020.4091743,37028.00081636698,6013221.562366268,858.7481713215268,0.05,59937500.0,0.6,0.01,1,0.06,0.2,0,3.439,2.68,0.2,2.68,2.31,0.5,7082.734998696109,1663.1247681407988,2149.7710748234617,2.40354609929078,0.7340425531914894,2928.673638165296,0.5964539007092199,-0.02857745778037098,1035,3389,841,289.927270104444,-569.1963519760617,6579.420197572754,11884.705530444478,306019.54407315137,22814900.0,0.9999997380751408,0.5779231647402102,0.0284,0.0145,0.00844,812.679584366469,1.7715491556074197,1.4138072771357924,56046.86788734269,0.0103,0.001462,0,1.496102447013053,78670.96593452257,1.696102447013053,0.0,1.4861927228642076,2.6,0.0672,128907.79614088818,2.3,202584.93817642622,1.5715491556074197,0.47238544572841523,80,0.662,80,0.0215
2042,2071,2021,1,1,3333,318162,0.268,68372,14163,191368.52188674093,0.9681052463522098,3919.9506554693617,0.14281,0.04,94,585640.0,2,0,18.489,75,0,40.0,0,0.0,0,195480.0,12000,150,0.0,0,0,0.0,0,0.032401003277083854,0.5,60589.54173032589,66.931875,20,517001.43585,7961822.11209,16.3,0.15,0,0.18,0.05,0.77,0.1,445.4059383816649,892425.0,1.18025,124.08034460400002,6154.633253047608,1861205.16906,80,0.5,15256.841622292462,0.1,1,2.75,1.2,10,0.2,0.03,0,0.014259346888541928,61.1,0.65,0.00113,0.057037387554167714,3.91210447011552,311.3201073599497,98.08426623133872,0.1991,138331.3043478261,0.007764619,0.1949748782825381,2.3,0.0016470190157753823,0.006443310453980167,0.7789,0.022,0.9919096705302445,20,80,0.49175300322330817,139037.28,20,1737.9660000000001,1.4,0.6290473259611093,0.048614579152609916,0.01,0.1,0.02,16.3,8.203670457188476,67729.375,0.001,4731.8,9,203249.155156415,4731800.0,10340028.717,0.6,952685113.0000001,1569090.497157119,944977576.5548989,37799.10306219596,6138445.947944177,876.631465825908,0.05,59937500.0,0.6,0.01,1,0.06,0.2,0,3.439,2.68,0.2,2.68,2.31,0.5,7319.1768492662895,1727.8767288370195,2222.092464133277,2.40354609929078,0.7340425531914894,3027.1984293989576,0.5964539007092199,-0.0256698014388972,1035,3389,841,295.17113840227785,-578.0054774805276,6681.24611066201,11793.362668140362,310755.633054047,22814900.0,0.9999997477673286,0.5647412110187875,0.0284,0.0145,0.00844,856.9679411945384,1.713396028777944,1.4079439216855856,59101.23732376127,0.0103,0.001462,0,1.5136783853082834,78960.893204627,1.7136783853082833,0.0,1.4920560783144143,2.6,0.0672,135932.8458446509,2.3,205720.22908177914,1.513396028777944,0.48411215662882856,80,0.662,80,0.0215
2043,2071,2021,1,1,3333,322669,0.268,69380,14510,202539.5507211527,0.9662434082131413,3969.830700546684,0.14281000000000002,0.04,94,585640.0,2,0,18.489,75,0,40.0,0,0.0,0,195520.0,12000,150,0.0,0,0,0.0,0,0.031100748313804896,0.5,61226.973010346526,66.931875,20,517001.43585,7961822.11209,16.3,0.15,0,0.18,0.05,0.77,0.1,445.2157806488578,892425.0,1.2091666666666667,124.08034460400002,6154.633253047608,1861205.16906,80,0.5,15256.841622292462,0.1,1,2.75,1.2,10,0.2,0.03,0,0.013624175406902448,61.1,0.65,0.00113,0.05449670162760979,3.91210447011552,316.4101347135554,97.19863052628756,0.1991,140290.8695652174,0.007704795,0.19419272002807675,2.3,0.0016470190157753823,0.006443310453980167,0.7789,0.022,0.9919096705302445,20,80,0.4990028573631475,139037.28,20,1737.9660000000001,1.4,0.6201280049149808,0.04686889094445683,0.01,0.1,0.02,16.3,8.221337655616122,67729.375,0.001,4731.8,9,213782.75271080615,4731800.0,10340028.717,0.6,968261341.9999994,1594744.84251419,960427788.7303917,38417.111549215675,6238808.427093461,890.9642314732173,0.05,59937500.0,0.6,0.01,1,0.06,0.2,0,3.439,2.68,0.2,2.68,2.31,0.5,7554.340431904598,1792.2335755618014,2294.090489345643,2.40354609929078,0.7340425531914894,3125.2826956302965,0.5964539007092199,-0.022991033472389115,1035,3389,841,300.2842734320928,-586.4389240893236,6778.729498881964,11705.371476781756,315289.74413404486,22814900.0,0.999999756696555,0.552466806067812,0.0284,0.0145,0.00844,901.3811905515234,1.6598206694477824,1.4020562713295865,62164.220038036096,0.0103,0.001462,0,1.5300442585762508,79256.06434302928,1.7300442585762508,0.0,1.4979437286704134,2.6,0.0672,142977.706087483,2.3,208721.8106167377,1.4598206694477822,0.49588745734082684,80,0.662,80,0.0215
2044,2071,2021,1,1,3333,328012,0.268,69982,14545,213851.60649917636,0.9643580655834706,4005.5514042142536,0.14281000000000005,0.04,94,585640.0,2,0,18.489,75,0,40.0,0,0.0,0,195560.0,12000,150,0.0,0,0,0.0,0,0.02973595932480489,0.5,61986.63092349683,66.931875,20,517001.43585,7961822.11209,16.3,0.15,0,0.18,0.05,0.77,0.1,446.43818358988904,892425.0,1.2120833333333334,124.08034460400002,6154.633253047608,1861205.16906,80,0.5,15256.841622292462,0.1,1,2.75,1.2,10,0.2,0.03,0,0.012956508412402446,61.1,0.65,0.00113,0.05182603364960978,3.91210447011552,322.47616830574583,95.82357363953551,0.1991,142613.91304347827,0.007645885,0.1939324880814925,2.3,0.0016470190157753823,0.006443310453980167,0.7789,0.022,0.9919096705302445,20,80,0.5033326313633293,139037.28,20,1737.9660000000001,1.4,0.6118325323411076,0.04525979483837549,0.01,0.1,0.02,16.3,8.242467348755536,67729.375,0.001,4731.8,9,224335.1505756795,4731800.0,10340028.717,0.6,986824293.0000002,1625318.3758000978,978840559.3408717,39153.62237363487,6358415.2833284885,908.0452866121417,0.05,59937500.0,0.6,0.01,1,0.06,0.2,0,3.439,2.68,0.2,2.68,2.31,0.5,7787.134527932195,1855.951850863825,2365.4384202638757,2.40354609929078,0.7340425531914894,3222.481326156584,0.5964539007092199,-0.020515155680898116,1035,3389,841,304.4889814966287,-594.511701769411,6872.043864538889,11621.520528675148,319629.9471878553,22814900.0,0.9999997649494811,0.5410611106765739,0.0284,0.0145,0.00844,945.8737084464533,1.6103031136179624,1.3923001436272169,65232.669548031256,0.0103,0.001462,0,1.5452518524312349,79556.34861646137,1.7452518524312348,0.0,1.5,2.6,0.0672,150035.1399604719,2.3,211595.02503836024,1.4103031136179622,0.5076998563727831,80,0.662,80,0.0215
2045,2071,2021,1,1,3333,333504,0.268,70188,14887,225128.95664821868,0.9624785072252969,4009.3048493076963,0.14281000000000002,0.04,94,585640.0,2,0,18.489,75,0,40.0,0,0.0,0,195600.0,12000,150,0.0,0,0,0.0,0,0.028474124391529916,0.5,62741.74947679373,66.931875,20,517001.43585,7961822.11209,16.3,0.15,0,0.18,0.05,0.77,0.1,448.08400171260183,892425.0,1.2405833333333334,124.08034460400002,6154.633253047608,1861205.16906,80,0.5,15256.841622292462,0.1,1,2.75,1.2,10,0.2,0.03,0,0.012340094945764959,61.1,0.65,0.00113,0.049360379783059835,3.91210447011552,328.5059541226138,94.48582648581792,0.1991,145001.73913043478,0.007587869,0.19377601340387435,2.3,0.0016470190157753823,0.006443310453980167,0.7789,0.022,0.9919096705302445,20,80,0.5048142483800029,139037.28,20,1737.9660000000001,1.4,0.6041047394736234,0.043779224311229624,0.01,0.1,0.02,16.3,8.25831684177701,67729.375,0.001,4731.8,9,234857.38217142495,4731800.0,10340028.717,0.6,1005276320.4999999,1655709.2159722075,997143303.8590113,39885.732154360456,6477307.425016366,925.0242733665874,0.05,59937500.0,0.6,0.01,1,0.06,0.2,0,3.439,2.68,0.2,2.68,2.31,0.5,8016.646995684927,1918.7183263649902,2435.7770009141727,2.40354609929078,0.7340425531914894,3318.3048997961196,0.5964539007092199,-0.0182314695869687,1035,3389,841,308.12708350332485,-602.2399365994135,6961.375611229776,11542.188507100098,323784.91215022217,22814900.0,0.9999997725617681,0.5304718971307743,0.0284,0.0145,0.00844,990.2390350350863,1.5557867396742175,1.3805037590635696,68292.34724379906,0.0103,0.001462,0,1.5593708038256344,79860.837597958,1.7593708038256344,0.0,1.5,2.6,0.0672,157072.39866073782,2.3,214345.61184344708,1.364629391739374,0.5194962409364303,80,0.662,80,0.0215
2046,2071,2021,1,1,3333,336812,0.268,71448,15053,235956.63219103863,0.9606738946348269,4004.5136758305084,0.14281000000000002,0.04000000000000001,94,585640.0,2,0,18.489,75,0,58604.0,0,0.0,0,195640.0,12000,150,58564.0,0,0,0.1,0,0.02721739797700596,0.5,63186.8576843302,66.931875,20,517001.43585,7961822.11209,16.3,0.15,0,0.18,0.05,0.77,0.1,447.03301818704114,892425.0,1.2544166666666667,124.08034460400002,6154.633253047608,1861205.16906,80,0.5,15256.841622292462,0.1,1,2.75,1.2,10,0.2,0.03,0,0.01172601748850298,61.1,0.65,0.00113,0.04690406995401192,3.91210447011552,332.06023992986445,92.8872834094507,0.1991,146440.0,0.007530726,0.19278187032708027,2.3,0.0016470190157753823,0.006443310453980167,0.7789,0.022,0.9919096705302445,20,80,0.513876566054802,139037.28,20,1737.9660000000001,1.4,0.5968938240165595,0.04241416561841641,0.01,0.1,0.02,16.3,8.265681448404449,67729.375,0.001,4731.8,9,245239.94950670845,4731800.0,10340028.717,0.6,1016152955.4999998,1673623.2406448554,1007931943.2983389,40317.277731933566,6547388.961015992,935.032617522694,0.05,59937500.0,0.6,0.01,1,0.06,0.2,0,3.439,2.68,0.2,2.68,2.31,0.5,8242.818281591683,1980.4704106574914,2505.1336182282307,2.40354609929078,0.7340425531914894,3412.7907262819376,0.5964539007092199,-0.01614571028726759,1035,3389,841,311.6180013112575,-609.6400823036573,7046.914929854101,11467.71144191084,327763.4851094931,22814900.0,0.9999997795142991,0.5206513637556868,0.0284,0.0145,0.00844,1034.015489342039,1.50364275718169,1.3688370223335347,71311.41305807166,0.0103,0.001462,0,1.572464848325751,80168.96468146132,1.772464848325751,0.0,1.5,2.6,0.0672,164016.2500335648,2.3,216979.42714248443,1.3229142057453518,0.5311629776664653,80,0.662,80,0.0215
2047,2071,2021,1,1,3333,341821,0.268,71826,15126,246817.61446988967,0.9588637309216851,3997.5759609621314,0.14281000000000002,0.04,94,644204.0,2,0,18.489,75,0,40.0,0,0.0,0,254244.0,12000,150,0.0,0,0,0.0,0,0.025841202860644653,0.5,63832.29669984737,66.931875,20,517001.43585,7961822.11209,16.3,0.15,0,0.18,0.05,0.77,0.1,448.4629023397621,892425.0,1.2605,124.08034460400002,6154.633253047608,1861205.16906,80,0.5,15256.841622292462,0.1,1,2.75,1.2,10,0.2,0.03,0,0.011051991680322327,61.1,0.65,0.00113,0.04420796672128931,3.91210447011552,337.21421079235563,90.59093661253617,0.1991,148617.82608695654,0.007474439,0.19251260109495436,2.3,0.0016470190157753823,0.006443310453980167,0.7789,0.022,0.9919096705302445,20,80,0.5165952613572418,139037.28,20,1737.9660000000001,1.4,0.7667775762939547,0.041155123010672465,0.01,0.1,0.02,16.3,8.270970478700841,67729.375,0.001,4731.8,9,255455.4927700423,4731800.0,10340028.717,0.6,1031924861.0,1699599.8689183681,1023576248.8864783,40943.04995545914,6649012.24460333,949.5454386518018,0.05,59937500.0,0.6,0.01,1,0.06,0.2,0,3.439,2.68,0.2,2.68,2.31,0.5,8464.8034297602,2041.0581685836992,2573.3168369011255,2.40354609929078,0.7340425531914894,3505.6780096913885,0.5964539007092199,-0.014238944589111933,1035,3389,841,314.96924083218977,-616.728833262998,7128.854793093791,11398.431387518393,331574.64153924613,22814900.0,0.9999997858701847,0.5115576698760923,0.0284,0.0145,0.00844,1077.087713046122,1.4559736147277986,1.357328346204164,74281.91124456013,0.0103,0.001462,0,1.5845897734985437,80480.58268277258,1.7845897734985436,0.0,1.5,2.6,0.0672,170848.3958624883,2.3,219502.41269898094,1.2847788917822387,0.5426716537958359,80,0.662,80,0.0215
2048,2071,2021,1,1,3333,346376,0.268,71913,15315,257554.74263027136,0.9570742095616215,3988.818680044233,0.14281000000000002,0.04,94,644204.0,2,0,18.489,75,0,40.0,0,0.0,0,254284.0,12000,150,0.0,0,0,0.0,0,0.02453714217355854,0.5,64525.86577564588,66.931875,20,517001.43585,7961822.11209,16.3,0.15,0,0.18,0.05,0.77,0.1,449.4839047478495,892425.0,1.27625,124.08034460400002,6154.633253047608,1861205.16906,80,0.5,15256.841622292462,0.1,1,2.75,1.2,10,0.2,0.03,0,0.01041382458677927,61.1,0.65,0.00113,0.04165529834711708,3.91210447011552,342.7525106500519,88.24216242981296,0.1991,150598.26086956522,0.007418986,0.1924838142310646,2.3,0.0016470190157753823,0.006443310453980167,0.7789,0.022,0.9919096705302445,20,80,0.5172209928157397,139037.28,20,1737.9660000000001,1.4,0.7585416116401129,0.03999824694591736,0.01,0.1,0.02,16.3,8.296256957756887,67729.375,0.001,4731.8,9,265499.05185462546,4731800.0,10340028.717,0.6,1048872869.4999998,1727513.5611973905,1040387142.4138569,41615.48569655428,6758213.524945524,965.1404734974703,0.05,59937500.0,0.6,0.01,1,0.06,0.2,0,3.439,2.68,0.2,2.68,2.31,0.5,8681.249111863051,2100.0920393730885,2639.8144393082,2.40354609929078,0.7340425531914894,3596.2689463039246,0.5964539007092199,-0.012489778245168993,1035,3389,841,318.1884229336139,-623.5231300987587,7207.391019958766,11334.579656167209,335227.48930040776,22814900.0,0.9999997917007392,0.5031489977365555,0.0284,0.0145,0.00844,1119.4347926409043,1.412244456129225,1.3459832778891656,77202.39949247615,0.0103,0.001462,0,1.5958013363512593,80795.55192360477,1.7958013363512593,0.0,1.5,2.6,0.0672,177565.51883269512,2.3,221920.59791686994,1.2497955649033798,0.5540167221108343,80,0.662,80,0.0215
2049,2071,2021,1,1,3333,350318,0.268,72530,15495,267967.80726560357,0.9553386987890661,3978.5863975563425,0.14281000000000002,0.04000000000000001,94,644204.0,2,0,18.489,75,0,40.0,0,0.0,0,254324.0,12000,150,0.0,0,0,0.0,0,0.023340313832082692,0.5,65071.119222198045,66.931875,20,517001.43585,7961822.11209,16.3,0.15,0,0.18,0.05,0.77,0.1,449.8944716203923,892425.0,1.29125,124.08034460400002,6154.633253047608,1861205.16906,80,0.5,15256.841622292462,0.1,1,2.75,1.2,10,0.2,0.03,0,0.009829069416041347,61.1,0.65,0.00113,0.039316277664165386,3.91210447011552,347.1064779632162,85.99764559564039,0.1991,152312.1739130435,0.00736435,0.19210255182865163,2.3,0.0016470190157753823,0.006443310453980167,0.7789,0.022,0.9919096705302445,20,80,0.5216586515501455,139037.28,20,1737.9660000000001,1.4,0.7508137246639428,0.03893299591071276,0.01,0.1,0.02,16.3,8.307103260466207,67729.375,0.001,4731.8,9,275366.8630434055,4731800.0,10340028.717,0.6,1062196647.0000002,1749458.0761018516,1053603126.1641006,42144.12504656403,6844062.759797783,977.4006027267214,0.05,59937500.0,0.6,0.01,1,0.06,0.2,0,3.439,2.68,0.2,2.68,2.31,0.5,8892.107618642442,2157.552945389611,2704.587941517318,2.40354609929078,0.7340425531914894,3684.5111087337377,0.5964539007092199,-0.010880161963972547,1035,3389,841,321.0094852664443,-630.0399479401227,7282.719828340125,11346.340183467459,338731.1548065175,22814900.0,0.9999997970661267,0.4984613308715396,0.0284,0.0145,0.00844,1161.0408590082525,1.3720040490993137,1.3348061180143929,80071.78337987947,0.0103,0.001462,0,1.6061546765138417,81113.74034653838,1.8046160073853812,0.0,1.5,2.6,0.0672,184165.10177372277,2.3,224240.0244819146,1.217603239279451,0.5651938819856072,80,0.662,80,0.0215
2050,2071,2021,1,1,3333,354400,0.268,73036,15814,278230.81435303966,0.9536281976078267,3950.230343150891,0.14281000000000002,0.04,94,644204.0,2,0,18.489,75,0,40.0,0,0.0,0,254364.0,12000,150,0.0,0,0,0.0,0,0.022238771431313524,0.5,65644.58720256727,66.931875,20,517001.43585,7961822.11209,16.3,0.15,0,0.18,0.05,0.77,0.1,450.56676114051004,892425.0,1.3178333333333334,124.08034460400002,6154.633253047608,1861205.16906,80,0.5,15256.841622292462,0.1,1,2.75,1.2,10,0.2,0.03,0,0.009291757465656763,61.1,0.65,0.00113,0.03716702986262705,3.91210447011552,351.68574446297436,83.85148236729772,0.1991,154086.95652173914,0.007310513,0.19185082636165837,2.3,0.0016470190157753823,0.006443310453980167,0.7789,0.022,0.9919096705302445,20,80,0.525297963251295,139037.28,20,1737.9660000000001,1.4,0.7433963054115811,0.03791123097107506,0.01,0.1,0.02,16.3,8.319752257336345,67729.375,0.001,4731.8,9,285056.4021504724,4731800.0,10340028.717,0.6,1076209873.0000002,1772538.1257962096,1067502980.5488265,42700.119221953064,6934354.325377569,990.2951412071707,0.05,59937500.0,0.6,0.01,1,0.06,0.2,0,3.439,2.68,0.2,2.68,2.31,0.5,9097.626261677478,2215.7022562545926,2767.713872858799,2.40354609929078,0.7340425531914894,3770.508754329378,0.5964539007092199,-0.008813770259853715,1035,3389,841,323.60393930666606,-636.4264074974909,7356.541807094651,11404.5284562662,342164.7352137047,22814900.0,0.9999998019770495,0.49598997507866605,0.0284,0.0145,0.00844,1201.8952693171998,1.32924097954744,1.3238008362947637,82889.32891842756,0.0103,0.001462,0,1.616040099685336,81434.74983180483,1.812030074764002,0.0,1.5,2.6,0.0672,190645.4565123834,2.3,226513.05471147253,1.1881377025985371,0.5761991637052362,80,0.662,80,0.0215
2051,2071,2021,1,1,3333,358048,0.268,73424,15831,288197.4880518772,0.9519670853246871,3899.091412526615,0.14281000000000002,0.04000000000000001,94,644204.0,2,0,18.489,75,0,64460.4,0,0.0,0,254404.0,12000,150,64420.4,0,0,0.1,0,0.021222601270267816,0.5,66159.7365824907,66.931875,20,517001.43585,7961822.11209,16.3,0.15,0,0.18,0.05,0.77,0.1,450.70841237249175,892425.0,1.31925,124.08034460400002,6154.633253047608,1861205.16906,80,0.5,15256.841622292462,0.1,1,2.75,1.2,10,0.2,0.03,0,0.008796936385133907,61.1,0.65,0.00113,0.03518774554053563,3.91210447011552,355.7993242592442,81.79955045538863,0.1991,155673.0434782609,0.007257457,0.19144755428120308,2.3,0.0016470190157753823,0.006443310453980167,0.7789,0.022,0.9919096705302445,20,80,0.5280885817098838,139037.28,20,1737.9660000000001,1.4,0.7361731789640327,0.03691895309058242,0.01,0.1,0.02,16.3,8.331308372061848,67729.375,0.001,4731.8,9,294507.92646938644,4731800.0,10340028.717,0.6,1088798029.5000002,1793271.0589252661,1079989294.7153246,43199.57178861299,7015463.725750358,1001.8783746744087,0.05,59937500.0,0.6,0.01,1,0.06,0.2,0,3.439,2.68,0.2,2.68,2.31,0.5,9298.039073981394,2275.254116602439,2829.2644290645812,2.40354609929078,0.7340425531914894,3854.3602366966757,0.5964539007092199,-0.006147344788434269,1035,3389,841,326.1878772575032,-642.7719095470047,7429.890352290643,11462.197604644423,345576.2954553788,22814900.0,0.999999806421092,0.4935768222454898,0.0284,0.0145,0.00844,1241.7461278877881,1.2825785337976,1.3130291423118303,85637.66399226125,0.0103,0.001462,0,1.6256927110180408,81758.35377111149,1.8192695332635305,0.0,1.5,2.6,0.0672,196966.62718220087,2.3,228771.50759146074,1.1614734478843427,0.5869708576881696,80,0.662,80,0.0215
2052,2071,2021,1,1,3333,361423,0.268,74459,15987,297789.716312597,0.9503683806145672,3851.4842951922246,0.14281000000000002,0.039999999999999994,94,708624.4,2,0,18.489,75,0,40.0,0,0.0,0,318864.4,12000,150,0.0,0,0,0.0,0,0.02018092372066357,0.5,66613.35440933764,66.931875,20,517001.43585,7961822.11209,16.3,0.15,0,0.18,0.05,0.77,0.1,450.5356138249917,892425.0,1.33225,124.08034460400002,6154.633253047608,1861205.16906,80,0.5,15256.841622292462,0.1,1,2.75,1.2,10,0.2,0.03,0,0.008289170360331785,61.1,0.65,0.00113,0.03315668144132714,3.91210447011552,359.4215612267482,79.43534041685916,0.1991,157140.4347826087,0.007205166,0.19088789941689613,2.3,0.0016470190157753823,0.006443310453980167,0.7789,0.022,0.9919096705302445,20,80,0.535532628371326,139037.28,20,1737.9660000000001,1.4,0.9137410366816291,0.03600590023686962,0.01,0.1,0.02,16.3,8.337535242638126,67729.375,0.001,4731.8,9,303646.53690325934,4731800.0,10340028.717,0.6,1099882604.9999998,1811527.5655555632,1090984192.3474967,43639.36769389987,7086885.086947436,1012.0780592669636,0.05,59937500.0,0.6,0.01,1,0.06,0.2,0,3.439,2.68,0.2,2.68,2.31,0.5,9493.369001635761,2332.9509732403517,2889.3087799307705,2.40354609929078,0.7340425531914894,3936.1597871520644,0.5964539007092199,-0.0037566781891160968,1035,3389,841,328.7612822875838,-649.0764452846253,7502.765362160989,11519.386340576053,348965.83079818555,22814900.0,0.9999998104055363,0.491221366000226,0.0284,0.0145,0.00844,1280.2776345150512,1.240741868309532,1.3025674417147775,88295.00927690008,0.0103,0.001462,0,1.6351145359990962,82084.54164836899,1.8263359019993222,0.0,1.5,2.6,0.0672,203078.52133687015,2.3,231015.37998839884,1.137566781891161,0.5974325582852226,80,0.662,80,0.0215
2053,2071,2021,1,1,3333,365456,0.268,75083,16138,307183.72757202084,0.9488027120713298,3739.8624715772225,0.14281000000000002,0.04,94,708624.4,2,0,18.489,75,0,40.0,0,0.0,0,318904.4,12000,150,0.0,0,0,0.0,0,0.019091861541994132,0.5,67164.98596269266,66.931875,20,517001.43585,7961822.11209,16.3,0.15,0,0.18,0.05,0.77,0.1,451.2062273237284,892425.0,1.3448333333333333,124.08034460400002,6154.633253047608,1861205.16906,80,0.5,15256.841622292462,0.1,1,2.75,1.2,10,0.2,0.03,0,0.0077575250209970656,61.1,0.65,0.00113,0.031030100083988262,3.91210447011552,363.82645910938453,76.66518618425215,0.1991,158893.91304347827,0.007153623,0.19062907650895747,2.3,0.0016470190157753823,0.006443310453980167,0.7789,0.022,0.9919096705302445,20,80,0.5400206333150361,139037.28,20,1737.9660000000001,1.4,0.9051211787703022,0.035165945566208986,0.01,0.1,0.02,16.3,8.34657934197277,67729.375,0.001,4731.8,9,312488.9166093282,4731800.0,10340028.717,0.6,1113362237.5000002,1833728.7766087279,1104354770.179441,44174.19080717764,7173738.543950501,1024.4816014615712,0.05,59937500.0,0.6,0.01,1,0.06,0.2,0,3.439,2.68,0.2,2.68,2.31,0.5,9682.819084875659,2388.674572729696,2947.6177000239973,2.40354609929078,0.7340425531914894,4015.5951275689235,0.5964539007092199,-0.0016044458101597734,1035,3389,841,329.64517932323486,-655.3400781162479,7575.167569623292,11576.132508839906,352333.37533131597,22814900.0,0.9999998139925903,0.48892305050583673,0.0284,0.0145,0.00844,1317.56013109487,1.2030778016777963,1.2695950436848367,90866.21593757725,0.0103,0.001462,0,1.6443077979766532,82413.30293065657,1.8332308484824897,0.0,1.492398760921209,2.6,0.0672,208992.29665642764,2.3,233244.69446933118,1.1160444581015978,0.6076012390787908,80,0.662,80,0.0215
2054,2071,2021,1,1,3333,369034,0.268,75618,16415,316041.30953450856,0.9473264484109153,3616.1632674995553,0.14281000000000002,0.04,94,708624.4,2,0,18.489,75,0,40.0,0,0.0,0,318944.4,12000,150,0.0,0,0,0.0,0,0.01811172306511103,0.5,67692.2701762616,66.931875,20,517001.43585,7961822.11209,16.3,0.15,0,0.18,0.05,0.77,0.1,451.33579753245755,892425.0,1.3679166666666667,124.08034460400002,6154.633253047608,1861205.16906,80,0.5,15256.841622292462,0.1,1,2.75,1.2,10,0.2,0.03,0,0.0072801585325555146,61.1,0.65,0.00113,0.029120634130222058,3.91210447011552,368.03693819052324,74.1178855130419,0.1991,160449.56521739133,0.007102812,0.19031843358658013,2.3,0.0016470190157753823,0.006443310453980167,0.7789,0.022,0.9919096705302445,20,80,0.5438685221690183,139037.28,20,1737.9660000000001,1.4,0.8967197946110299,0.034264262633642,0.01,0.1,0.02,16.3,8.361310881924158,67729.375,0.001,4731.8,9,320819.21435824694,4731800.0,10340028.717,0.6,1126246920.0,1854950.0936984557,1117135211.3529027,44685.40845411611,7256758.553398964,1036.3376890109062,0.05,59937500.0,0.6,0.01,1,0.06,0.2,0,3.439,2.68,0.2,2.68,2.31,0.5,9865.728618244519,2451.5338589987778,3003.893209031586,2.40354609929078,0.7340425531914894,4092.2603137531755,0.5964539007092199,0.002612060651966827,1035,3389,841,330.0345858429352,-661.5629403578945,7647.09850413695,11632.272570510857,355679.0001924163,22814900.0,0.9999998171020101,0.48667288698490935,0.0284,0.0145,0.00844,1352.683515031864,1.1704288938590584,1.23099644336935,93288.5182780596,0.0103,0.001462,0,1.6533084520603627,82742.94810997981,1.839981339045272,0.0,1.4827491108423374,2.6,0.0672,214563.59203953703,2.3,235459.4981273796,1.0973879393480332,0.6172508891576625,80,0.662,80,0.0215
2055,2071,2021,1,1,3333,373539,0.268,75621,16524,324483.9148538388,0.9459193475243602,3503.3368584451086,0.14281000000000005,0.04,94,708624.4,2,0,18.489,75,0,40.0,0,0.0,0,318984.4,12000,150,0.0,0,0,0.0,0,0.016855308134111662,0.5,68350.76862685542,66.931875,20,517001.43585,7961822.11209,16.3,0.15,0,0.18,0.05,0.77,0.1,452.61331184423756,892425.0,1.377,124.08034460400002,6154.633253047608,1861205.16906,80,0.5,15256.841622292462,0.1,1,2.75,1.2,10,0.2,0.03,0,0.006664474567055831,61.1,0.65,0.00113,0.026657898268223325,3.91210447011552,373.2951914813267,70.22558835187736,0.1991,162408.26086956522,0.007052718,0.1903907282897975,2.3,0.0016470190157753823,0.006443310453980167,0.7789,0.022,0.9919096705302445,20,80,0.5438900991158631,139037.28,20,1737.9660000000001,1.4,0.8885294701019975,0.03278009987050777,0.01,0.1,0.02,16.3,8.378490599375167,67729.375,0.001,4731.8,9,328603.32122698333,4731800.0,10340028.717,0.6,1142337945.0000002,1881452.3178567733,1133096054.6591468,45323.84218636587,7360438.022996722,1051.1441540641622,0.05,59937500.0,0.6,0.01,1,0.06,0.2,0,3.439,2.68,0.2,2.68,2.31,0.5,10041.848790562204,2562.530325771665,3058.298890950734,2.40354609929078,0.7340425531914894,4166.378199266217,0.5964539007092199,0.018595958716162583,1035,3389,841,330.5026022644015,-667.7448570522843,7718.556143346294,11687.7767434457,359002.6113184323,22814900.0,0.9999998197659932,0.48446800948586444,0.0284,0.0145,0.00844,1385.5039714426457,1.1424570722467158,1.1946200144452963,95551.99803052729,0.0103,0.001462,0,1.6621279620565423,83072.98269582275,1.8465959715424067,0.0,1.473655003611324,2.6,0.0672,219769.59547021275,2.3,237659.7286928022,1.0814040412838375,0.6263449963886759,80,0.662,80,0.0215
2056,2071,2021,1,1,3333,376994,0.268,76204,16505,332232.563210927,0.9446279061315122,3400.306522580626,0.14281000000000002,0.04,94,708624.4,2,0,18.489,75,0,70902.44,0,0.0,0,319024.4,12000,150,70862.44,0,0,0.1,0,0.015633272017695828,0.5,68816.18968554222,66.931875,20,517001.43585,7961822.11209,16.3,0.15,0,0.18,0.05,0.77,0.1,452.6350671688144,892425.0,1.3754166666666667,124.08034460400002,6154.633253047608,1861205.16906,80,0.5,15256.841622292462,0.1,1,2.75,1.2,10,0.2,0.03,0,0.0060658047588479135,61.1,0.65,0.00113,0.024263219035391654,3.91210447011552,377.0116798211886,66.2319794430341,0.1991,163910.4347826087,0.007003325,0.18994041785088886,2.3,0.0016470190157753823,0.006443310453980167,0.7789,0.022,0.9919096705302445,20,80,0.5480832191193614,139037.28,20,1737.9660000000001,1.4,0.8805431994640036,0.03153334622558204,0.01,0.1,0.02,16.3,8.384355984445376,67729.375,0.001,4731.8,9,335886.5485253848,4731800.0,10340028.717,0.6,1153710943.5,1900183.8626526578,1144377041.8542225,45775.081674168905,7433717.783124872,1061.6092366080632,0.05,59937500.0,0.6,0.01,1,0.06,0.2,0,3.439,2.68,0.2,2.68,2.31,0.5,10208.570919386302,2663.8466910261923,3109.8474611239203,2.40354609929078,0.7340425531914894,4236.603787618094,0.5964539007092199,0.032315468475492465,1035,3389,841,331.04181542138423,-673.8856019343519,7789.537871821808,11742.68187674873,362304.08706147945,22814900.0,0.9999998220525781,0.4823084452201165,0.0284,0.0145,0.00844,1416.2125483041814,1.1184479301678882,1.1602798526841054,97669.83091752975,0.0103,0.001462,0,1.670766219119534,83403.48529808715,1.8530746643396505,0.0,1.4650699631710262,2.6,0.0672,224640.6111103184,2.3,239845.3056346994,1.0676845315245076,0.6349300368289736,80,0.662,80,0.0215
2057,2071,2021,1,1,3333,380244,0.268,76904,16914,339551.7235966904,0.9434080460672183,3305.822321667609,0.14281000000000002,0.04000000000000001,94,779486.8400000001,2,0,18.489,75,0,40.0,0,0.0,0,389926.84,12000,150,0.0,0,0,0.0,0,0.014559406296541299,0.5,69312.0508937689,66.931875,20,517001.43585,7961822.11209,16.3,0.15,0,0.18,0.05,0.77,0.1,452.44013523297616,892425.0,1.4095,124.08034460400002,6154.633253047608,1861205.16906,80,0.5,15256.841622292462,0.1,1,2.75,1.2,10,0.2,0.03,0,0.00554104814827065,61.1,0.65,0.00113,0.0221641925930826,3.91210447011552,380.9712393730574,62.646734159932905,0.1991,165323.47826086957,0.00695462,0.1895930209996526,2.3,0.0016470190157753823,0.006443310453980167,0.7789,0.022,0.9919096705302445,20,80,0.5531178400498054,139037.28,20,1737.9660000000001,1.4,1.0665880840512572,0.03047668861477851,0.01,0.1,0.02,16.3,8.399997633098746,67729.375,0.001,4731.8,9,342709.8477029215,4731800.0,10340028.717,0.6,1165827775.5,1920140.5153676134,1156395844.691213,46255.833787648524,7511790.293419593,1072.7587718032523,0.05,59937500.0,0.6,0.01,1,0.06,0.2,0,3.439,2.68,0.2,2.68,2.31,0.5,10365.906343968014,2756.204949354878,3158.4645524172115,2.40354609929078,0.7340425531914894,4302.8357670611285,0.5964539007092199,0.04410156051801346,1035,3389,841,331.64550343286646,-679.9850225639182,7860.041927486148,11797.023911994538,365583.345464472,22814900.0,0.9999998240169268,0.4801941449009716,0.0284,0.0145,0.00844,1444.9819109311898,1.0978222690934767,1.1278079394737335,99653.9248918062,0.0103,0.001462,0,1.6792234203961136,83734.52711350853,1.8594175652970852,0.0,1.4569519848684334,2.6,0.0672,229204.0272511542,2.3,242016.17469748048,1.0558984394819866,0.6430480151315666,80,0.662,80,0.0215
2058,2071,2021,1,1,3333,384403,0.268,77198,16749,346492.341359391,0.9422512764401015,3218.930121646409,0.14281000000000002,0.04,94,779486.8400000001,2,0,18.489,75,0,40.0,0,0.0,0,389966.84,12000,150,0.0,0,0,0.0,0,0.013610442107904169,0.5,69853.23848394695,66.931875,20,517001.43585,7961822.11209,16.3,0.15,0,0.18,0.05,0.77,0.1,453.34747828945444,892425.0,1.39575,124.08034460400002,6154.633253047608,1861205.16906,80,0.5,15256.841622292462,0.1,1,2.75,1.2,10,0.2,0.03,0,0.005078574303952085,61.1,0.65,0.00113,0.02031429721580834,3.91210447011552,385.29273993912483,59.416146855937946,0.1991,167131.73913043478,0.006906587,0.18938611222519033,2.3,0.0016470190157753823,0.006443310453980167,0.7789,0.022,0.9919096705302445,20,80,0.5552323808405918,139037.28,20,1737.9660000000001,1.4,1.0572781638651643,0.02957209395340488,0.01,0.1,0.02,16.3,8.403368339997344,67729.375,0.001,4731.8,9,349109.27787544404,4731800.0,10340028.717,0.6,1179052199.9999998,1941921.3939917989,1169513279.2399597,46780.53116959839,7596999.366048313,1084.9274794653597,0.05,59937500.0,0.6,0.01,1,0.06,0.2,0,3.439,2.68,0.2,2.68,2.31,0.5,10514.808864587094,2840.51579615411,3204.449921109077,2.40354609929078,0.7340425531914894,4365.482501221061,0.5964539007092199,0.054222352227218225,1035,3389,841,332.3078004416765,-686.0430369131349,7930.067362167953,11850.83785113074,368840.34242641646,22814900.0,0.9999998257037254,0.4781249884825323,0.0284,0.0145,0.00844,1471.964096886868,1.0801108836023683,1.0970563038087005,101514.76530254261,0.0103,0.001462,0,1.6875000460698708,84066.1726169414,1.865625034552403,0.0,1.449264075952175,2.6,0.0672,233483.960195848,2.3,244172.30668628772,1.0457776477727818,0.6507359240478249,80,0.662,80,0.0215
2059,2071,2021,1,1,3333,388133,0.268,77911,16847,353146.6719993719,0.9411422213334381,3138.779168942541,0.14281000000000002,0.04,94,779486.8400000001,2,0,18.489,75,0,40.0,0,0.0,0,390006.84,12000,150,0.0,0,0,0.0,0,0.012766119902541468,0.5,70499.75296477981,66.931875,20,517001.43585,7961822.11209,16.3,0.15,0,0.18,0.05,0.77,0.1,453.76482309340787,892425.0,1.4039166666666667,124.08034460400002,6154.633253047608,1861205.16906,80,0.5,15256.841622292462,0.1,1,2.75,1.2,10,0.2,0.03,0,0.004668256701270734,61.1,0.65,0.00113,0.018673026805082937,3.91210447011552,390.4552986259766,56.48878669794461,0.1991,168753.47826086957,0.006859213,0.18947722831257602,2.3,0.0016470190157753823,0.006443310453980167,0.7789,0.022,0.9919096705302445,20,80,0.5603605018740297,139037.28,20,1737.9660000000001,1.4,1.048193957545694,0.028791113530024934,0.01,0.1,0.02,16.3,8.434126188703358,67729.375,0.001,4731.8,9,355117.0940345921,4731800.0,10340028.717,0.6,1194850385.5,1967941.305925046,1185183652.2142406,47407.346088569626,7698791.979834382,1099.4644826401484,0.05,59937500.0,0.6,0.01,1,0.06,0.2,0,3.439,2.68,0.2,2.68,2.31,0.5,10656.104448108845,2917.5669052327635,3248.06390124801,2.40354609929078,0.7340425531914894,4424.898648076999,0.5964539007092199,0.06289835507650271,1035,3389,841,333.02348461982376,-692.0596299739473,7999.614002387021,11904.15775842426,372075.06987846614,22814900.0,0.9999998271497258,0.4761007917459268,0.0284,0.0145,0.00844,1497.2951042458812,1.0649278786161203,1.0678925720340973,103261.73132730216,0.0103,0.001462,0,1.695596833016293,84398.48041738308,1.8716976247622197,0.0,1.4419731430085243,2.6,0.0672,237501.98205279495,2.3,246313.69625954458,1.0371016449234973,0.6580268569914757,80,0.662,80,0.0215
2060,2071,2021,1,1,3333,391298,0.268,78584,16601,359212.9387013551,0.9401311768831075,3064.843082775896,0.14281000000000002,0.04,94,779486.8400000001,2,0,18.489,75,0,40.0,0,0.0,0,390046.84,12000,150,0.0,0,0,0.0,0,0.012010734760574581,0.5,70920.95596827113,66.931875,20,517001.43585,7961822.11209,16.3,0.15,0,0.18,0.05,0.77,0.1,453.5473223163085,892425.0,1.3834166666666667,124.08034460400002,6154.633253047608,1861205.16906,80,0.5,15256.841622292462,0.1,1,2.75,1.2,10,0.2,0.03,0,0.0043022461302872905,61.1,0.65,0.00113,0.017208984521149162,3.91210447011552,393.8186961817449,53.82475583845356,0.1991,170129.56521739133,0.006812485,0.18897763917695806,2.3,0.0016470190157753823,0.006443310453980167,0.7789,0.022,0.9919096705302445,20,80,0.5652009302828709,139037.28,20,1737.9660000000001,1.4,1.0393279389043966,0.028112094376238843,0.01,0.1,0.02,16.3,8.437971315979125,67729.375,0.001,4731.8,9,360762.15773308394,4731800.0,10340028.717,0.6,1205142874.4999998,1984893.2310277047,1195392871.5871665,47815.71486348667,7765109.681805557,1108.9353136586517,0.05,59937500.0,0.6,0.01,1,0.06,0.2,0,3.439,2.68,0.2,2.68,2.31,0.5,10790.501320013609,2988.037777469872,3289.5290744624585,2.40354609929078,0.7340425531914894,4481.387434774943,0.5964539007092199,0.07031232313545693,1035,3389,841,333.78791516593895,-698.034850448425,8068.682411097382,11957.01674967907,375287.55400452943,22814900.0,0.9999998283853871,0.47412131179756206,0.0284,0.0145,0.00844,1521.096623183983,1.0519534345129504,1.0401982838372923,104903.21539199882,0.0103,0.001462,0,1.7035147528097518,84731.5039020029,1.8776360646073138,0.0,1.435049570959323,2.6,0.0672,241277.39540159726,2.3,248440.3607509985,1.029687676864543,0.6649504290406769,80,0.662,80,0.0215
2061,2071,2021,1,1,3333,395339,0.268,78494,17006,365009.864706979,0.9391650225488368,2996.327541188527,0.14281000000000002,0.04,94,779486.8400000001,2,0,18.489,75,0,77988.68400000001,0,0.0,0,390086.84,12000,150,77948.68400000001,0,0,0.1,0,0.011331366797701239,0.5,71408.93789935845,66.931875,20,517001.43585,7961822.11209,16.3,0.15,0,0.18,0.05,0.77,0.1,454.3664051996223,892425.0,1.4171666666666667,124.08034460400002,6154.633253047608,1861205.16906,80,0.5,15256.841622292462,0.1,1,2.75,1.2,10,0.2,0.03,0,0.003974086148850619,61.1,0.65,0.00113,0.015896344595402477,3.91210447011552,397.71533799263847,51.39015283724655,0.1991,171886.52173913046,0.006766389,0.18867401947137394,2.3,0.0016470190157753823,0.006443310453980167,0.7789,0.022,0.9919096705302445,20,80,0.5645536218775281,139037.28,20,1737.9660000000001,1.4,1.0306728290709943,0.027518171773718184,0.01,0.1,0.02,16.3,8.434357854904272,67729.375,0.001,4731.8,9,366071.10180762055,4731800.0,10340028.717,0.6,1217067169.0,2004532.7708189108,1207220694.6159673,48288.82778463869,7841941.613213746,1119.9076817830553,0.05,59937500.0,0.6,0.01,1,0.06,0.2,0,3.439,2.68,0.2,2.68,2.31,0.5,10918.61489415364,3052.528368916789,3329.0387356630254,2.40354609929078,0.7340425531914894,4535.212190613397,0.5964539007092199,0.07661898775113866,1035,3389,841,334.5967845874934,-703.9688074963528,8137.273850092248,12009.446985403489,378477.8534926627,22814900.0,0.999999829436498,0.472186252230944,0.0284,0.0145,0.00844,1543.4809468480657,1.0409167714355074,1.0138641337896257,106446.96185159074,0.0103,0.001462,0,1.711254991076224,85065.29181716885,1.883441243307168,0.0,1.4284660334474064,2.6,0.0672,244828.01225865868,2.3,250552.33901214274,1.0233810122488614,0.6715339665525936,80,0.662,80,0.0215
2062,2071,2021,1,1,3333,398926,0.268,79206,16981,370499.55892147624,0.9382500735130873,2932.724893124158,0.14281000000000002,0.04000000000000001,94,857435.5240000001,2,0,18.489,75,0,40.0,0,0.0,0,468075.52400000003,12000,150,0.0,0,0,0.0,0,0.01071841237305544,0.5,71902.29267591883,66.931875,20,517001.43585,7961822.11209,16.3,0.15,0,0.18,0.05,0.77,0.1,454.68093643494984,892425.0,1.4150833333333332,124.08034460400002,6154.633253047608,1861205.16906,80,0.5,15256.841622292462,0.1,1,2.75,1.2,10,0.2,0.03,0,0.0036789779365277208,61.1,0.65,0.00113,0.014715911746110883,3.91210447011552,401.6548831427338,49.16109530832645,0.1991,173446.08695652176,0.006720913,0.18840045954238818,2.3,0.0016470190157753823,0.006443310453980167,0.7789,0.022,0.9919096705302445,20,80,0.5696745505953511,139037.28,20,1737.9660000000001,1.4,1.2264649782395447,0.026996134932679272,0.01,0.1,0.02,16.3,8.441313927896404,67729.375,0.001,4731.8,9,371067.4412455574,4731800.0,10340028.717,0.6,1229122754.0000005,2024388.5485602082,1219178745.9613671,48767.149838454694,7919619.490073096,1131.000859377339,0.05,59937500.0,0.6,0.01,1,0.06,0.2,0,3.439,2.68,0.2,2.68,2.31,0.5,11040.984180423924,3111.5565324248173,3366.7612946605786,2.40354609929078,0.7340425531914894,4586.602343450643,0.5964539007092199,0.08194729900845547,1035,3389,841,335.4463527768398,-709.8616675460885,8205.390243140268,12061.479643048002,381646.0578204776,22814900.0,0.9999998303245499,0.4702952670111872,0.0284,0.0145,0.00844,1564.5472224660025,1.031592226735203,0.9887935929914213,107899.8084459312,0.0103,0.001462,0,1.7188189319552514,85399.88860175635,1.8891141989664384,0.0,1.4221983982478552,2.6,0.0672,248169.55942564172,2.3,252649.69027715616,1.0180527009915445,0.6778016017521447,80,0.662,80,0.0215
2063,2071,2021,1,1,3333,401786,0.268,79784,17384,375609.4553780124,0.9373984241036646,2873.6051392847558,0.14281000000000002,0.04,94,857435.5240000001,2,0,18.489,75,0,40.0,0,0.0,0,468115.52400000003,12000,150,0.0,0,0,0.0,0,0.010162296592101699,0.5,72307.0261230616,66.931875,20,517001.43585,7961822.11209,16.3,0.15,0,0.18,0.05,0.77,0.1,454.1948260898594,892425.0,1.4486666666666668,124.08034460400002,6154.633253047608,1861205.16906,80,0.5,15256.841622292462,0.1,1,2.75,1.2,10,0.2,0.03,0,0.0034121372960508496,61.1,0.65,0.00113,0.013648549184203398,3.91210447011552,404.8867677104462,47.11000299548993,0.1991,174689.56521739133,0.006676044,0.18791183929058392,2.3,0.0016470190157753823,0.006443310453980167,0.7789,0.022,0.9919096705302445,20,80,0.5738317090207748,139037.28,20,1737.9660000000001,1.4,1.2165408236483966,0.026535405391187553,0.01,0.1,0.02,16.3,8.448665707615497,67729.375,0.001,4731.8,9,375772.60425495077,4731800.0,10340028.717,0.6,1239012794.0,2040677.6325069866,1228988772.2792976,49159.55089117191,7983344.088195375,1140.1013692351817,0.05,59937500.0,0.6,0.01,1,0.06,0.2,0,3.439,2.68,0.2,2.68,2.31,0.5,11158.088991788993,3165.5819371011576,3402.8476305783925,2.40354609929078,0.7340425531914894,4635.76343875897,0.5964539007092199,0.08640707330730783,1035,3389,841,336.33322475690534,-715.7136511282812,8273.034139386044,12113.144928535128,384792.2855528392,22814900.0,0.9999998310678455,0.46844796552254875,0.0284,0.0145,0.00844,1584.3857986905457,1.0237876217122113,0.9648986959066568,109267.98611658935,0.0103,0.001462,0,1.726208137909805,85735.33495453319,1.8946561034323537,0.0,1.4162246739766642,2.6,0.0672,251316.36806815548,2.3,254732.49303597957,1.0135929266926922,0.6837753260233358,80,0.662,80,0.0215
2064,2071,2021,1,1,3333,405831,0.268,80324,17270,380651.7328172287,0.9365580445304619,2818.3946387561027,0.14281000000000005,0.04,94,857435.5240000001,2,0,18.489,75,0,40.0,0,0.0,0,468155.52400000003,12000,150,0.0,0,0,0.0,0,0.009655922532799491,0.5,72915.67824997441,66.931875,20,517001.43585,7961822.11209,16.3,0.15,0,0.18,0.05,0.77,0.1,455.0702992329043,892425.0,1.4391666666666667,124.08034460400002,6154.633253047608,1861205.16906,80,0.5,15256.841622292462,0.1,1,2.75,1.2,10,0.2,0.03,0,0.0031700187663997455,61.1,0.65,0.00113,0.012680075065598982,3.91210447011552,409.7469872696687,45.21746318448519,0.1991,176448.26086956525,0.00663177,0.18796736903445488,2.3,0.0016470190157753823,0.006443310453980167,0.7789,0.022,0.9919096705302445,20,80,0.5777155594528316,139037.28,20,1737.9660000000001,1.4,1.2068455544436698,0.026127443223731135,0.01,0.1,0.02,16.3,8.464862220973753,67729.375,0.001,4731.8,9,380206.22956725425,4731800.0,10340028.717,0.6,1253885777.4999998,2065173.7191527996,1243741428.4425843,49749.657137703376,8079175.338262797,1153.7870300573104,0.05,59937500.0,0.6,0.01,1,0.06,0.2,0,3.439,2.68,0.2,2.68,2.31,0.5,11270.346991092358,3215.01033532834,3437.4283774580604,2.40354609929078,0.7340425531914894,4682.873441754459,0.5964539007092199,0.09009259159227226,1035,3389,841,337.25429666465,-721.5250298049998,8340.208677853489,12164.472068658186,387916.68269086,22814900.0,0.9999998316820986,0.46664391643634867,0.0284,0.0145,0.00844,1603.0794791291617,1.0173379647135237,0.9420988229765823,110557.20545718356,0.0103,0.001462,0,1.7334243342546054,86071.66817929009,1.900068250690954,0.0,1.4105247057441455,2.6,0.0672,254281.57255152217,2.3,256800.84394134933,1.0099074084077277,0.6894752942558544,80,0.662,80,0.0215
2065,2071,2021,1,1,3333,408959,0.268,81235,17472,385206.44793055457,0.9357989253449076,2766.948450907937,0.14281,0.04000000000000001,94,857435.5240000001,2,0,18.489,75,0,40.0,0,0.0,0,468195.52400000003,12000,150,0.0,0,0,0.0,0,0.009193385623294553,0.5,73290.92452934322,66.931875,20,517001.43585,7961822.11209,16.3,0.15,0,0.18,0.05,0.77,0.1,454.9374053877808,892425.0,1.456,124.08034460400002,6154.633253047608,1861205.16906,80,0.5,15256.841622292462,0.1,1,2.75,1.2,10,0.2,0.03,0,0.0029496730616472766,61.1,0.65,0.00113,0.011798692246589106,3.91210447011552,412.7434103919607,43.46716295109543,0.1991,177808.26086956525,0.006588079,0.18743550980712764,2.3,0.0016470190157753823,0.006443310453980167,0.7789,0.022,0.9919096705302445,20,80,0.5842677589780237,139037.28,20,1737.9660000000001,1.4,1.1973715339778601,0.02576532413909749,0.01,0.1,0.02,16.3,8.461546022950959,67729.375,0.001,4731.8,9,384385.69840121135,4731800.0,10340028.717,0.6,1263055271.0000005,2080276.0493123296,1252836737.719099,50113.46950876397,8138257.231589056,1162.224515243233,0.05,59937500.0,0.6,0.01,1,0.06,0.2,0,3.439,2.68,0.2,2.68,2.31,0.5,11378.130774033532,3260.195740077437,3470.6199195828426,2.40354609929078,0.7340425531914894,4728.090904938945,0.5964539007092199,0.09308354804665112,1035,3389,841,338.2068863775079,-727.2961231564592,8406.917552614983,12215.48930433779,391019.4210518597,22814900.0,0.9999998321805913,0.46488265126267464,0.0284,0.0145,0.00844,1620.7015489437524,1.0121037909183606,0.9203226054164216,111772.5206168105,0.0103,0.001462,0,1.7404693949493015,86408.92247595474,1.9053520462119762,0.0,1.4050806513541052,2.6,0.0672,257076.79741866415,2.3,258854.85673633113,1.006916451953349,0.6949193486458946,80,0.662,80,0.0215
2066,2071,2021,1,1,3333,412590,0.268,81568,17381,389613.9584678753,0.9350643402553541,2718.7657191553476,0.14281000000000002,0.04,94,857435.5240000001,2,0,18.489,75,0,85783.55240000002,0,0.0,0,468235.52400000003,12000,150,85743.55240000002,0,0,0.1,0,0.008768798193831386,0.5,73756.49197080909,66.931875,20,517001.43585,7961822.11209,16.3,0.15,0,0.18,0.05,0.77,0.1,455.3862960239037,892425.0,1.4484166666666667,124.08034460400002,6154.633253047608,1861205.16906,80,0.5,15256.841622292462,0.1,1,2.75,1.2,10,0.2,0.03,0,0.0027481590969156934,61.1,0.65,0.00113,0.010992636387662773,3.91210447011552,416.46106763013813,41.84082976747577,0.1991,179386.95652173914,0.00654496,0.18715138692235758,2.3,0.0016470190157753823,0.006443310453980167,0.7789,0.022,0.9919096705302445,20,80,0.5866628000777921,139037.28,20,1737.9660000000001,1.4,1.1881113835728372,0.025443263328607774,0.01,0.1,0.02,16.3,8.462624154729875,67729.375,0.001,4731.8,9,388327.6414970662,4731800.0,10340028.717,0.6,1274431846.4999998,2099013.4854952325,1264121272.975066,50564.850919002645,8211560.039438696,1172.6928892322403,0.05,59937500.0,0.6,0.01,1,0.06,0.2,0,3.439,2.68,0.2,2.68,2.31,0.5,11481.77278232729,3301.463295612418,3502.5266668554555,2.40354609929078,0.7340425531914894,4771.558067890041,0.5964539007092199,0.09545076620229667,1035,3389,841,339.09784065959593,-733.0272958255925,8473.164978629158,12266.223908545162,394100.696680426,22814900.0,0.9999998325751277,0.46316366851226415,0.0284,0.0145,0.00844,1637.3221290222332,1.007961159145981,0.8995017728785039,112918.7675187747,0.0103,0.001462,0,1.7473453259509435,86747.12936233224,1.9105089944632074,0.0,1.3995017728785037,2.6,0.0672,259713.16529318178,2.3,260894.66120244205,1.0045492337977033,0.700124556780374,80,0.662,80,0.0215
2067,2071,2021,1,1,3333,415865,0.268,82533,17782,393877.09100352053,0.93435381816608,2673.5675608829997,0.14281,0.04,94,943179.0764000001,2,0,18.489,75,0,40.0,0,0.0,0,554019.0764,12000,150,0.0,0,0,0.0,0,0.00837878913901076,0.5,74300.53999998655,66.931875,20,517001.43585,7961822.11209,16.3,0.15,0,0.18,0.05,0.77,0.1,455.4628810680568,892425.0,1.4818333333333333,124.08034460400002,6154.633253047608,1861205.16906,80,0.5,15256.841622292462,0.1,1,2.75,1.2,10,0.2,0.03,0,0.0025637940695053805,61.1,0.65,0.00113,0.010255176278021522,3.91210447011552,420.80540942349813,40.33045440541917,0.1991,180810.8695652174,0.006502402,0.18707927220122086,2.3,0.0016470190157753823,0.006443310453980167,0.7789,0.022,0.9919096705302445,20,80,0.5936033846461899,139037.28,20,1737.9660000000001,1.4,1.3949492910619943,0.02515652131336164,0.01,0.1,0.02,16.3,8.483562935087107,67729.375,0.001,4731.8,9,392046.726003534,4731800.0,10340028.717,0.6,1287726168.5,2120909.486631074,1277308039.530009,51092.32158120036,8297219.483359875,1184.9259144186237,0.05,59937500.0,0.6,0.01,1,0.06,0.2,0,3.439,2.68,0.2,2.68,2.31,0.5,11581.566708343244,3339.0944222238,3533.239616365624,2.40354609929078,0.7340425531914894,4813.3988976575165,0.5964539007092199,0.09725432776293111,1035,3389,841,336.46090046681246,-738.7189546650008,8538.955658762103,12316.68999672745,397160.7283145164,22814900.0,0.9999998328757213,0.46148598010005953,0.0284,0.0145,0.00844,1653.0030610791632,1.0048049264148706,0.879577370060448,114000.21110890781,0.0103,0.001462,0,1.754056079599762,87086.22720299184,1.9155420596998214,0.0,1.379577370060448,2.6,0.0672,262200.48555048794,2.3,262920.4021442099,1.002745672237069,0.705105657484888,80,0.662,80,0.0215
2068,2071,2021,1,1,3333,418923,0.268,82903,17612,397690.1876405892,0.9337183020599018,2631.398186124925,0.14281000000000002,0.04,94,943179.0764000001,2,0,18.489,75,0,40.0,0,0.0,0,554059.0764,12000,150,0.0,0,0,0.0,0,0.008018788010583372,0.5,74603.91532222985,66.931875,20,517001.43585,7961822.11209,16.3,0.15,0,0.18,0.05,0.77,0.1,455.3264654767014,892425.0,1.4676666666666667,124.08034460400002,6154.633253047608,1861205.16906,80,0.5,15256.841622292462,0.1,1,2.75,1.2,10,0.2,0.03,0,0.002394295505291686,61.1,0.65,0.00113,0.009577182021166744,3.91210447011552,423.2279273278239,38.92102673493886,0.1991,182140.4347826087,0.006460394,0.18641669940339053,2.3,0.0016470190157753823,0.006443310453980167,0.7789,0.022,0.9919096705302445,20,80,0.5962645414237102,139037.28,20,1737.9660000000001,1.4,1.3844563499230012,0.024901098187248186,0.01,0.1,0.02,16.3,8.470117897561126,67729.375,0.001,4731.8,9,395556.44731835934,4731800.0,10340028.717,0.6,1295139428.0,2133119.2659964515,1284661323.3182094,51386.45293272838,8344985.415794293,1191.7473672295832,0.05,59937500.0,0.6,0.01,1,0.06,0.2,0,3.439,2.68,0.2,2.68,2.31,0.5,11677.78351353558,3373.3451982056063,3562.8438860887504,2.40354609929078,0.7340425531914894,4853.7293520629355,0.5964539007092199,0.09854677887582222,1035,3389,841,333.9641622834701,-744.3715232779394,8604.29448950306,12366.431304895543,400199.7436978168,22814900.0,0.9999998330911298,0.45983114428157074,0.0284,0.0145,0.00844,1667.801246326319,1.0025431369673112,0.8605438381104237,115020.77560871164,0.0103,0.001462,0,1.7606754228737171,87422.68810345865,1.9205065671552877,0.0,1.3605438381104236,2.6,0.0672,264547.78390003677,2.3,264932.23032795475,1.0014532211241778,0.709864040472394,80,0.662,80,0.0215
2069,2071,2021,1,1,3333,422821,0.268,83026,17751,401613.2725171314,0.9330644545804782,2591.741127994634,0.14281000000000002,0.04000000000000001,94,943179.0764000001,2,0,18.489,75,0,40.0,0,0.0,0,554099.0764,12000,150,0.0,0,0,0.0,0,0.007685614797775434,0.5,75213.19032280469,66.931875,20,517001.43585,7961822.11209,16.3,0.15,0,0.18,0.05,0.77,0.1,456.1218530713578,892425.0,1.47925,124.08034460400002,6154.633253047608,1861205.16906,80,0.5,15256.841622292462,0.1,1,2.75,1.2,10,0.2,0.03,0,0.002238075898887717,61.1,0.65,0.00113,0.008952303595550867,3.91210447011552,428.09312066865544,37.60302615163052,0.1991,183835.21739130435,0.006418926,0.18653255041234537,2.3,0.0016470190157753823,0.006443310453980167,0.7789,0.022,0.9919096705302445,20,80,0.5971491962443454,139037.28,20,1737.9660000000001,1.4,1.3741939872304414,0.024673501379364374,0.01,0.1,0.02,16.3,8.488501753697191,67729.375,0.001,4731.8,9,398870.2571943267,4731800.0,10340028.717,0.6,1310027632.0,2157640.4210951948,1299429076.8426363,51977.163073705466,8440914.736268483,1205.4470334865023,0.05,59937500.0,0.6,0.01,1,0.06,0.2,0,3.439,2.68,0.2,2.68,2.31,0.5,11770.66085604766,3404.4620870166896,3591.4135759260994,2.40354609929078,0.7340425531914894,4892.6503787978745,0.5964539007092199,0.099377974335399,1035,3389,841,331.598472642511,-749.9845667212725,8669.176443283523,12415.476548744833,403217.5089899313,22814900.0,0.9999998332296623,0.4581997110766033,0.0284,0.0145,0.00844,1681.7734019533987,1.0010885449130518,0.8423443477481488,115984.37254851025,0.0103,0.001462,0,1.767201155693587,87756.65226574213,1.92540086677019,0.0,1.3423443477481487,2.6,0.0672,266764.05686157354,2.3,266929.99095133453,1.000622025664601,0.7144139130629628,80,0.662,80,0.0215
2070,2071,2021,1,1,3333,425910,0.268,83953,18036,405108.7996685255,0.9324818667219125,2554.637746276148,0.14281000000000002,0.04000000000000001,94,943179.0764000001,2,0,18.489,75,0,40.0,0,0.0,0,554139.0764,12000,150,0.0,0,0,0.0,0,0.007377788175041499,0.5,75579.33846434297,66.931875,20,517001.43585,7961822.11209,16.3,0.15,0,0.18,0.05,0.77,0.1,456.0636533838333,892425.0,1.503,124.08034460400002,6154.633253047608,1861205.16906,80,0.5,15256.841622292462,0.1,1,2.75,1.2,10,0.2,0.03,0,0.0020943975875207495,61.1,0.65,0.00113,0.008377590350082998,3.91210447011552,431.0168931823631,36.374365270994545,0.1991,185178.26086956525,0.006377986,0.18605801649423787,2.3,0.0016470190157753823,0.006443310453980167,0.7789,0.022,0.9919096705302445,20,80,0.6038164728193762,139037.28,20,1737.9660000000001,1.4,1.3641561240387767,0.02447084094110088,0.01,0.1,0.02,16.3,8.48449108966683,67729.375,0.001,4731.8,9,401999.6362041825,4731800.0,10340028.717,0.6,1318974803.9999998,2172376.5835166075,1308303863.2733335,52332.15453093335,8498564.14314964,1213.6799452832004,0.05,59937500.0,0.6,0.01,1,0.06,0.2,0,3.439,2.68,0.2,2.68,2.31,0.5,11860.417250818662,3432.6568589195795,3619.015797250169,2.40354609929078,0.7340425531914894,4930.253404949505,0.5964539007092199,0.09978959368673115,1035,3389,841,329.35630213624773,-755.5577136233289,8733.597227366434,12463.853732578214,406213.82452867134,22814900.0,0.9999998332982656,0.4565921531885379,0.0284,0.0145,0.00844,1694.9679339809966,1.0003682110482206,0.8249302375141003,116894.34027455148,0.0103,0.001462,0,1.7736313872458485,88088.25073838464,1.9302235404343864,0.0,1.3249302375141,2.6,0.0672,268856.9826314684,2.3,268913.55183798046,1.0002104063132689,0.7187674406214749,80,0.662,80,0.0215
2071,2071,2021,1,1,3333,428896,0.268,84565,17887,408397.87246178824,0.9319336879230353,2519.780501938575,0.14281000000000002,0.04,94,943179.0764000001,2,0,18.489,75,0,94357.90764000002,0,0.0,0,554179.0764,12000,150,94317.90764000002,0,0,0.1,0,0.007091585658936933,0.5,75912.00677312272,66.931875,20,517001.43585,7961822.11209,16.3,0.15,0,0.18,0.05,0.77,0.1,455.92095356280885,892425.0,1.4905833333333334,124.08034460400002,6154.633253047608,1861205.16906,80,0.5,15256.841622292462,0.1,1,2.75,1.2,10,0.2,0.03,0,0.0019614015794684665,61.1,0.65,0.00113,0.007845606317873866,3.91210447011552,433.67332195271115,35.221266268573615,0.1991,186476.52173913046,0.006337565,0.1855184161988547,2.3,0.0016470190157753823,0.006443310453980167,0.7789,0.022,0.9919096705302445,20,80,0.6082181699757072,139037.28,20,1737.9660000000001,1.4,1.3543368027608644,0.02429053966297602,0.01,0.1,0.02,16.3,8.47734882115944,67729.375,0.001,4731.8,9,404956.0406886655,4731800.0,10340028.717,0.6,1327103864.9999998,2185765.301564005,1316367157.4915638,52654.68629966256,8550942.206871983,1221.160056563388,0.05,59937500.0,0.6,0.01,1,0.06,0.2,0,3.439,2.68,0.2,2.68,2.31,0.5,11947.260355295888,3458.1364253522106,3645.7161292044093,2.40354609929078,0.7340425531914894,4966.6277702205,0.5964539007092199,0.09982063109421394,1035,3389,841,327.22982361349057,-761.0906533756834,8797.553251385583,12511.590276872368,409188.52332025976,22814900.0,0.9999998333034386,0.45500887621597463,0.0284,0.0145,0.00844,1707.433146259276,1.0003138955851256,0.8082530503855982,117754.01008684663,0.0103,0.001462,0,1.7799644951361016,88417.60704052089,1.934973371352076,0.0,1.308253050385598,2.6,0.0672,270834.2231997472,2.3,270882.802438012,1.000179368905786,0.7229367374036004,80,0.662,80,0.0215
